/tmp/w3a/smali/aoc/kingdoms/lukasz/animation/AnimationData_Images.smali	0
/tmp/w3a/smali/aoc/kingdoms/lukasz/animation/AnimationData_Type.smali	0
/tmp/w3a/smali/aoc/kingdoms/lukasz/animation/AnimationOnce_Images$1.smali	0
/tmp/w3a/smali/aoc/kingdoms/lukasz/animation/AnimationOnce_Images.smali	0
/tmp/w3a/smali/aoc/kingdoms/lukasz/events/Event.smali	0
/tmp/w3a/smali/aoc/kingdoms/lukasz/events/EventOption.smali	0
/tmp/w3a/smali/aoc/kingdoms/lukasz/events/EventsManager$1.smali	0
/tmp/w3a/smali/aoc/kingdoms/lukasz/events/EventsManager$10.smali	0
/tmp/w3a/smali/aoc/kingdoms/lukasz/events/EventsManager$2.smali	0
/tmp/w3a/smali/aoc/kingdoms/lukasz/events/EventsManager$3.smali	0
/tmp/w3a/smali/aoc/kingdoms/lukasz/events/EventsManager$4.smali	0
/tmp/w3a/smali/aoc/kingdoms/lukasz/events/EventsManager$5.smali	0
/tmp/w3a/smali/aoc/kingdoms/lukasz/events/EventsManager$6.smali	0
/tmp/w3a/smali/aoc/kingdoms/lukasz/events/EventsManager$7.smali	0
/tmp/w3a/smali/aoc/kingdoms/lukasz/events/EventsManager$8.smali	0
/tmp/w3a/smali/aoc/kingdoms/lukasz/events/EventsManager$9.smali	0
/tmp/w3a/smali/aoc/kingdoms/lukasz/events/EventsManager$Event_ExactDate.smali	0
/tmp/w3a/smali/aoc/kingdoms/lukasz/events/EventsManager.smali	0
/tmp/w3a/smali/aoc/kingdoms/lukasz/events/outcome/EventOutcome.smali	0
/tmp/w3a/smali/aoc/kingdoms/lukasz/events/outcome/EventOutcome_AI_Aggression.smali	0
/tmp/w3a/smali/aoc/kingdoms/lukasz/events/outcome/EventOutcome_AddAdvisor.smali	0
/tmp/w3a/smali/aoc/kingdoms/lukasz/events/outcome/EventOutcome_AddAdvisor_Character.smali	0
/tmp/w3a/smali/aoc/kingdoms/lukasz/events/outcome/EventOutcome_AddArmy.smali	0
/tmp/w3a/smali/aoc/kingdoms/lukasz/events/outcome/EventOutcome_AddGeneral.smali	0
/tmp/w3a/smali/aoc/kingdoms/lukasz/events/outcome/EventOutcome_AddGeneral_Character.smali	0
/tmp/w3a/smali/aoc/kingdoms/lukasz/events/outcome/EventOutcome_AddGeneral_CharacterAttackDefense.smali	0
/tmp/w3a/smali/aoc/kingdoms/lukasz/events/outcome/EventOutcome_AddRuler.smali	0
/tmp/w3a/smali/aoc/kingdoms/lukasz/events/outcome/EventOutcome_AddTruce.smali	0
/tmp/w3a/smali/aoc/kingdoms/lukasz/events/outcome/EventOutcome_AddVariable.smali	0
/tmp/w3a/smali/aoc/kingdoms/lukasz/events/outcome/EventOutcome_AddVariable_Civ.smali	0
/tmp/w3a/smali/aoc/kingdoms/lukasz/events/outcome/EventOutcome_Add_Counter.smali	0
/tmp/w3a/smali/aoc/kingdoms/lukasz/events/outcome/EventOutcome_AdvantagePoints.smali	0
/tmp/w3a/smali/aoc/kingdoms/lukasz/events/outcome/EventOutcome_AggressiveExpansion_Set.smali	0
/tmp/w3a/smali/aoc/kingdoms/lukasz/events/outcome/EventOutcome_Alliance.smali	0
/tmp/w3a/smali/aoc/kingdoms/lukasz/events/outcome/EventOutcome_AnnexCivilization.smali	0
/tmp/w3a/smali/aoc/kingdoms/lukasz/events/outcome/EventOutcome_AnnexProvinces.smali	0
/tmp/w3a/smali/aoc/kingdoms/lukasz/events/outcome/EventOutcome_AnnexProvincesFromCiv.smali	0
/tmp/w3a/smali/aoc/kingdoms/lukasz/events/outcome/EventOutcome_AnnexedByCivilization.smali	0
/tmp/w3a/smali/aoc/kingdoms/lukasz/events/outcome/EventOutcome_AnnexedProvincesByCivFromCiv.smali	0
/tmp/w3a/smali/aoc/kingdoms/lukasz/events/outcome/EventOutcome_CapitalCityLevel.smali	0
/tmp/w3a/smali/aoc/kingdoms/lukasz/events/outcome/EventOutcome_ChangeIdeology.smali	0
/tmp/w3a/smali/aoc/kingdoms/lukasz/events/outcome/EventOutcome_ChangeIdeologyCiv.smali	0
/tmp/w3a/smali/aoc/kingdoms/lukasz/events/outcome/EventOutcome_ChangeReligion.smali	0
/tmp/w3a/smali/aoc/kingdoms/lukasz/events/outcome/EventOutcome_ChangeReligionCiv.smali	0
/tmp/w3a/smali/aoc/kingdoms/lukasz/events/outcome/EventOutcome_DeclareWar.smali	0
/tmp/w3a/smali/aoc/kingdoms/lukasz/events/outcome/EventOutcome_DeclareWar2.smali	0
/tmp/w3a/smali/aoc/kingdoms/lukasz/events/outcome/EventOutcome_DefensivePact.smali	0
/tmp/w3a/smali/aoc/kingdoms/lukasz/events/outcome/EventOutcome_Div_Counter.smali	0
/tmp/w3a/smali/aoc/kingdoms/lukasz/events/outcome/EventOutcome_Explode$ExplodeProvince.smali	0
/tmp/w3a/smali/aoc/kingdoms/lukasz/events/outcome/EventOutcome_Explode.smali	0
/tmp/w3a/smali/aoc/kingdoms/lukasz/events/outcome/EventOutcome_Gold.smali	0
/tmp/w3a/smali/aoc/kingdoms/lukasz/events/outcome/EventOutcome_Gold_MonthlyIncome.smali	0
/tmp/w3a/smali/aoc/kingdoms/lukasz/events/outcome/EventOutcome_Guarantee.smali	0
/tmp/w3a/smali/aoc/kingdoms/lukasz/events/outcome/EventOutcome_Inflation.smali	0
/tmp/w3a/smali/aoc/kingdoms/lukasz/events/outcome/EventOutcome_JoinAllianceSpecialFirstTier.smali	0
/tmp/w3a/smali/aoc/kingdoms/lukasz/events/outcome/EventOutcome_JoinAllianceSpecialSecondTier.smali	0
/tmp/w3a/smali/aoc/kingdoms/lukasz/events/outcome/EventOutcome_KillAdvisor.smali	0
/tmp/w3a/smali/aoc/kingdoms/lukasz/events/outcome/EventOutcome_KillRuler.smali	0
/tmp/w3a/smali/aoc/kingdoms/lukasz/events/outcome/EventOutcome_KillRuler_Chance.smali	0
/tmp/w3a/smali/aoc/kingdoms/lukasz/events/outcome/EventOutcome_LeaveAllianceSpecial.smali	0
/tmp/w3a/smali/aoc/kingdoms/lukasz/events/outcome/EventOutcome_Legacy.smali	0
/tmp/w3a/smali/aoc/kingdoms/lukasz/events/outcome/EventOutcome_Manpower.smali	0
/tmp/w3a/smali/aoc/kingdoms/lukasz/events/outcome/EventOutcome_MilitaryAcademy.smali	0
/tmp/w3a/smali/aoc/kingdoms/lukasz/events/outcome/EventOutcome_MilitaryAcademyForGenerals.smali	0
/tmp/w3a/smali/aoc/kingdoms/lukasz/events/outcome/EventOutcome_MilitaryAccess.smali	0
/tmp/w3a/smali/aoc/kingdoms/lukasz/events/outcome/EventOutcome_MoveCapital.smali	0
/tmp/w3a/smali/aoc/kingdoms/lukasz/events/outcome/EventOutcome_Mul_Counter.smali	0
/tmp/w3a/smali/aoc/kingdoms/lukasz/events/outcome/EventOutcome_NonAggressionPact.smali	0
/tmp/w3a/smali/aoc/kingdoms/lukasz/events/outcome/EventOutcome_NuclearReactor.smali	0
/tmp/w3a/smali/aoc/kingdoms/lukasz/events/outcome/EventOutcome_PlayMusic.smali	0
/tmp/w3a/smali/aoc/kingdoms/lukasz/events/outcome/EventOutcome_PlayerChangeCiv.smali	0
/tmp/w3a/smali/aoc/kingdoms/lukasz/events/outcome/EventOutcome_PromoteAdvisor.smali	0
/tmp/w3a/smali/aoc/kingdoms/lukasz/events/outcome/EventOutcome_RelationChange.smali	0
/tmp/w3a/smali/aoc/kingdoms/lukasz/events/outcome/EventOutcome_RelationSet.smali	0
/tmp/w3a/smali/aoc/kingdoms/lukasz/events/outcome/EventOutcome_RemoveAlliance.smali	0
/tmp/w3a/smali/aoc/kingdoms/lukasz/events/outcome/EventOutcome_Research.smali	0
/tmp/w3a/smali/aoc/kingdoms/lukasz/events/outcome/EventOutcome_Resource_PriceChange.smali	0
/tmp/w3a/smali/aoc/kingdoms/lukasz/events/outcome/EventOutcome_Resource_PriceChangeDown.smali	0
/tmp/w3a/smali/aoc/kingdoms/lukasz/events/outcome/EventOutcome_Resource_PriceChangeGroup.smali	0
/tmp/w3a/smali/aoc/kingdoms/lukasz/events/outcome/EventOutcome_Resource_PriceChangeGroupDown.smali	0
/tmp/w3a/smali/aoc/kingdoms/lukasz/events/outcome/EventOutcome_Resource_PriceChangeGroupUp.smali	0
/tmp/w3a/smali/aoc/kingdoms/lukasz/events/outcome/EventOutcome_Resource_PriceChangeRandom.smali	0
/tmp/w3a/smali/aoc/kingdoms/lukasz/events/outcome/EventOutcome_Resource_PriceChangeRandomDown.smali	0
/tmp/w3a/smali/aoc/kingdoms/lukasz/events/outcome/EventOutcome_Resource_PriceChangeRandomUp.smali	0
/tmp/w3a/smali/aoc/kingdoms/lukasz/events/outcome/EventOutcome_Resource_PriceChangeUp.smali	0
/tmp/w3a/smali/aoc/kingdoms/lukasz/events/outcome/EventOutcome_RunEvent.smali	0
/tmp/w3a/smali/aoc/kingdoms/lukasz/events/outcome/EventOutcome_SetCiv$1.smali	0
/tmp/w3a/smali/aoc/kingdoms/lukasz/events/outcome/EventOutcome_SetCiv.smali	0
/tmp/w3a/smali/aoc/kingdoms/lukasz/events/outcome/EventOutcome_SetCiv2$1.smali	0
/tmp/w3a/smali/aoc/kingdoms/lukasz/events/outcome/EventOutcome_SetCiv2.smali	0
/tmp/w3a/smali/aoc/kingdoms/lukasz/events/outcome/EventOutcome_SetCiv_Reset$1.smali	0
/tmp/w3a/smali/aoc/kingdoms/lukasz/events/outcome/EventOutcome_SetCiv_Reset.smali	0
/tmp/w3a/smali/aoc/kingdoms/lukasz/events/outcome/EventOutcome_SetCiv_Reset2$1.smali	0
/tmp/w3a/smali/aoc/kingdoms/lukasz/events/outcome/EventOutcome_SetCiv_Reset2.smali	0
/tmp/w3a/smali/aoc/kingdoms/lukasz/events/outcome/EventOutcome_Set_Counter$$ExternalSyntheticLambda0.smali	0
/tmp/w3a/smali/aoc/kingdoms/lukasz/events/outcome/EventOutcome_Set_Counter.smali	0
/tmp/w3a/smali/aoc/kingdoms/lukasz/events/outcome/EventOutcome_Sub_Counter.smali	0
/tmp/w3a/smali/aoc/kingdoms/lukasz/events/outcome/EventOutcome_SupremeCourt.smali	0
/tmp/w3a/smali/aoc/kingdoms/lukasz/events/outcome/EventOutcome_Vassalize.smali	0
/tmp/w3a/smali/aoc/kingdoms/lukasz/events/outcome/EventOutcome_WhitePeace.smali	0
/tmp/w3a/smali/aoc/kingdoms/lukasz/events/outcome/Oac/wzxM.smali	0
/tmp/w3a/smali/aoc/kingdoms/lukasz/events/outcome/civilizationBonus/EventOutcome_BonusAdministrationBuildingsCost.smali	0
/tmp/w3a/smali/aoc/kingdoms/lukasz/events/outcome/civilizationBonus/EventOutcome_BonusAdvisorCost.smali	0
/tmp/w3a/smali/aoc/kingdoms/lukasz/events/outcome/civilizationBonus/EventOutcome_BonusAdvisorMaxLevel.smali	0
/tmp/w3a/smali/aoc/kingdoms/lukasz/events/outcome/civilizationBonus/EventOutcome_BonusAggressiveExpansion.smali	0
/tmp/w3a/smali/aoc/kingdoms/lukasz/events/outcome/civilizationBonus/EventOutcome_BonusAllCharactersLifeExpectancy.smali	0
/tmp/w3a/smali/aoc/kingdoms/lukasz/events/outcome/civilizationBonus/EventOutcome_BonusArmyMaintenance.smali	0
/tmp/w3a/smali/aoc/kingdoms/lukasz/events/outcome/civilizationBonus/EventOutcome_BonusArmyMoraleRecovery.smali	0
/tmp/w3a/smali/aoc/kingdoms/lukasz/events/outcome/civilizationBonus/EventOutcome_BonusArmyMovementSpeed.smali	0
/tmp/w3a/smali/aoc/kingdoms/lukasz/events/outcome/civilizationBonus/EventOutcome_BonusBattleWidth.smali	0
/tmp/w3a/smali/aoc/kingdoms/lukasz/events/outcome/civilizationBonus/EventOutcome_BonusBuildingsMaintenanceCost.smali	0
/tmp/w3a/smali/aoc/kingdoms/lukasz/events/outcome/civilizationBonus/EventOutcome_BonusConstructionCost.smali	0
/tmp/w3a/smali/aoc/kingdoms/lukasz/events/outcome/civilizationBonus/EventOutcome_BonusConstructionTime.smali	0
/tmp/w3a/smali/aoc/kingdoms/lukasz/events/outcome/civilizationBonus/EventOutcome_BonusCoreCost.smali	0
/tmp/w3a/smali/aoc/kingdoms/lukasz/events/outcome/civilizationBonus/EventOutcome_BonusCorruption.smali	0
/tmp/w3a/smali/aoc/kingdoms/lukasz/events/outcome/civilizationBonus/EventOutcome_BonusDevelopInfrastructureCost.smali	0
/tmp/w3a/smali/aoc/kingdoms/lukasz/events/outcome/civilizationBonus/EventOutcome_BonusDiplomacyPoints.smali	0
/tmp/w3a/smali/aoc/kingdoms/lukasz/events/outcome/civilizationBonus/EventOutcome_BonusDiscipline.smali	0
/tmp/w3a/smali/aoc/kingdoms/lukasz/events/outcome/civilizationBonus/EventOutcome_BonusDiseaseDeathRate.smali	0
/tmp/w3a/smali/aoc/kingdoms/lukasz/events/outcome/civilizationBonus/EventOutcome_BonusEconomyBuildingsCost.smali	0
/tmp/w3a/smali/aoc/kingdoms/lukasz/events/outcome/civilizationBonus/EventOutcome_BonusGeneralAttack.smali	0
/tmp/w3a/smali/aoc/kingdoms/lukasz/events/outcome/civilizationBonus/EventOutcome_BonusGeneralCost.smali	0
/tmp/w3a/smali/aoc/kingdoms/lukasz/events/outcome/civilizationBonus/EventOutcome_BonusGeneralDefense.smali	0
/tmp/w3a/smali/aoc/kingdoms/lukasz/events/outcome/civilizationBonus/EventOutcome_BonusGrowthRate.smali	0
/tmp/w3a/smali/aoc/kingdoms/lukasz/events/outcome/civilizationBonus/EventOutcome_BonusImproveRelationsModifier.smali	0
/tmp/w3a/smali/aoc/kingdoms/lukasz/events/outcome/civilizationBonus/EventOutcome_BonusIncomeEconomy.smali	0
/tmp/w3a/smali/aoc/kingdoms/lukasz/events/outcome/civilizationBonus/EventOutcome_BonusIncomeFromVassals.smali	0
/tmp/w3a/smali/aoc/kingdoms/lukasz/events/outcome/civilizationBonus/EventOutcome_BonusIncomeProduction.smali	0
/tmp/w3a/smali/aoc/kingdoms/lukasz/events/outcome/civilizationBonus/EventOutcome_BonusIncomeTaxation.smali	0
/tmp/w3a/smali/aoc/kingdoms/lukasz/events/outcome/civilizationBonus/EventOutcome_BonusIncreaseGrowthRateCost.smali	0
/tmp/w3a/smali/aoc/kingdoms/lukasz/events/outcome/civilizationBonus/EventOutcome_BonusIncreaseManpowerCost.smali	0
/tmp/w3a/smali/aoc/kingdoms/lukasz/events/outcome/civilizationBonus/EventOutcome_BonusIncreaseTaxEfficiencyCost.smali	0
/tmp/w3a/smali/aoc/kingdoms/lukasz/events/outcome/civilizationBonus/EventOutcome_BonusInflation.smali	0
/tmp/w3a/smali/aoc/kingdoms/lukasz/events/outcome/civilizationBonus/EventOutcome_BonusInvestInEconomyCost.smali	0
/tmp/w3a/smali/aoc/kingdoms/lukasz/events/outcome/civilizationBonus/EventOutcome_BonusLoanInterest.smali	0
/tmp/w3a/smali/aoc/kingdoms/lukasz/events/outcome/civilizationBonus/EventOutcome_BonusLoansLimit.smali	0
/tmp/w3a/smali/aoc/kingdoms/lukasz/events/outcome/civilizationBonus/EventOutcome_BonusMaintenanceCost.smali	0
/tmp/w3a/smali/aoc/kingdoms/lukasz/events/outcome/civilizationBonus/EventOutcome_BonusManpowerRecoveryFromADisbandedArmy.smali	0
/tmp/w3a/smali/aoc/kingdoms/lukasz/events/outcome/civilizationBonus/EventOutcome_BonusManpowerRecoverySpeed.smali	0
/tmp/w3a/smali/aoc/kingdoms/lukasz/events/outcome/civilizationBonus/EventOutcome_BonusMaxManpower.smali	0
/tmp/w3a/smali/aoc/kingdoms/lukasz/events/outcome/civilizationBonus/EventOutcome_BonusMaxManpowerPercentage.smali	0
/tmp/w3a/smali/aoc/kingdoms/lukasz/events/outcome/civilizationBonus/EventOutcome_BonusMaxMorale.smali	0
/tmp/w3a/smali/aoc/kingdoms/lukasz/events/outcome/civilizationBonus/EventOutcome_BonusMaximumAmountOfGold.smali	0
/tmp/w3a/smali/aoc/kingdoms/lukasz/events/outcome/civilizationBonus/EventOutcome_BonusMilitaryBuildingsCost.smali	0
/tmp/w3a/smali/aoc/kingdoms/lukasz/events/outcome/civilizationBonus/EventOutcome_BonusMonthlyIncome.smali	0
/tmp/w3a/smali/aoc/kingdoms/lukasz/events/outcome/civilizationBonus/EventOutcome_BonusMonthlyLegacy.smali	0
/tmp/w3a/smali/aoc/kingdoms/lukasz/events/outcome/civilizationBonus/EventOutcome_BonusMonthlyLegacyPerc.smali	0
/tmp/w3a/smali/aoc/kingdoms/lukasz/events/outcome/civilizationBonus/EventOutcome_BonusProductionEfficiency.smali	0
/tmp/w3a/smali/aoc/kingdoms/lukasz/events/outcome/civilizationBonus/EventOutcome_BonusProvinceMaintenance.smali	0
/tmp/w3a/smali/aoc/kingdoms/lukasz/events/outcome/civilizationBonus/EventOutcome_BonusRecruitArmyCost.smali	0
/tmp/w3a/smali/aoc/kingdoms/lukasz/events/outcome/civilizationBonus/EventOutcome_BonusRecruitArmyFirstLineCost.smali	0
/tmp/w3a/smali/aoc/kingdoms/lukasz/events/outcome/civilizationBonus/EventOutcome_BonusRecruitArmySecondLineCost.smali	0
/tmp/w3a/smali/aoc/kingdoms/lukasz/events/outcome/civilizationBonus/EventOutcome_BonusRecruitmentTime.smali	0
/tmp/w3a/smali/aoc/kingdoms/lukasz/events/outcome/civilizationBonus/EventOutcome_BonusRegimentsLimit.smali	0
/tmp/w3a/smali/aoc/kingdoms/lukasz/events/outcome/civilizationBonus/EventOutcome_BonusReinforcementSpeed.smali	0
/tmp/w3a/smali/aoc/kingdoms/lukasz/events/outcome/civilizationBonus/EventOutcome_BonusReligionCost.smali	0
/tmp/w3a/smali/aoc/kingdoms/lukasz/events/outcome/civilizationBonus/EventOutcome_BonusResearch.smali	0
/tmp/w3a/smali/aoc/kingdoms/lukasz/events/outcome/civilizationBonus/EventOutcome_BonusResearchPoints.smali	0
/tmp/w3a/smali/aoc/kingdoms/lukasz/events/outcome/civilizationBonus/EventOutcome_BonusRevolutionaryRisk.smali	0
/tmp/w3a/smali/aoc/kingdoms/lukasz/events/outcome/civilizationBonus/EventOutcome_BonusSiegeEffectiveness.smali	0
/tmp/w3a/smali/aoc/kingdoms/lukasz/events/outcome/civilizationBonus/EventOutcome_BonusTaxEfficiency.smali	0
/tmp/w3a/smali/aoc/kingdoms/lukasz/events/outcome/civilizationBonus/EventOutcome_BonusUnitsAttack.smali	0
/tmp/w3a/smali/aoc/kingdoms/lukasz/events/outcome/civilizationBonus/EventOutcome_BonusUnitsDefense.smali	0
/tmp/w3a/smali/aoc/kingdoms/lukasz/events/outcome/civilizationBonus/EventOutcome_BonusWarScoreCost.smali	0
/tmp/w3a/smali/aoc/kingdoms/lukasz/events/outcome/civilizationBonus/dY/DSPBrCMEj.smali	0
/tmp/w3a/smali/aoc/kingdoms/lukasz/events/outcome/province/EventOutcome_Province_Devastation.smali	0
/tmp/w3a/smali/aoc/kingdoms/lukasz/events/outcome/province/EventOutcome_Province_Devastation_All.smali	0
/tmp/w3a/smali/aoc/kingdoms/lukasz/events/outcome/province/EventOutcome_Province_Devastation_Capital.smali	0
/tmp/w3a/smali/aoc/kingdoms/lukasz/events/outcome/province/EventOutcome_Province_Devastation_ID.smali	0
/tmp/w3a/smali/aoc/kingdoms/lukasz/events/outcome/province/EventOutcome_Province_Economy.smali	0
/tmp/w3a/smali/aoc/kingdoms/lukasz/events/outcome/province/EventOutcome_Province_Economy_All.smali	0
/tmp/w3a/smali/aoc/kingdoms/lukasz/events/outcome/province/EventOutcome_Province_Economy_Capital.smali	0
/tmp/w3a/smali/aoc/kingdoms/lukasz/events/outcome/province/EventOutcome_Province_Economy_ID.smali	0
/tmp/w3a/smali/aoc/kingdoms/lukasz/events/outcome/province/EventOutcome_Province_GrowthRate.smali	0
/tmp/w3a/smali/aoc/kingdoms/lukasz/events/outcome/province/EventOutcome_Province_GrowthRate_All.smali	0
/tmp/w3a/smali/aoc/kingdoms/lukasz/events/outcome/province/EventOutcome_Province_GrowthRate_Capital.smali	0
/tmp/w3a/smali/aoc/kingdoms/lukasz/events/outcome/province/EventOutcome_Province_GrowthRate_ID.smali	0
/tmp/w3a/smali/aoc/kingdoms/lukasz/events/outcome/province/EventOutcome_Province_ID_CoreAdd.smali	0
/tmp/w3a/smali/aoc/kingdoms/lukasz/events/outcome/province/EventOutcome_Province_ID_CoreRemove.smali	0
/tmp/w3a/smali/aoc/kingdoms/lukasz/events/outcome/province/EventOutcome_Province_Infrastructure.smali	0
/tmp/w3a/smali/aoc/kingdoms/lukasz/events/outcome/province/EventOutcome_Province_Infrastructure_All.smali	0
/tmp/w3a/smali/aoc/kingdoms/lukasz/events/outcome/province/EventOutcome_Province_Infrastructure_Capital.smali	0
/tmp/w3a/smali/aoc/kingdoms/lukasz/events/outcome/province/EventOutcome_Province_Infrastructure_ID.smali	0
/tmp/w3a/smali/aoc/kingdoms/lukasz/events/outcome/province/EventOutcome_Province_Manpower.smali	0
/tmp/w3a/smali/aoc/kingdoms/lukasz/events/outcome/province/EventOutcome_Province_Manpower_All.smali	0
/tmp/w3a/smali/aoc/kingdoms/lukasz/events/outcome/province/EventOutcome_Province_Manpower_Capital.smali	0
/tmp/w3a/smali/aoc/kingdoms/lukasz/events/outcome/province/EventOutcome_Province_Manpower_ID.smali	0
/tmp/w3a/smali/aoc/kingdoms/lukasz/events/outcome/province/EventOutcome_Province_Population.smali	0
/tmp/w3a/smali/aoc/kingdoms/lukasz/events/outcome/province/EventOutcome_Province_Population_All.smali	0
/tmp/w3a/smali/aoc/kingdoms/lukasz/events/outcome/province/EventOutcome_Province_Population_Capital.smali	0
/tmp/w3a/smali/aoc/kingdoms/lukasz/events/outcome/province/EventOutcome_Province_Religion.smali	0
/tmp/w3a/smali/aoc/kingdoms/lukasz/events/outcome/province/EventOutcome_Province_Religion_All.smali	0
/tmp/w3a/smali/aoc/kingdoms/lukasz/events/outcome/province/EventOutcome_Province_Religion_Capital.smali	0
/tmp/w3a/smali/aoc/kingdoms/lukasz/events/outcome/province/EventOutcome_Province_Religion_ID.smali	0
/tmp/w3a/smali/aoc/kingdoms/lukasz/events/outcome/province/EventOutcome_Province_TaxEfficiency.smali	0
/tmp/w3a/smali/aoc/kingdoms/lukasz/events/outcome/province/EventOutcome_Province_TaxEfficiency_All.smali	0
/tmp/w3a/smali/aoc/kingdoms/lukasz/events/outcome/province/EventOutcome_Province_TaxEfficiency_Capital.smali	0
/tmp/w3a/smali/aoc/kingdoms/lukasz/events/outcome/province/EventOutcome_Province_TaxEfficiency_ID.smali	0
/tmp/w3a/smali/aoc/kingdoms/lukasz/events/outcome/province/EventOutcome_Province_Unrest.smali	0
/tmp/w3a/smali/aoc/kingdoms/lukasz/events/outcome/province/EventOutcome_Province_Unrest_All.smali	0
/tmp/w3a/smali/aoc/kingdoms/lukasz/events/outcome/province/EventOutcome_Province_Unrest_Capital.smali	0
/tmp/w3a/smali/aoc/kingdoms/lukasz/events/outcome/province/EventOutcome_Province_Unrest_ID.smali	0
/tmp/w3a/smali/aoc/kingdoms/lukasz/events/triggers/EventOutcome_Legacy_Monthly.smali	0
/tmp/w3a/smali/aoc/kingdoms/lukasz/events/triggers/EventTrigger.smali	0
/tmp/w3a/smali/aoc/kingdoms/lukasz/events/triggers/EventTrigger_AllianceIsInAlliance.smali	0
/tmp/w3a/smali/aoc/kingdoms/lukasz/events/triggers/EventTrigger_AllianceIsLeader.smali	0
/tmp/w3a/smali/aoc/kingdoms/lukasz/events/triggers/EventTrigger_AllianceIsLeaderID.smali	0
/tmp/w3a/smali/aoc/kingdoms/lukasz/events/triggers/EventTrigger_AllianceIsNotInAlliance.smali	0
/tmp/w3a/smali/aoc/kingdoms/lukasz/events/triggers/EventTrigger_AreAtWar.smali	0
/tmp/w3a/smali/aoc/kingdoms/lukasz/events/triggers/EventTrigger_AreNotAtWar.smali	0
/tmp/w3a/smali/aoc/kingdoms/lukasz/events/triggers/EventTrigger_Buildings_ConstructedAdministrativeBelow.smali	0
/tmp/w3a/smali/aoc/kingdoms/lukasz/events/triggers/EventTrigger_Buildings_ConstructedAdministrativeOver.smali	0
/tmp/w3a/smali/aoc/kingdoms/lukasz/events/triggers/EventTrigger_Buildings_ConstructedBelow.smali	0
/tmp/w3a/smali/aoc/kingdoms/lukasz/events/triggers/EventTrigger_Buildings_ConstructedCapitalBelow.smali	0
/tmp/w3a/smali/aoc/kingdoms/lukasz/events/triggers/EventTrigger_Buildings_ConstructedCapitalOver.smali	0
/tmp/w3a/smali/aoc/kingdoms/lukasz/events/triggers/EventTrigger_Buildings_ConstructedEconomyBelow.smali	0
/tmp/w3a/smali/aoc/kingdoms/lukasz/events/triggers/EventTrigger_Buildings_ConstructedEconomyOver.smali	0
/tmp/w3a/smali/aoc/kingdoms/lukasz/events/triggers/EventTrigger_Buildings_ConstructedMilitaryBelow.smali	0
/tmp/w3a/smali/aoc/kingdoms/lukasz/events/triggers/EventTrigger_Buildings_ConstructedMilitaryOver.smali	0
/tmp/w3a/smali/aoc/kingdoms/lukasz/events/triggers/EventTrigger_Buildings_ConstructedOver.smali	0
/tmp/w3a/smali/aoc/kingdoms/lukasz/events/triggers/EventTrigger_CivAdministrativeAdvisorSkillBelow.smali	0
/tmp/w3a/smali/aoc/kingdoms/lukasz/events/triggers/EventTrigger_CivAdministrativeAdvisorSkillOver.smali	0
/tmp/w3a/smali/aoc/kingdoms/lukasz/events/triggers/EventTrigger_CivAdvisor_AgeOver.smali	0
/tmp/w3a/smali/aoc/kingdoms/lukasz/events/triggers/EventTrigger_CivAdvisor_ConstructionCostOver.smali	0
/tmp/w3a/smali/aoc/kingdoms/lukasz/events/triggers/EventTrigger_CivAdvisor_ProductionEfficiencyOver.smali	0
/tmp/w3a/smali/aoc/kingdoms/lukasz/events/triggers/EventTrigger_CivAlliesBelow.smali	0
/tmp/w3a/smali/aoc/kingdoms/lukasz/events/triggers/EventTrigger_CivAlliesOver.smali	0
/tmp/w3a/smali/aoc/kingdoms/lukasz/events/triggers/EventTrigger_CivBattleWidthBelow.smali	0
/tmp/w3a/smali/aoc/kingdoms/lukasz/events/triggers/EventTrigger_CivBattleWidthOver.smali	0
/tmp/w3a/smali/aoc/kingdoms/lukasz/events/triggers/EventTrigger_CivCapitalCityBelow.smali	0
/tmp/w3a/smali/aoc/kingdoms/lukasz/events/triggers/EventTrigger_CivCapitalCityOver.smali	0
/tmp/w3a/smali/aoc/kingdoms/lukasz/events/triggers/EventTrigger_CivCapital_BuildingsBelow.smali	0
/tmp/w3a/smali/aoc/kingdoms/lukasz/events/triggers/EventTrigger_CivCapital_BuildingsOver.smali	0
/tmp/w3a/smali/aoc/kingdoms/lukasz/events/triggers/EventTrigger_CivCapital_ContinentIs.smali	0
/tmp/w3a/smali/aoc/kingdoms/lukasz/events/triggers/EventTrigger_CivCapital_ContinentIsNot.smali	0
/tmp/w3a/smali/aoc/kingdoms/lukasz/events/triggers/EventTrigger_CivCapital_EconomyBelow.smali	0
/tmp/w3a/smali/aoc/kingdoms/lukasz/events/triggers/EventTrigger_CivCapital_EconomyOver.smali	0
/tmp/w3a/smali/aoc/kingdoms/lukasz/events/triggers/EventTrigger_CivCapital_FortLevelBelow.smali	0
/tmp/w3a/smali/aoc/kingdoms/lukasz/events/triggers/EventTrigger_CivCapital_FortLevelOver.smali	0
/tmp/w3a/smali/aoc/kingdoms/lukasz/events/triggers/EventTrigger_CivCapital_GrowthRateBelow.smali	0
/tmp/w3a/smali/aoc/kingdoms/lukasz/events/triggers/EventTrigger_CivCapital_GrowthRateOver.smali	0
/tmp/w3a/smali/aoc/kingdoms/lukasz/events/triggers/EventTrigger_CivCapital_HasBuilding.smali	0
/tmp/w3a/smali/aoc/kingdoms/lukasz/events/triggers/EventTrigger_CivCapital_IncomeBelow.smali	0
/tmp/w3a/smali/aoc/kingdoms/lukasz/events/triggers/EventTrigger_CivCapital_IncomeOver.smali	0
/tmp/w3a/smali/aoc/kingdoms/lukasz/events/triggers/EventTrigger_CivCapital_InfrastructureBelow.smali	0
/tmp/w3a/smali/aoc/kingdoms/lukasz/events/triggers/EventTrigger_CivCapital_InfrastructureOver.smali	0
/tmp/w3a/smali/aoc/kingdoms/lukasz/events/triggers/EventTrigger_CivCapital_IsOccupied.smali	0
/tmp/w3a/smali/aoc/kingdoms/lukasz/events/triggers/EventTrigger_CivCapital_IsOccupiedNot.smali	0
/tmp/w3a/smali/aoc/kingdoms/lukasz/events/triggers/EventTrigger_CivCapital_IsUnderSiege.smali	0
/tmp/w3a/smali/aoc/kingdoms/lukasz/events/triggers/EventTrigger_CivCapital_ManpowerBelow.smali	0
/tmp/w3a/smali/aoc/kingdoms/lukasz/events/triggers/EventTrigger_CivCapital_ManpowerOver.smali	0
/tmp/w3a/smali/aoc/kingdoms/lukasz/events/triggers/EventTrigger_CivCapital_PopulationBelow.smali	0
/tmp/w3a/smali/aoc/kingdoms/lukasz/events/triggers/EventTrigger_CivCapital_PopulationOver.smali	0
/tmp/w3a/smali/aoc/kingdoms/lukasz/events/triggers/EventTrigger_CivCapital_ReligionIs.smali	0
/tmp/w3a/smali/aoc/kingdoms/lukasz/events/triggers/EventTrigger_CivCapital_TaxEfficiencyBelow.smali	0
/tmp/w3a/smali/aoc/kingdoms/lukasz/events/triggers/EventTrigger_CivCapital_TaxEfficiencyOver.smali	0
/tmp/w3a/smali/aoc/kingdoms/lukasz/events/triggers/EventTrigger_CivCapital_UnrestBelow.smali	0
/tmp/w3a/smali/aoc/kingdoms/lukasz/events/triggers/EventTrigger_CivCapital_UnrestOver.smali	0
/tmp/w3a/smali/aoc/kingdoms/lukasz/events/triggers/EventTrigger_CivDefensivePactsBelow.smali	0
/tmp/w3a/smali/aoc/kingdoms/lukasz/events/triggers/EventTrigger_CivDefensivePactsOver.smali	0
/tmp/w3a/smali/aoc/kingdoms/lukasz/events/triggers/EventTrigger_CivDiplomacyBelow.smali	0
/tmp/w3a/smali/aoc/kingdoms/lukasz/events/triggers/EventTrigger_CivDiplomacyOver.smali	0
/tmp/w3a/smali/aoc/kingdoms/lukasz/events/triggers/EventTrigger_CivEconomyAdvisorSkillBelow.smali	0
/tmp/w3a/smali/aoc/kingdoms/lukasz/events/triggers/EventTrigger_CivEconomyAdvisorSkillOver.smali	0
/tmp/w3a/smali/aoc/kingdoms/lukasz/events/triggers/EventTrigger_CivEconomyBelow.smali	0
/tmp/w3a/smali/aoc/kingdoms/lukasz/events/triggers/EventTrigger_CivEconomyOver.smali	0
/tmp/w3a/smali/aoc/kingdoms/lukasz/events/triggers/EventTrigger_CivGoldBelow.smali	0
/tmp/w3a/smali/aoc/kingdoms/lukasz/events/triggers/EventTrigger_CivGoldOver.smali	0
/tmp/w3a/smali/aoc/kingdoms/lukasz/events/triggers/EventTrigger_CivGoldOver_MaxAmountOfGold.smali	0
/tmp/w3a/smali/aoc/kingdoms/lukasz/events/triggers/EventTrigger_CivGovernmentIs.smali	0
/tmp/w3a/smali/aoc/kingdoms/lukasz/events/triggers/EventTrigger_CivHasHigherRankThanCiv.smali	0
/tmp/w3a/smali/aoc/kingdoms/lukasz/events/triggers/EventTrigger_CivHasLargerEconomyThanCiv.smali	0
/tmp/w3a/smali/aoc/kingdoms/lukasz/events/triggers/EventTrigger_CivHasLargerPopulationThanCiv.smali	0
/tmp/w3a/smali/aoc/kingdoms/lukasz/events/triggers/EventTrigger_CivHasLargerRegimentsLimitThanCiv.smali	0
/tmp/w3a/smali/aoc/kingdoms/lukasz/events/triggers/EventTrigger_CivHasMoreProvinceThanCiv.smali	0
/tmp/w3a/smali/aoc/kingdoms/lukasz/events/triggers/EventTrigger_CivHasMoreRegimentsThanCiv.smali	0
/tmp/w3a/smali/aoc/kingdoms/lukasz/events/triggers/EventTrigger_CivHasMoreTechsThanCiv.smali	0
/tmp/w3a/smali/aoc/kingdoms/lukasz/events/triggers/EventTrigger_CivHasResource.smali	0
/tmp/w3a/smali/aoc/kingdoms/lukasz/events/triggers/EventTrigger_CivHasResourceOver.smali	0
/tmp/w3a/smali/aoc/kingdoms/lukasz/events/triggers/EventTrigger_CivIncomeBelow.smali	0
/tmp/w3a/smali/aoc/kingdoms/lukasz/events/triggers/EventTrigger_CivIncomeEconomyBelow.smali	0
/tmp/w3a/smali/aoc/kingdoms/lukasz/events/triggers/EventTrigger_CivIncomeEconomyOver.smali	0
/tmp/w3a/smali/aoc/kingdoms/lukasz/events/triggers/EventTrigger_CivIncomeOver.smali	0
/tmp/w3a/smali/aoc/kingdoms/lukasz/events/triggers/EventTrigger_CivIncomeProductionBelow.smali	0
/tmp/w3a/smali/aoc/kingdoms/lukasz/events/triggers/EventTrigger_CivIncomeProductionOver.smali	0
/tmp/w3a/smali/aoc/kingdoms/lukasz/events/triggers/EventTrigger_CivIncomeTaxationBelow.smali	0
/tmp/w3a/smali/aoc/kingdoms/lukasz/events/triggers/EventTrigger_CivIncomeTaxationOver.smali	0
/tmp/w3a/smali/aoc/kingdoms/lukasz/events/triggers/EventTrigger_CivInflationBelow.smali	0
/tmp/w3a/smali/aoc/kingdoms/lukasz/events/triggers/EventTrigger_CivInflationOver.smali	0
/tmp/w3a/smali/aoc/kingdoms/lukasz/events/triggers/EventTrigger_CivInnovationAdvisorSkillBelow.smali	0
/tmp/w3a/smali/aoc/kingdoms/lukasz/events/triggers/EventTrigger_CivInnovationAdvisorSkillOver.smali	0
/tmp/w3a/smali/aoc/kingdoms/lukasz/events/triggers/EventTrigger_CivLargestProducerOver.smali	0
/tmp/w3a/smali/aoc/kingdoms/lukasz/events/triggers/EventTrigger_CivLegacyBelow.smali	0
/tmp/w3a/smali/aoc/kingdoms/lukasz/events/triggers/EventTrigger_CivLegacyOver.smali	0
/tmp/w3a/smali/aoc/kingdoms/lukasz/events/triggers/EventTrigger_CivLegacyPerMonthBelow.smali	0
/tmp/w3a/smali/aoc/kingdoms/lukasz/events/triggers/EventTrigger_CivLegacyPerMonthOver.smali	0
/tmp/w3a/smali/aoc/kingdoms/lukasz/events/triggers/EventTrigger_CivLoansBelow.smali	0
/tmp/w3a/smali/aoc/kingdoms/lukasz/events/triggers/EventTrigger_CivLoansOver.smali	0
/tmp/w3a/smali/aoc/kingdoms/lukasz/events/triggers/EventTrigger_CivManpowerBelow.smali	0
/tmp/w3a/smali/aoc/kingdoms/lukasz/events/triggers/EventTrigger_CivManpowerOver.smali	0
/tmp/w3a/smali/aoc/kingdoms/lukasz/events/triggers/EventTrigger_CivManpower_PercOfMax_Below.smali	0
/tmp/w3a/smali/aoc/kingdoms/lukasz/events/triggers/EventTrigger_CivManpower_PercOfMax_Over.smali	0
/tmp/w3a/smali/aoc/kingdoms/lukasz/events/triggers/EventTrigger_CivMaxManpowerBelow.smali	0
/tmp/w3a/smali/aoc/kingdoms/lukasz/events/triggers/EventTrigger_CivMaxManpowerOver.smali	0
/tmp/w3a/smali/aoc/kingdoms/lukasz/events/triggers/EventTrigger_CivMilitaryAcademyBelow.smali	0
/tmp/w3a/smali/aoc/kingdoms/lukasz/events/triggers/EventTrigger_CivMilitaryAcademyForGeneralsBelow.smali	0
/tmp/w3a/smali/aoc/kingdoms/lukasz/events/triggers/EventTrigger_CivMilitaryAcademyForGeneralsOver.smali	0
/tmp/w3a/smali/aoc/kingdoms/lukasz/events/triggers/EventTrigger_CivMilitaryAcademyOver.smali	0
/tmp/w3a/smali/aoc/kingdoms/lukasz/events/triggers/EventTrigger_CivMilitaryAdvisorSkillBelow.smali	0
/tmp/w3a/smali/aoc/kingdoms/lukasz/events/triggers/EventTrigger_CivMilitaryAdvisorSkillOver.smali	0
/tmp/w3a/smali/aoc/kingdoms/lukasz/events/triggers/EventTrigger_CivNeighborsBelow.smali	0
/tmp/w3a/smali/aoc/kingdoms/lukasz/events/triggers/EventTrigger_CivNeighborsOver.smali	0
/tmp/w3a/smali/aoc/kingdoms/lukasz/events/triggers/EventTrigger_CivNonAggressionPactsBelow.smali	0
/tmp/w3a/smali/aoc/kingdoms/lukasz/events/triggers/EventTrigger_CivNonAggressionPactsOver.smali	0
/tmp/w3a/smali/aoc/kingdoms/lukasz/events/triggers/EventTrigger_CivNuclearReactorBelow.smali	0
/tmp/w3a/smali/aoc/kingdoms/lukasz/events/triggers/EventTrigger_CivNuclearReactorOver.smali	0
/tmp/w3a/smali/aoc/kingdoms/lukasz/events/triggers/EventTrigger_CivPopulationBelow.smali	0
/tmp/w3a/smali/aoc/kingdoms/lukasz/events/triggers/EventTrigger_CivPopulationOver.smali	0
/tmp/w3a/smali/aoc/kingdoms/lukasz/events/triggers/EventTrigger_CivProvincesBelow.smali	0
/tmp/w3a/smali/aoc/kingdoms/lukasz/events/triggers/EventTrigger_CivProvincesEquals.smali	0
/tmp/w3a/smali/aoc/kingdoms/lukasz/events/triggers/EventTrigger_CivProvincesOver.smali	0
/tmp/w3a/smali/aoc/kingdoms/lukasz/events/triggers/EventTrigger_CivRankPositionBelow.smali	0
/tmp/w3a/smali/aoc/kingdoms/lukasz/events/triggers/EventTrigger_CivRankPositionOver.smali	0
/tmp/w3a/smali/aoc/kingdoms/lukasz/events/triggers/EventTrigger_CivRankPrestigeBelow.smali	0
/tmp/w3a/smali/aoc/kingdoms/lukasz/events/triggers/EventTrigger_CivRankPrestigeOver.smali	0
/tmp/w3a/smali/aoc/kingdoms/lukasz/events/triggers/EventTrigger_CivRegimentsBelow.smali	0
/tmp/w3a/smali/aoc/kingdoms/lukasz/events/triggers/EventTrigger_CivRegimentsLimitBelow.smali	0
/tmp/w3a/smali/aoc/kingdoms/lukasz/events/triggers/EventTrigger_CivRegimentsLimitOver.smali	0
/tmp/w3a/smali/aoc/kingdoms/lukasz/events/triggers/EventTrigger_CivRegimentsOver.smali	0
/tmp/w3a/smali/aoc/kingdoms/lukasz/events/triggers/EventTrigger_CivRegimentsOverRegimentsLimit.smali	0
/tmp/w3a/smali/aoc/kingdoms/lukasz/events/triggers/EventTrigger_CivReligionIs.smali	0
/tmp/w3a/smali/aoc/kingdoms/lukasz/events/triggers/EventTrigger_CivResearchPerMonthBelow.smali	0
/tmp/w3a/smali/aoc/kingdoms/lukasz/events/triggers/EventTrigger_CivResearchPerMonthOver.smali	0
/tmp/w3a/smali/aoc/kingdoms/lukasz/events/triggers/EventTrigger_CivRivaledCiv.smali	0
/tmp/w3a/smali/aoc/kingdoms/lukasz/events/triggers/EventTrigger_CivRivaledCivNot.smali	0
/tmp/w3a/smali/aoc/kingdoms/lukasz/events/triggers/EventTrigger_CivSupremeCourtBelow.smali	0
/tmp/w3a/smali/aoc/kingdoms/lukasz/events/triggers/EventTrigger_CivSupremeCourtOver.smali	0
/tmp/w3a/smali/aoc/kingdoms/lukasz/events/triggers/EventTrigger_CivTag_GovernmentIs.smali	0
/tmp/w3a/smali/aoc/kingdoms/lukasz/events/triggers/EventTrigger_CivTag_GovernmentIsNot.smali	0
/tmp/w3a/smali/aoc/kingdoms/lukasz/events/triggers/EventTrigger_CivTag_ReligionIs.smali	0
/tmp/w3a/smali/aoc/kingdoms/lukasz/events/triggers/EventTrigger_CivTag_ReligionIsNot.smali	0
/tmp/w3a/smali/aoc/kingdoms/lukasz/events/triggers/EventTrigger_CivUnlockedAdvantagesBelow.smali	0
/tmp/w3a/smali/aoc/kingdoms/lukasz/events/triggers/EventTrigger_CivUnlockedAdvantagesOver.smali	0
/tmp/w3a/smali/aoc/kingdoms/lukasz/events/triggers/EventTrigger_CivUnlockedLegaciesBelow.smali	0
/tmp/w3a/smali/aoc/kingdoms/lukasz/events/triggers/EventTrigger_CivUnlockedLegaciesOver.smali	0
/tmp/w3a/smali/aoc/kingdoms/lukasz/events/triggers/EventTrigger_CivUnlockedTechnologiesBelow.smali	0
/tmp/w3a/smali/aoc/kingdoms/lukasz/events/triggers/EventTrigger_CivUnlockedTechnologiesOver.smali	0
/tmp/w3a/smali/aoc/kingdoms/lukasz/events/triggers/EventTrigger_CivVassalsBelow.smali	0
/tmp/w3a/smali/aoc/kingdoms/lukasz/events/triggers/EventTrigger_CivVassalsOver.smali	0
/tmp/w3a/smali/aoc/kingdoms/lukasz/events/triggers/EventTrigger_CivWarsTotalBelow.smali	0
/tmp/w3a/smali/aoc/kingdoms/lukasz/events/triggers/EventTrigger_CivWarsTotalOver.smali	0
/tmp/w3a/smali/aoc/kingdoms/lukasz/events/triggers/EventTrigger_CivsAreNeighbors.smali	0
/tmp/w3a/smali/aoc/kingdoms/lukasz/events/triggers/EventTrigger_CivsAreNeighborsNot.smali	0
/tmp/w3a/smali/aoc/kingdoms/lukasz/events/triggers/EventTrigger_CivsAreRivals.smali	0
/tmp/w3a/smali/aoc/kingdoms/lukasz/events/triggers/EventTrigger_ConqueredProvincesBelow.smali	0
/tmp/w3a/smali/aoc/kingdoms/lukasz/events/triggers/EventTrigger_ConqueredProvincesOver.smali	0
/tmp/w3a/smali/aoc/kingdoms/lukasz/events/triggers/EventTrigger_DevelopedInfrastructureBelow.smali	0
/tmp/w3a/smali/aoc/kingdoms/lukasz/events/triggers/EventTrigger_DevelopedInfrastructureOver.smali	0
/tmp/w3a/smali/aoc/kingdoms/lukasz/events/triggers/EventTrigger_EqualTo_Counter.smali	0
/tmp/w3a/smali/aoc/kingdoms/lukasz/events/triggers/EventTrigger_ExactDay.smali	0
/tmp/w3a/smali/aoc/kingdoms/lukasz/events/triggers/EventTrigger_Exists.smali	0
/tmp/w3a/smali/aoc/kingdoms/lukasz/events/triggers/EventTrigger_ExistsAny.smali	0
/tmp/w3a/smali/aoc/kingdoms/lukasz/events/triggers/EventTrigger_ExistsAnyNot.smali	0
/tmp/w3a/smali/aoc/kingdoms/lukasz/events/triggers/EventTrigger_ExistsNot.smali	0
/tmp/w3a/smali/aoc/kingdoms/lukasz/events/triggers/EventTrigger_HasVariable.smali	0
/tmp/w3a/smali/aoc/kingdoms/lukasz/events/triggers/EventTrigger_HasVariableCiv.smali	0
/tmp/w3a/smali/aoc/kingdoms/lukasz/events/triggers/EventTrigger_HasVariableNot.smali	0
/tmp/w3a/smali/aoc/kingdoms/lukasz/events/triggers/EventTrigger_HaveAlliance.smali	0
/tmp/w3a/smali/aoc/kingdoms/lukasz/events/triggers/EventTrigger_HaveDefensivePact.smali	0
/tmp/w3a/smali/aoc/kingdoms/lukasz/events/triggers/EventTrigger_HaveGuarantee.smali	0
/tmp/w3a/smali/aoc/kingdoms/lukasz/events/triggers/EventTrigger_HaveMilitaryAccess.smali	0
/tmp/w3a/smali/aoc/kingdoms/lukasz/events/triggers/EventTrigger_HaveNonAggressionPact.smali	0
/tmp/w3a/smali/aoc/kingdoms/lukasz/events/triggers/EventTrigger_HaveTruce.smali	0
/tmp/w3a/smali/aoc/kingdoms/lukasz/events/triggers/EventTrigger_If_Counter.smali	0
/tmp/w3a/smali/aoc/kingdoms/lukasz/events/triggers/EventTrigger_IncreasedGrowthRateBelow.smali	0
/tmp/w3a/smali/aoc/kingdoms/lukasz/events/triggers/EventTrigger_IncreasedGrowthRateOver.smali	0
/tmp/w3a/smali/aoc/kingdoms/lukasz/events/triggers/EventTrigger_IncreasedManpowerBelow.smali	0
/tmp/w3a/smali/aoc/kingdoms/lukasz/events/triggers/EventTrigger_IncreasedManpowerOver.smali	0
/tmp/w3a/smali/aoc/kingdoms/lukasz/events/triggers/EventTrigger_IncreasedTaxEfficiencyBelow.smali	0
/tmp/w3a/smali/aoc/kingdoms/lukasz/events/triggers/EventTrigger_IncreasedTaxEfficiencyOver.smali	0
/tmp/w3a/smali/aoc/kingdoms/lukasz/events/triggers/EventTrigger_InvestedInEconomyBelow.smali	0
/tmp/w3a/smali/aoc/kingdoms/lukasz/events/triggers/EventTrigger_InvestedInEconomyOver.smali	0
/tmp/w3a/smali/aoc/kingdoms/lukasz/events/triggers/EventTrigger_IsAtWar.smali	0
/tmp/w3a/smali/aoc/kingdoms/lukasz/events/triggers/EventTrigger_IsAtWar_DaysOver.smali	0
/tmp/w3a/smali/aoc/kingdoms/lukasz/events/triggers/EventTrigger_IsCiv.smali	0
/tmp/w3a/smali/aoc/kingdoms/lukasz/events/triggers/EventTrigger_IsLargestProducer.smali	0
/tmp/w3a/smali/aoc/kingdoms/lukasz/events/triggers/EventTrigger_IsNotAtWar.smali	0
/tmp/w3a/smali/aoc/kingdoms/lukasz/events/triggers/EventTrigger_IsNotPlayer.smali	0
/tmp/w3a/smali/aoc/kingdoms/lukasz/events/triggers/EventTrigger_IsNotVassal.smali	0
/tmp/w3a/smali/aoc/kingdoms/lukasz/events/triggers/EventTrigger_IsPlayer.smali	0
/tmp/w3a/smali/aoc/kingdoms/lukasz/events/triggers/EventTrigger_IsVassal.smali	0
/tmp/w3a/smali/aoc/kingdoms/lukasz/events/triggers/EventTrigger_IsVassalOfCiv.smali	0
/tmp/w3a/smali/aoc/kingdoms/lukasz/events/triggers/EventTrigger_LargestProducer_ProductionOver.smali	0
/tmp/w3a/smali/aoc/kingdoms/lukasz/events/triggers/EventTrigger_LessThan_Counter.smali	0
/tmp/w3a/smali/aoc/kingdoms/lukasz/events/triggers/EventTrigger_MoreThan_Counter.smali	0
/tmp/w3a/smali/aoc/kingdoms/lukasz/events/triggers/EventTrigger_OpinionBelow.smali	0
/tmp/w3a/smali/aoc/kingdoms/lukasz/events/triggers/EventTrigger_OpinionOver.smali	0
/tmp/w3a/smali/aoc/kingdoms/lukasz/events/triggers/EventTrigger_PlayingTimeBelow.smali	0
/tmp/w3a/smali/aoc/kingdoms/lukasz/events/triggers/EventTrigger_PlayingTimeOver.smali	0
/tmp/w3a/smali/aoc/kingdoms/lukasz/events/triggers/EventTrigger_ProvinceBuildingsBelow.smali	0
/tmp/w3a/smali/aoc/kingdoms/lukasz/events/triggers/EventTrigger_ProvinceBuildingsLimitBelow.smali	0
/tmp/w3a/smali/aoc/kingdoms/lukasz/events/triggers/EventTrigger_ProvinceBuildingsLimitOver.smali	0
/tmp/w3a/smali/aoc/kingdoms/lukasz/events/triggers/EventTrigger_ProvinceBuildingsOver.smali	0
/tmp/w3a/smali/aoc/kingdoms/lukasz/events/triggers/EventTrigger_ProvinceCivHasCore.smali	0
/tmp/w3a/smali/aoc/kingdoms/lukasz/events/triggers/EventTrigger_ProvinceControlledByCiv.smali	0
/tmp/w3a/smali/aoc/kingdoms/lukasz/events/triggers/EventTrigger_ProvinceControlledByCivNot.smali	0
/tmp/w3a/smali/aoc/kingdoms/lukasz/events/triggers/EventTrigger_ProvinceDefenseLevelBelow.smali	0
/tmp/w3a/smali/aoc/kingdoms/lukasz/events/triggers/EventTrigger_ProvinceDefenseLevelOver.smali	0
/tmp/w3a/smali/aoc/kingdoms/lukasz/events/triggers/EventTrigger_ProvinceEconomyBelow.smali	0
/tmp/w3a/smali/aoc/kingdoms/lukasz/events/triggers/EventTrigger_ProvinceEconomyOver.smali	0
/tmp/w3a/smali/aoc/kingdoms/lukasz/events/triggers/EventTrigger_ProvinceGrowthRateBelow.smali	0
/tmp/w3a/smali/aoc/kingdoms/lukasz/events/triggers/EventTrigger_ProvinceGrowthRateOver.smali	0
/tmp/w3a/smali/aoc/kingdoms/lukasz/events/triggers/EventTrigger_ProvinceHasBuilding.smali	0
/tmp/w3a/smali/aoc/kingdoms/lukasz/events/triggers/EventTrigger_ProvinceIncomeBelow.smali	0
/tmp/w3a/smali/aoc/kingdoms/lukasz/events/triggers/EventTrigger_ProvinceIncomeOver.smali	0
/tmp/w3a/smali/aoc/kingdoms/lukasz/events/triggers/EventTrigger_ProvinceInfrastructureBelow.smali	0
/tmp/w3a/smali/aoc/kingdoms/lukasz/events/triggers/EventTrigger_ProvinceInfrastructureOver.smali	0
/tmp/w3a/smali/aoc/kingdoms/lukasz/events/triggers/EventTrigger_ProvinceIsCapital.smali	0
/tmp/w3a/smali/aoc/kingdoms/lukasz/events/triggers/EventTrigger_ProvinceIsOccupied.smali	0
/tmp/w3a/smali/aoc/kingdoms/lukasz/events/triggers/EventTrigger_ProvinceIsOccupiedNot.smali	0
/tmp/w3a/smali/aoc/kingdoms/lukasz/events/triggers/EventTrigger_ProvinceIsUnderSiege.smali	0
/tmp/w3a/smali/aoc/kingdoms/lukasz/events/triggers/EventTrigger_ProvinceManpowerBelow.smali	0
/tmp/w3a/smali/aoc/kingdoms/lukasz/events/triggers/EventTrigger_ProvinceManpowerOver.smali	0
/tmp/w3a/smali/aoc/kingdoms/lukasz/events/triggers/EventTrigger_ProvincePopulationBelow.smali	0
/tmp/w3a/smali/aoc/kingdoms/lukasz/events/triggers/EventTrigger_ProvincePopulationOver.smali	0
/tmp/w3a/smali/aoc/kingdoms/lukasz/events/triggers/EventTrigger_ProvinceReligionIs.smali	0
/tmp/w3a/smali/aoc/kingdoms/lukasz/events/triggers/EventTrigger_ProvinceReligionIsNot.smali	0
/tmp/w3a/smali/aoc/kingdoms/lukasz/events/triggers/EventTrigger_ProvinceTaxEfficiencyBelow.smali	0
/tmp/w3a/smali/aoc/kingdoms/lukasz/events/triggers/EventTrigger_ProvinceTaxEfficiencyOver.smali	0
/tmp/w3a/smali/aoc/kingdoms/lukasz/events/triggers/EventTrigger_ProvinceUnrestBelow.smali	0
/tmp/w3a/smali/aoc/kingdoms/lukasz/events/triggers/EventTrigger_ProvinceUnrestOver.smali	0
/tmp/w3a/smali/aoc/kingdoms/lukasz/events/triggers/EventTrigger_RandomChance.smali	0
/tmp/w3a/smali/aoc/kingdoms/lukasz/events/triggers/EventTrigger_RecruitedAdvisorsBelow.smali	0
/tmp/w3a/smali/aoc/kingdoms/lukasz/events/triggers/EventTrigger_RecruitedAdvisorsOver.smali	0
/tmp/w3a/smali/aoc/kingdoms/lukasz/events/triggers/EventTrigger_Value.smali	0
/tmp/w3a/smali/aoc/kingdoms/lukasz/events/triggers/EventTrigger_YearBelow.smali	0
/tmp/w3a/smali/aoc/kingdoms/lukasz/events/triggers/EventTrigger_YearOver.smali	0
/tmp/w3a/smali/aoc/kingdoms/lukasz/jakowski/AA_Game$1.smali	0
/tmp/w3a/smali/aoc/kingdoms/lukasz/jakowski/AA_Game.smali	0
/tmp/w3a/smali/aoc/kingdoms/lukasz/jakowski/AA_KeyManager$1.smali	0
/tmp/w3a/smali/aoc/kingdoms/lukasz/jakowski/AA_KeyManager$2.smali	0
/tmp/w3a/smali/aoc/kingdoms/lukasz/jakowski/AA_KeyManager$3.smali	0
/tmp/w3a/smali/aoc/kingdoms/lukasz/jakowski/AA_KeyManager$4.smali	0
/tmp/w3a/smali/aoc/kingdoms/lukasz/jakowski/AA_KeyManager$5.smali	0
/tmp/w3a/smali/aoc/kingdoms/lukasz/jakowski/AA_KeyManager$6.smali	0
/tmp/w3a/smali/aoc/kingdoms/lukasz/jakowski/AA_KeyManager$7.smali	0
/tmp/w3a/smali/aoc/kingdoms/lukasz/jakowski/AA_KeyManager$8.smali	0
/tmp/w3a/smali/aoc/kingdoms/lukasz/jakowski/AA_KeyManager$9.smali	0
/tmp/w3a/smali/aoc/kingdoms/lukasz/jakowski/AA_KeyManager$keyExtraAction.smali	0
/tmp/w3a/smali/aoc/kingdoms/lukasz/jakowski/AA_KeyManager.smali	0
/tmp/w3a/smali/aoc/kingdoms/lukasz/jakowski/AI/AI_Budget.smali	0
/tmp/w3a/smali/aoc/kingdoms/lukasz/jakowski/AI/AI_BudgetDefault.smali	0
/tmp/w3a/smali/aoc/kingdoms/lukasz/jakowski/AI/AI_Civ.smali	0
/tmp/w3a/smali/aoc/kingdoms/lukasz/jakowski/AI/AI_CivDiplomacy.smali	0
/tmp/w3a/smali/aoc/kingdoms/lukasz/jakowski/AI/AI_Civ_CreateNewArmy.smali	0
/tmp/w3a/smali/aoc/kingdoms/lukasz/jakowski/AI/AI_ConvertReligion.smali	0
/tmp/w3a/smali/aoc/kingdoms/lukasz/jakowski/AI/AI_Cores.smali	0
/tmp/w3a/smali/aoc/kingdoms/lukasz/jakowski/AI/AI_Loan.smali	0
/tmp/w3a/smali/aoc/kingdoms/lukasz/jakowski/AI/AI_Manager.smali	0
/tmp/w3a/smali/aoc/kingdoms/lukasz/jakowski/AI/AI_Missions.smali	0
/tmp/w3a/smali/aoc/kingdoms/lukasz/jakowski/AI/AI_PeaceTreaty.smali	0
/tmp/w3a/smali/aoc/kingdoms/lukasz/jakowski/AI/Advantages/AI_Advantages.smali	0
/tmp/w3a/smali/aoc/kingdoms/lukasz/jakowski/AI/Advisors/AI_ManageAdvisors.smali	0
/tmp/w3a/smali/aoc/kingdoms/lukasz/jakowski/AI/Army/AI_Armies.smali	0
/tmp/w3a/smali/aoc/kingdoms/lukasz/jakowski/AI/Army/AI_Army_Composition.smali	0
/tmp/w3a/smali/aoc/kingdoms/lukasz/jakowski/AI/Army/AI_BattleEnd.smali	0
/tmp/w3a/smali/aoc/kingdoms/lukasz/jakowski/AI/Army/AI_BattleStart.smali	0
/tmp/w3a/smali/aoc/kingdoms/lukasz/jakowski/AI/Army/AI_CreateNewArmy.smali	0
/tmp/w3a/smali/aoc/kingdoms/lukasz/jakowski/AI/Army/AI_CreateNewArmy_Task.smali	0
/tmp/w3a/smali/aoc/kingdoms/lukasz/jakowski/AI/Army/AI_DisbandArmies.smali	0
/tmp/w3a/smali/aoc/kingdoms/lukasz/jakowski/AI/Army/AI_Generals.smali	0
/tmp/w3a/smali/aoc/kingdoms/lukasz/jakowski/AI/Army/AI_Merge.smali	0
/tmp/w3a/smali/aoc/kingdoms/lukasz/jakowski/AI/Army/AI_MergeTask.smali	0
/tmp/w3a/smali/aoc/kingdoms/lukasz/jakowski/AI/Army/AI_MoveAtPeace$ArmyDivision_TempData.smali	0
/tmp/w3a/smali/aoc/kingdoms/lukasz/jakowski/AI/Army/AI_MoveAtPeace.smali	0
/tmp/w3a/smali/aoc/kingdoms/lukasz/jakowski/AI/Army/AI_MoveAtWar$1.smali	0
/tmp/w3a/smali/aoc/kingdoms/lukasz/jakowski/AI/Army/AI_MoveAtWar$EnemyArmy.smali	0
/tmp/w3a/smali/aoc/kingdoms/lukasz/jakowski/AI/Army/AI_MoveAtWar.smali	0
/tmp/w3a/smali/aoc/kingdoms/lukasz/jakowski/AI/Army/AI_MoveNoConnection.smali	0
/tmp/w3a/smali/aoc/kingdoms/lukasz/jakowski/AI/Army/AI_MoveNoConnectionData.smali	0
/tmp/w3a/smali/aoc/kingdoms/lukasz/jakowski/AI/Army/AI_MoveNoConnectionManager.smali	0
/tmp/w3a/smali/aoc/kingdoms/lukasz/jakowski/AI/Army/AI_RecruitArmy$RecruitArmy_ExistingArmy.smali	0
/tmp/w3a/smali/aoc/kingdoms/lukasz/jakowski/AI/Army/AI_RecruitArmy.smali	0
/tmp/w3a/smali/aoc/kingdoms/lukasz/jakowski/AI/Army/AI_RecruitMercenaries.smali	0
/tmp/w3a/smali/aoc/kingdoms/lukasz/jakowski/AI/Army/AI_ReorganizeArmies.smali	0
/tmp/w3a/smali/aoc/kingdoms/lukasz/jakowski/AI/Army/AI_SiegeStart.smali	0
/tmp/w3a/smali/aoc/kingdoms/lukasz/jakowski/AI/Army/AI_SplitArmy.smali	0
/tmp/w3a/smali/aoc/kingdoms/lukasz/jakowski/AI/Build/AI_Build$Building.smali	0
/tmp/w3a/smali/aoc/kingdoms/lukasz/jakowski/AI/Build/AI_Build.smali	0
/tmp/w3a/smali/aoc/kingdoms/lukasz/jakowski/AI/Build/AI_BuildCapitalBuilding.smali	0
/tmp/w3a/smali/aoc/kingdoms/lukasz/jakowski/AI/Build/AI_BuildConstructionCost.smali	0
/tmp/w3a/smali/aoc/kingdoms/lukasz/jakowski/AI/Build/AI_BuildDefensive.smali	0
/tmp/w3a/smali/aoc/kingdoms/lukasz/jakowski/AI/Build/AI_BuildEconomy.smali	0
/tmp/w3a/smali/aoc/kingdoms/lukasz/jakowski/AI/Build/AI_BuildGold.smali	0
/tmp/w3a/smali/aoc/kingdoms/lukasz/jakowski/AI/Build/AI_BuildGrowthRate.smali	0
/tmp/w3a/smali/aoc/kingdoms/lukasz/jakowski/AI/Build/AI_BuildLegacy.smali	0
/tmp/w3a/smali/aoc/kingdoms/lukasz/jakowski/AI/Build/AI_BuildManpower.smali	0
/tmp/w3a/smali/aoc/kingdoms/lukasz/jakowski/AI/Build/AI_BuildProductionEfficiency.smali	0
/tmp/w3a/smali/aoc/kingdoms/lukasz/jakowski/AI/Build/AI_BuildProvinceMaintenance.smali	0
/tmp/w3a/smali/aoc/kingdoms/lukasz/jakowski/AI/Build/AI_BuildRecruitArmyCost.smali	0
/tmp/w3a/smali/aoc/kingdoms/lukasz/jakowski/AI/Build/AI_BuildResearch.smali	0
/tmp/w3a/smali/aoc/kingdoms/lukasz/jakowski/AI/Build/AI_BuildResource.smali	0
/tmp/w3a/smali/aoc/kingdoms/lukasz/jakowski/AI/Build/AI_BuildRest.smali	0
/tmp/w3a/smali/aoc/kingdoms/lukasz/jakowski/AI/Build/AI_BuildTaxEfficiency.smali	0
/tmp/w3a/smali/aoc/kingdoms/lukasz/jakowski/AI/Colonization/AI_Colonization.smali	0
/tmp/w3a/smali/aoc/kingdoms/lukasz/jakowski/AI/Colonization/AI_ColonizationTribal.smali	0
/tmp/w3a/smali/aoc/kingdoms/lukasz/jakowski/AI/Colonization/AI_Colonization_NeighCiv.smali	0
/tmp/w3a/smali/aoc/kingdoms/lukasz/jakowski/AI/Diplomacy/AI_Alliances.smali	0
/tmp/w3a/smali/aoc/kingdoms/lukasz/jakowski/AI/Diplomacy/AI_DeclareWar.smali	0
/tmp/w3a/smali/aoc/kingdoms/lukasz/jakowski/AI/Diplomacy/AI_Pacts.smali	0
/tmp/w3a/smali/aoc/kingdoms/lukasz/jakowski/AI/Diplomacy/AI_Player$1.smali	0
/tmp/w3a/smali/aoc/kingdoms/lukasz/jakowski/AI/Diplomacy/AI_Player.smali	0
/tmp/w3a/smali/aoc/kingdoms/lukasz/jakowski/AI/Diplomacy/AI_PrepareForWar$1.smali	0
/tmp/w3a/smali/aoc/kingdoms/lukasz/jakowski/AI/Diplomacy/AI_PrepareForWar$CivDistance.smali	0
/tmp/w3a/smali/aoc/kingdoms/lukasz/jakowski/AI/Diplomacy/AI_PrepareForWar.smali	0
/tmp/w3a/smali/aoc/kingdoms/lukasz/jakowski/AI/Diplomacy/AI_PrepareForWar_Data.smali	0
/tmp/w3a/smali/aoc/kingdoms/lukasz/jakowski/AI/Diplomacy/AI_RelationsDamage.smali	0
/tmp/w3a/smali/aoc/kingdoms/lukasz/jakowski/AI/Diplomacy/AI_RelationsImprove.smali	0
/tmp/w3a/smali/aoc/kingdoms/lukasz/jakowski/AI/Diplomacy/AI_Rivals.smali	0
/tmp/w3a/smali/aoc/kingdoms/lukasz/jakowski/AI/Diplomacy/AI_VassalLiberty$1.smali	0
/tmp/w3a/smali/aoc/kingdoms/lukasz/jakowski/AI/Diplomacy/AI_VassalLiberty.smali	0
/tmp/w3a/smali/aoc/kingdoms/lukasz/jakowski/AI/Government/AI_Capital.smali	0
/tmp/w3a/smali/aoc/kingdoms/lukasz/jakowski/AI/Government/AI_Government.smali	0
/tmp/w3a/smali/aoc/kingdoms/lukasz/jakowski/AI/Invest/AI_DevelopInfrastructure.smali	0
/tmp/w3a/smali/aoc/kingdoms/lukasz/jakowski/AI/Invest/AI_GrowthRate.smali	0
/tmp/w3a/smali/aoc/kingdoms/lukasz/jakowski/AI/Invest/AI_IncreaseManpower.smali	0
/tmp/w3a/smali/aoc/kingdoms/lukasz/jakowski/AI/Invest/AI_IncreaseTaxEfficiency.smali	0
/tmp/w3a/smali/aoc/kingdoms/lukasz/jakowski/AI/Invest/AI_InvestInEconomy.smali	0
/tmp/w3a/smali/aoc/kingdoms/lukasz/jakowski/AI/Laws/AI_Laws.smali	0
/tmp/w3a/smali/aoc/kingdoms/lukasz/jakowski/AI/Legacies/AI_Legacy.smali	0
/tmp/w3a/smali/aoc/kingdoms/lukasz/jakowski/AI/Legacies/cmZX/ouYpG.smali	0
/tmp/w3a/smali/aoc/kingdoms/lukasz/jakowski/AI/Nukes/AI_BuildNukes.smali	0
/tmp/w3a/smali/aoc/kingdoms/lukasz/jakowski/AI/Nukes/AI_Nuke.smali	0
/tmp/w3a/smali/aoc/kingdoms/lukasz/jakowski/AI/Technology/AI_SelectTechnology.smali	0
/tmp/w3a/smali/aoc/kingdoms/lukasz/jakowski/AI/Technology/AI_UnlockedTechnology.smali	0
/tmp/w3a/smali/aoc/kingdoms/lukasz/jakowski/AI/Values/AI_Values.smali	0
/tmp/w3a/smali/aoc/kingdoms/lukasz/jakowski/AI/Values/AI_ValuesArmies.smali	0
/tmp/w3a/smali/aoc/kingdoms/lukasz/jakowski/AI/Values/AI_ValuesBuild.smali	0
/tmp/w3a/smali/aoc/kingdoms/lukasz/jakowski/AI/Values/AI_ValuesConvert.smali	0
/tmp/w3a/smali/aoc/kingdoms/lukasz/jakowski/AI/Values/AI_ValuesCores.smali	0
/tmp/w3a/smali/aoc/kingdoms/lukasz/jakowski/AI/Values/AI_ValuesDiplomacy.smali	0
/tmp/w3a/smali/aoc/kingdoms/lukasz/jakowski/AI/Values/FobC/oKGfANUwfNuTLf.smali	0
/tmp/w3a/smali/aoc/kingdoms/lukasz/jakowski/AI/Wonders/AI_Wonders.smali	0
/tmp/w3a/smali/aoc/kingdoms/lukasz/jakowski/AI/Wonders/JtLh/WNHKz.smali	0
/tmp/w3a/smali/aoc/kingdoms/lukasz/jakowski/AmbienceManager$Ambience.smali	0
/tmp/w3a/smali/aoc/kingdoms/lukasz/jakowski/AmbienceManager.smali	0
/tmp/w3a/smali/aoc/kingdoms/lukasz/jakowski/AndroidLauncher.smali	0
/tmp/w3a/smali/aoc/kingdoms/lukasz/jakowski/AnimationManager$ClickAnimation.smali	0
/tmp/w3a/smali/aoc/kingdoms/lukasz/jakowski/AnimationManager.smali	0
/tmp/w3a/smali/aoc/kingdoms/lukasz/jakowski/Ap/pSHb.smali	0
/tmp/w3a/smali/aoc/kingdoms/lukasz/jakowski/BuildConfig.smali	0
/tmp/w3a/smali/aoc/kingdoms/lukasz/jakowski/CFG$1.smali	0
/tmp/w3a/smali/aoc/kingdoms/lukasz/jakowski/CFG.smali	0
/tmp/w3a/smali/aoc/kingdoms/lukasz/jakowski/CharactersManager$Characters.smali	0
/tmp/w3a/smali/aoc/kingdoms/lukasz/jakowski/CharactersManager$ConfigCharactersData.smali	0
/tmp/w3a/smali/aoc/kingdoms/lukasz/jakowski/CharactersManager$ScenarioCharacters.smali	0
/tmp/w3a/smali/aoc/kingdoms/lukasz/jakowski/CharactersManager.smali	0
/tmp/w3a/smali/aoc/kingdoms/lukasz/jakowski/FBO/FBOProvinceNames.smali	0
/tmp/w3a/smali/aoc/kingdoms/lukasz/jakowski/FBO/FBOProvincesBG.smali	0
/tmp/w3a/smali/aoc/kingdoms/lukasz/jakowski/FileManager$1.smali	0
/tmp/w3a/smali/aoc/kingdoms/lukasz/jakowski/FileManager$2.smali	0
/tmp/w3a/smali/aoc/kingdoms/lukasz/jakowski/FileManager$3.smali	0
/tmp/w3a/smali/aoc/kingdoms/lukasz/jakowski/FileManager$LoadInterface.smali	0
/tmp/w3a/smali/aoc/kingdoms/lukasz/jakowski/FileManager.smali	0
/tmp/w3a/smali/aoc/kingdoms/lukasz/jakowski/FlagsEditor/FlagManager$ConfigDivisionsData.smali	0
/tmp/w3a/smali/aoc/kingdoms/lukasz/jakowski/FlagsEditor/FlagManager$ConfigOverlayData.smali	0
/tmp/w3a/smali/aoc/kingdoms/lukasz/jakowski/FlagsEditor/FlagManager$Data_Divisions.smali	0
/tmp/w3a/smali/aoc/kingdoms/lukasz/jakowski/FlagsEditor/FlagManager$Data_Overlays.smali	0
/tmp/w3a/smali/aoc/kingdoms/lukasz/jakowski/FlagsEditor/FlagManager.smali	0
/tmp/w3a/smali/aoc/kingdoms/lukasz/jakowski/FlagsEditor/Flag_Division.smali	0
/tmp/w3a/smali/aoc/kingdoms/lukasz/jakowski/FlagsEditor/Flag_GameData.smali	0
/tmp/w3a/smali/aoc/kingdoms/lukasz/jakowski/FlagsEditor/Flag_Overlay.smali	0
/tmp/w3a/smali/aoc/kingdoms/lukasz/jakowski/FlagsEditor/Flag_OverlayImage.smali	0
/tmp/w3a/smali/aoc/kingdoms/lukasz/jakowski/FlagsEditor/Flag_Overlay_GameData.smali	0
/tmp/w3a/smali/aoc/kingdoms/lukasz/jakowski/Game$1.smali	0
/tmp/w3a/smali/aoc/kingdoms/lukasz/jakowski/Game$10.smali	0
/tmp/w3a/smali/aoc/kingdoms/lukasz/jakowski/Game$2.smali	0
/tmp/w3a/smali/aoc/kingdoms/lukasz/jakowski/Game$3.smali	0
/tmp/w3a/smali/aoc/kingdoms/lukasz/jakowski/Game$4.smali	0
/tmp/w3a/smali/aoc/kingdoms/lukasz/jakowski/Game$5.smali	0
/tmp/w3a/smali/aoc/kingdoms/lukasz/jakowski/Game$6.smali	0
/tmp/w3a/smali/aoc/kingdoms/lukasz/jakowski/Game$7.smali	0
/tmp/w3a/smali/aoc/kingdoms/lukasz/jakowski/Game$8.smali	0
/tmp/w3a/smali/aoc/kingdoms/lukasz/jakowski/Game$9.smali	0
/tmp/w3a/smali/aoc/kingdoms/lukasz/jakowski/Game$ArmyPos.smali	0
/tmp/w3a/smali/aoc/kingdoms/lukasz/jakowski/Game$FlagData.smali	0
/tmp/w3a/smali/aoc/kingdoms/lukasz/jakowski/Game$HoveredArmy.smali	0
/tmp/w3a/smali/aoc/kingdoms/lukasz/jakowski/Game$HoveredBattle.smali	0
/tmp/w3a/smali/aoc/kingdoms/lukasz/jakowski/Game$LoadCivilizationData.smali	0
/tmp/w3a/smali/aoc/kingdoms/lukasz/jakowski/Game$MapDistance.smali	0
/tmp/w3a/smali/aoc/kingdoms/lukasz/jakowski/Game$SimpleTask$$ExternalSyntheticBackport0.smali	0
/tmp/w3a/smali/aoc/kingdoms/lukasz/jakowski/Game$SimpleTask.smali	0
/tmp/w3a/smali/aoc/kingdoms/lukasz/jakowski/Game$VassalsToRelease.smali	0
/tmp/w3a/smali/aoc/kingdoms/lukasz/jakowski/Game.smali	0
/tmp/w3a/smali/aoc/kingdoms/lukasz/jakowski/GameActiveProvince.smali	0
/tmp/w3a/smali/aoc/kingdoms/lukasz/jakowski/GameThreads/GameThread$1.smali	0
/tmp/w3a/smali/aoc/kingdoms/lukasz/jakowski/GameThreads/GameThread$2.smali	0
/tmp/w3a/smali/aoc/kingdoms/lukasz/jakowski/GameThreads/GameThread$3.smali	0
/tmp/w3a/smali/aoc/kingdoms/lukasz/jakowski/GameThreads/GameThread$4.smali	0
/tmp/w3a/smali/aoc/kingdoms/lukasz/jakowski/GameThreads/GameThread.smali	0
/tmp/w3a/smali/aoc/kingdoms/lukasz/jakowski/GameThreads/GameThread_Events.smali	0
/tmp/w3a/smali/aoc/kingdoms/lukasz/jakowski/GameThreads/GameThread_Turns.smali	0
/tmp/w3a/smali/aoc/kingdoms/lukasz/jakowski/GameThreads/GameThread_Update.smali	0
/tmp/w3a/smali/aoc/kingdoms/lukasz/jakowski/GameValues$GameValue.smali	0
/tmp/w3a/smali/aoc/kingdoms/lukasz/jakowski/GameValues$GameValue_Advantages.smali	0
/tmp/w3a/smali/aoc/kingdoms/lukasz/jakowski/GameValues$GameValue_Advisors.smali	0
/tmp/w3a/smali/aoc/kingdoms/lukasz/jakowski/GameValues$GameValue_AggressiveExpansion.smali	0
/tmp/w3a/smali/aoc/kingdoms/lukasz/jakowski/GameValues$GameValue_Air.smali	0
/tmp/w3a/smali/aoc/kingdoms/lukasz/jakowski/GameValues$GameValue_Army.smali	0
/tmp/w3a/smali/aoc/kingdoms/lukasz/jakowski/GameValues$GameValue_Atomic.smali	0
/tmp/w3a/smali/aoc/kingdoms/lukasz/jakowski/GameValues$GameValue_Battle.smali	0
/tmp/w3a/smali/aoc/kingdoms/lukasz/jakowski/GameValues$GameValue_BattleTactics.smali	0
/tmp/w3a/smali/aoc/kingdoms/lukasz/jakowski/GameValues$GameValue_Budget.smali	0
/tmp/w3a/smali/aoc/kingdoms/lukasz/jakowski/GameValues$GameValue_Buildings.smali	0
/tmp/w3a/smali/aoc/kingdoms/lukasz/jakowski/GameValues$GameValue_Capital.smali	0
/tmp/w3a/smali/aoc/kingdoms/lukasz/jakowski/GameValues$GameValue_CivRank.smali	0
/tmp/w3a/smali/aoc/kingdoms/lukasz/jakowski/GameValues$GameValue_CivStability.smali	0
/tmp/w3a/smali/aoc/kingdoms/lukasz/jakowski/GameValues$GameValue_ClickAnimation.smali	0
/tmp/w3a/smali/aoc/kingdoms/lukasz/jakowski/GameValues$GameValue_Colonization.smali	0
/tmp/w3a/smali/aoc/kingdoms/lukasz/jakowski/GameValues$GameValue_Console.smali	0
/tmp/w3a/smali/aoc/kingdoms/lukasz/jakowski/GameValues$GameValue_Core.smali	0
/tmp/w3a/smali/aoc/kingdoms/lukasz/jakowski/GameValues$GameValue_Court.smali	0
/tmp/w3a/smali/aoc/kingdoms/lukasz/jakowski/GameValues$GameValue_Difficulty.smali	0
/tmp/w3a/smali/aoc/kingdoms/lukasz/jakowski/GameValues$GameValue_Diplomacy.smali	0
/tmp/w3a/smali/aoc/kingdoms/lukasz/jakowski/GameValues$GameValue_Economy.smali	0
/tmp/w3a/smali/aoc/kingdoms/lukasz/jakowski/GameValues$GameValue_Events.smali	0
/tmp/w3a/smali/aoc/kingdoms/lukasz/jakowski/GameValues$GameValue_FOG.smali	0
/tmp/w3a/smali/aoc/kingdoms/lukasz/jakowski/GameValues$GameValue_GameSpeed.smali	0
/tmp/w3a/smali/aoc/kingdoms/lukasz/jakowski/GameValues$GameValue_GameUpdate.smali	0
/tmp/w3a/smali/aoc/kingdoms/lukasz/jakowski/GameValues$GameValue_GameUpdate_AI.smali	0
/tmp/w3a/smali/aoc/kingdoms/lukasz/jakowski/GameValues$GameValue_Generals.smali	0
/tmp/w3a/smali/aoc/kingdoms/lukasz/jakowski/GameValues$GameValue_GoldenAge.smali	0
/tmp/w3a/smali/aoc/kingdoms/lukasz/jakowski/GameValues$GameValue_Government.smali	0
/tmp/w3a/smali/aoc/kingdoms/lukasz/jakowski/GameValues$GameValue_GrowthRate.smali	0
/tmp/w3a/smali/aoc/kingdoms/lukasz/jakowski/GameValues$GameValue_HRE.smali	0
/tmp/w3a/smali/aoc/kingdoms/lukasz/jakowski/GameValues$GameValue_Hover.smali	0
/tmp/w3a/smali/aoc/kingdoms/lukasz/jakowski/GameValues$GameValue_InGame.smali	0
/tmp/w3a/smali/aoc/kingdoms/lukasz/jakowski/GameValues$GameValue_Inflation.smali	0
/tmp/w3a/smali/aoc/kingdoms/lukasz/jakowski/GameValues$GameValue_Info.smali	0
/tmp/w3a/smali/aoc/kingdoms/lukasz/jakowski/GameValues$GameValue_Infrastructure.smali	0
/tmp/w3a/smali/aoc/kingdoms/lukasz/jakowski/GameValues$GameValue_Laws.smali	0
/tmp/w3a/smali/aoc/kingdoms/lukasz/jakowski/GameValues$GameValue_Legacy.smali	0
/tmp/w3a/smali/aoc/kingdoms/lukasz/jakowski/GameValues$GameValue_Loan.smali	0
/tmp/w3a/smali/aoc/kingdoms/lukasz/jakowski/GameValues$GameValue_Logs.smali	0
/tmp/w3a/smali/aoc/kingdoms/lukasz/jakowski/GameValues$GameValue_LuckyCivs.smali	0
/tmp/w3a/smali/aoc/kingdoms/lukasz/jakowski/GameValues$GameValue_Manpower.smali	0
/tmp/w3a/smali/aoc/kingdoms/lukasz/jakowski/GameValues$GameValue_MapModes.smali	0
/tmp/w3a/smali/aoc/kingdoms/lukasz/jakowski/GameValues$GameValue_MilitaryAcademy.smali	0
/tmp/w3a/smali/aoc/kingdoms/lukasz/jakowski/GameValues$GameValue_Move.smali	0
/tmp/w3a/smali/aoc/kingdoms/lukasz/jakowski/GameValues$GameValue_NewGame.smali	0
/tmp/w3a/smali/aoc/kingdoms/lukasz/jakowski/GameValues$GameValue_Notifications.smali	0
/tmp/w3a/smali/aoc/kingdoms/lukasz/jakowski/GameValues$GameValue_Peace.smali	0
/tmp/w3a/smali/aoc/kingdoms/lukasz/jakowski/GameValues$GameValue_Plagues.smali	0
/tmp/w3a/smali/aoc/kingdoms/lukasz/jakowski/GameValues$GameValue_Production.smali	0
/tmp/w3a/smali/aoc/kingdoms/lukasz/jakowski/GameValues$GameValue_Prosperity.smali	0
/tmp/w3a/smali/aoc/kingdoms/lukasz/jakowski/GameValues$GameValue_Province.smali	0
/tmp/w3a/smali/aoc/kingdoms/lukasz/jakowski/GameValues$GameValue_ProvinceBorderWar.smali	0
/tmp/w3a/smali/aoc/kingdoms/lukasz/jakowski/GameValues$GameValue_Rebels.smali	0
/tmp/w3a/smali/aoc/kingdoms/lukasz/jakowski/GameValues$GameValue_Religion.smali	0
/tmp/w3a/smali/aoc/kingdoms/lukasz/jakowski/GameValues$GameValue_Research.smali	0
/tmp/w3a/smali/aoc/kingdoms/lukasz/jakowski/GameValues$GameValue_Rivals.smali	0
/tmp/w3a/smali/aoc/kingdoms/lukasz/jakowski/GameValues$GameValue_Sandbox.smali	0
/tmp/w3a/smali/aoc/kingdoms/lukasz/jakowski/GameValues$GameValue_Ships.smali	0
/tmp/w3a/smali/aoc/kingdoms/lukasz/jakowski/GameValues$GameValue_Siege.smali	0
/tmp/w3a/smali/aoc/kingdoms/lukasz/jakowski/GameValues$GameValue_Spy.smali	0
/tmp/w3a/smali/aoc/kingdoms/lukasz/jakowski/GameValues$GameValue_SupremeCourt.smali	0
/tmp/w3a/smali/aoc/kingdoms/lukasz/jakowski/GameValues$GameValue_TaxEfficiency.smali	0
/tmp/w3a/smali/aoc/kingdoms/lukasz/jakowski/GameValues$GameValue_Text.smali	0
/tmp/w3a/smali/aoc/kingdoms/lukasz/jakowski/GameValues$GameValue_Vassal.smali	0
/tmp/w3a/smali/aoc/kingdoms/lukasz/jakowski/GameValues$GameValue_War.smali	0
/tmp/w3a/smali/aoc/kingdoms/lukasz/jakowski/GameValues$GameValue_WarWeariness.smali	0
/tmp/w3a/smali/aoc/kingdoms/lukasz/jakowski/GameValues$GameValue_Zoom.smali	0
/tmp/w3a/smali/aoc/kingdoms/lukasz/jakowski/GameValues.smali	0
/tmp/w3a/smali/aoc/kingdoms/lukasz/jakowski/Game_Ages$ConfigAgesData.smali	0
/tmp/w3a/smali/aoc/kingdoms/lukasz/jakowski/Game_Ages$Data_Ages.smali	0
/tmp/w3a/smali/aoc/kingdoms/lukasz/jakowski/Game_Ages.smali	0
/tmp/w3a/smali/aoc/kingdoms/lukasz/jakowski/Game_Calendar.smali	0
/tmp/w3a/smali/aoc/kingdoms/lukasz/jakowski/GlyphLayout_Game.smali	0
/tmp/w3a/smali/aoc/kingdoms/lukasz/jakowski/Keyboard$1.smali	0
/tmp/w3a/smali/aoc/kingdoms/lukasz/jakowski/Keyboard$10.smali	0
/tmp/w3a/smali/aoc/kingdoms/lukasz/jakowski/Keyboard$11.smali	0
/tmp/w3a/smali/aoc/kingdoms/lukasz/jakowski/Keyboard$12.smali	0
/tmp/w3a/smali/aoc/kingdoms/lukasz/jakowski/Keyboard$13.smali	0
/tmp/w3a/smali/aoc/kingdoms/lukasz/jakowski/Keyboard$14.smali	0
/tmp/w3a/smali/aoc/kingdoms/lukasz/jakowski/Keyboard$15.smali	0
/tmp/w3a/smali/aoc/kingdoms/lukasz/jakowski/Keyboard$16.smali	0
/tmp/w3a/smali/aoc/kingdoms/lukasz/jakowski/Keyboard$17.smali	0
/tmp/w3a/smali/aoc/kingdoms/lukasz/jakowski/Keyboard$18.smali	0
/tmp/w3a/smali/aoc/kingdoms/lukasz/jakowski/Keyboard$19.smali	0
/tmp/w3a/smali/aoc/kingdoms/lukasz/jakowski/Keyboard$2.smali	0
/tmp/w3a/smali/aoc/kingdoms/lukasz/jakowski/Keyboard$20.smali	0
/tmp/w3a/smali/aoc/kingdoms/lukasz/jakowski/Keyboard$21.smali	0
/tmp/w3a/smali/aoc/kingdoms/lukasz/jakowski/Keyboard$22.smali	0
/tmp/w3a/smali/aoc/kingdoms/lukasz/jakowski/Keyboard$23.smali	0
/tmp/w3a/smali/aoc/kingdoms/lukasz/jakowski/Keyboard$24.smali	0
/tmp/w3a/smali/aoc/kingdoms/lukasz/jakowski/Keyboard$25.smali	0
/tmp/w3a/smali/aoc/kingdoms/lukasz/jakowski/Keyboard$26.smali	0
/tmp/w3a/smali/aoc/kingdoms/lukasz/jakowski/Keyboard$27.smali	0
/tmp/w3a/smali/aoc/kingdoms/lukasz/jakowski/Keyboard$28.smali	0
/tmp/w3a/smali/aoc/kingdoms/lukasz/jakowski/Keyboard$29.smali	0
/tmp/w3a/smali/aoc/kingdoms/lukasz/jakowski/Keyboard$3.smali	0
/tmp/w3a/smali/aoc/kingdoms/lukasz/jakowski/Keyboard$30.smali	0
/tmp/w3a/smali/aoc/kingdoms/lukasz/jakowski/Keyboard$31.smali	0
/tmp/w3a/smali/aoc/kingdoms/lukasz/jakowski/Keyboard$32.smali	0
/tmp/w3a/smali/aoc/kingdoms/lukasz/jakowski/Keyboard$33.smali	0
/tmp/w3a/smali/aoc/kingdoms/lukasz/jakowski/Keyboard$34.smali	0
/tmp/w3a/smali/aoc/kingdoms/lukasz/jakowski/Keyboard$35.smali	0
/tmp/w3a/smali/aoc/kingdoms/lukasz/jakowski/Keyboard$36.smali	0
/tmp/w3a/smali/aoc/kingdoms/lukasz/jakowski/Keyboard$37.smali	0
/tmp/w3a/smali/aoc/kingdoms/lukasz/jakowski/Keyboard$38.smali	0
/tmp/w3a/smali/aoc/kingdoms/lukasz/jakowski/Keyboard$39.smali	0
/tmp/w3a/smali/aoc/kingdoms/lukasz/jakowski/Keyboard$4.smali	0
/tmp/w3a/smali/aoc/kingdoms/lukasz/jakowski/Keyboard$40.smali	0
/tmp/w3a/smali/aoc/kingdoms/lukasz/jakowski/Keyboard$41.smali	0
/tmp/w3a/smali/aoc/kingdoms/lukasz/jakowski/Keyboard$42.smali	0
/tmp/w3a/smali/aoc/kingdoms/lukasz/jakowski/Keyboard$43.smali	0
/tmp/w3a/smali/aoc/kingdoms/lukasz/jakowski/Keyboard$44.smali	0
/tmp/w3a/smali/aoc/kingdoms/lukasz/jakowski/Keyboard$45.smali	0
/tmp/w3a/smali/aoc/kingdoms/lukasz/jakowski/Keyboard$46.smali	0
/tmp/w3a/smali/aoc/kingdoms/lukasz/jakowski/Keyboard$47.smali	0
/tmp/w3a/smali/aoc/kingdoms/lukasz/jakowski/Keyboard$48.smali	0
/tmp/w3a/smali/aoc/kingdoms/lukasz/jakowski/Keyboard$49.smali	0
/tmp/w3a/smali/aoc/kingdoms/lukasz/jakowski/Keyboard$5.smali	0
/tmp/w3a/smali/aoc/kingdoms/lukasz/jakowski/Keyboard$50.smali	0
/tmp/w3a/smali/aoc/kingdoms/lukasz/jakowski/Keyboard$51.smali	0
/tmp/w3a/smali/aoc/kingdoms/lukasz/jakowski/Keyboard$52.smali	0
/tmp/w3a/smali/aoc/kingdoms/lukasz/jakowski/Keyboard$53.smali	0
/tmp/w3a/smali/aoc/kingdoms/lukasz/jakowski/Keyboard$54.smali	0
/tmp/w3a/smali/aoc/kingdoms/lukasz/jakowski/Keyboard$55.smali	0
/tmp/w3a/smali/aoc/kingdoms/lukasz/jakowski/Keyboard$6$1.smali	0
/tmp/w3a/smali/aoc/kingdoms/lukasz/jakowski/Keyboard$6$2.smali	0
/tmp/w3a/smali/aoc/kingdoms/lukasz/jakowski/Keyboard$6$3.smali	0
/tmp/w3a/smali/aoc/kingdoms/lukasz/jakowski/Keyboard$6.smali	0
/tmp/w3a/smali/aoc/kingdoms/lukasz/jakowski/Keyboard$7$1.smali	0
/tmp/w3a/smali/aoc/kingdoms/lukasz/jakowski/Keyboard$7.smali	0
/tmp/w3a/smali/aoc/kingdoms/lukasz/jakowski/Keyboard$8.smali	0
/tmp/w3a/smali/aoc/kingdoms/lukasz/jakowski/Keyboard$9.smali	0
/tmp/w3a/smali/aoc/kingdoms/lukasz/jakowski/Keyboard$KeyboardActionType.smali	0
/tmp/w3a/smali/aoc/kingdoms/lukasz/jakowski/Keyboard$Keyboard_Action.smali	0
/tmp/w3a/smali/aoc/kingdoms/lukasz/jakowski/Keyboard.smali	0
/tmp/w3a/smali/aoc/kingdoms/lukasz/jakowski/LanguageManager$1.smali	0
/tmp/w3a/smali/aoc/kingdoms/lukasz/jakowski/LanguageManager$2.smali	0
/tmp/w3a/smali/aoc/kingdoms/lukasz/jakowski/LanguageManager$KeyOutput.smali	0
/tmp/w3a/smali/aoc/kingdoms/lukasz/jakowski/LanguageManager.smali	0
/tmp/w3a/smali/aoc/kingdoms/lukasz/jakowski/Missions/Mission.smali	0
/tmp/w3a/smali/aoc/kingdoms/lukasz/jakowski/Missions/MissionTree$1.smali	0
/tmp/w3a/smali/aoc/kingdoms/lukasz/jakowski/Missions/MissionTree$2.smali	0
/tmp/w3a/smali/aoc/kingdoms/lukasz/jakowski/Missions/MissionTree$ConfigMissionsData.smali	0
/tmp/w3a/smali/aoc/kingdoms/lukasz/jakowski/Missions/MissionTree.smali	0
/tmp/w3a/smali/aoc/kingdoms/lukasz/jakowski/Player/MessageTypes/PMessage.smali	0
/tmp/w3a/smali/aoc/kingdoms/lukasz/jakowski/Player/MessageTypes/PMessageAlliance.smali	0
/tmp/w3a/smali/aoc/kingdoms/lukasz/jakowski/Player/MessageTypes/PMessageAllianceExpired.smali	0
/tmp/w3a/smali/aoc/kingdoms/lukasz/jakowski/Player/MessageTypes/PMessageCallToWar$1.smali	0
/tmp/w3a/smali/aoc/kingdoms/lukasz/jakowski/Player/MessageTypes/PMessageCallToWar$2.smali	0
/tmp/w3a/smali/aoc/kingdoms/lukasz/jakowski/Player/MessageTypes/PMessageCallToWar.smali	0
/tmp/w3a/smali/aoc/kingdoms/lukasz/jakowski/Player/MessageTypes/PMessageDamagingRelations.smali	0
/tmp/w3a/smali/aoc/kingdoms/lukasz/jakowski/Player/MessageTypes/PMessageDefensivePact.smali	0
/tmp/w3a/smali/aoc/kingdoms/lukasz/jakowski/Player/MessageTypes/PMessageDefensivePactExpired.smali	0
/tmp/w3a/smali/aoc/kingdoms/lukasz/jakowski/Player/MessageTypes/PMessageDemandMilitaryAccess.smali	0
/tmp/w3a/smali/aoc/kingdoms/lukasz/jakowski/Player/MessageTypes/PMessageGift.smali	0
/tmp/w3a/smali/aoc/kingdoms/lukasz/jakowski/Player/MessageTypes/PMessageGoldenAgeMilitary.smali	0
/tmp/w3a/smali/aoc/kingdoms/lukasz/jakowski/Player/MessageTypes/PMessageGoldenAgeProsperity.smali	0
/tmp/w3a/smali/aoc/kingdoms/lukasz/jakowski/Player/MessageTypes/PMessageGoldenAgeScience.smali	0
/tmp/w3a/smali/aoc/kingdoms/lukasz/jakowski/Player/MessageTypes/PMessageGuarantee.smali	0
/tmp/w3a/smali/aoc/kingdoms/lukasz/jakowski/Player/MessageTypes/PMessageGuaranteeExpired_OurInd.smali	0
/tmp/w3a/smali/aoc/kingdoms/lukasz/jakowski/Player/MessageTypes/PMessageGuaranteeExpired_We.smali	0
/tmp/w3a/smali/aoc/kingdoms/lukasz/jakowski/Player/MessageTypes/PMessageImprovingRelations.smali	0
/tmp/w3a/smali/aoc/kingdoms/lukasz/jakowski/Player/MessageTypes/PMessageInsult.smali	0
/tmp/w3a/smali/aoc/kingdoms/lukasz/jakowski/Player/MessageTypes/PMessageMilitaryAccessExpired.smali	0
/tmp/w3a/smali/aoc/kingdoms/lukasz/jakowski/Player/MessageTypes/PMessageMilitaryAccessRefused.smali	0
/tmp/w3a/smali/aoc/kingdoms/lukasz/jakowski/Player/MessageTypes/PMessageNonAggressionPact.smali	0
/tmp/w3a/smali/aoc/kingdoms/lukasz/jakowski/Player/MessageTypes/PMessageNonAggressionPactExpired.smali	0
/tmp/w3a/smali/aoc/kingdoms/lukasz/jakowski/Player/MessageTypes/PMessageRivalryExpired.smali	0
/tmp/w3a/smali/aoc/kingdoms/lukasz/jakowski/Player/MessageTypes/PMessageRivals.smali	0
/tmp/w3a/smali/aoc/kingdoms/lukasz/jakowski/Player/MessageTypes/PMessageTruce.smali	0
/tmp/w3a/smali/aoc/kingdoms/lukasz/jakowski/Player/MessageTypes/PMessageTruceExpired.smali	0
/tmp/w3a/smali/aoc/kingdoms/lukasz/jakowski/Player/MessageTypes/PMessageWar.smali	0
/tmp/w3a/smali/aoc/kingdoms/lukasz/jakowski/Player/MessageTypes/PMessage_ChooseRivals.smali	0
/tmp/w3a/smali/aoc/kingdoms/lukasz/jakowski/Player/More/PlayerActiveEvent.smali	0
/tmp/w3a/smali/aoc/kingdoms/lukasz/jakowski/Player/More/PlayerCurrentSituation.smali	0
/tmp/w3a/smali/aoc/kingdoms/lukasz/jakowski/Player/More/PlayerData.smali	0
/tmp/w3a/smali/aoc/kingdoms/lukasz/jakowski/Player/More/PlayerEspionage.smali	0
/tmp/w3a/smali/aoc/kingdoms/lukasz/jakowski/Player/More/PlayerFogOfWar.smali	0
/tmp/w3a/smali/aoc/kingdoms/lukasz/jakowski/Player/More/PlayerInvasion.smali	0
/tmp/w3a/smali/aoc/kingdoms/lukasz/jakowski/Player/More/PlayerStats.smali	0
/tmp/w3a/smali/aoc/kingdoms/lukasz/jakowski/Player/More/PlayerStats2.smali	0
/tmp/w3a/smali/aoc/kingdoms/lukasz/jakowski/Player/More/PlayerStats3.smali	0
/tmp/w3a/smali/aoc/kingdoms/lukasz/jakowski/Player/More/PlayerTechQueue.smali	0
/tmp/w3a/smali/aoc/kingdoms/lukasz/jakowski/Player/More/gd/dXPEBAuJCpVqMX.smali	0
/tmp/w3a/smali/aoc/kingdoms/lukasz/jakowski/Player/Notification/Notification$1.smali	0
/tmp/w3a/smali/aoc/kingdoms/lukasz/jakowski/Player/Notification/Notification$Notification_BG.smali	0
/tmp/w3a/smali/aoc/kingdoms/lukasz/jakowski/Player/Notification/Notification$Notification_Type.smali	0
/tmp/w3a/smali/aoc/kingdoms/lukasz/jakowski/Player/Notification/Notification.smali	0
/tmp/w3a/smali/aoc/kingdoms/lukasz/jakowski/Player/Player$1.smali	0
/tmp/w3a/smali/aoc/kingdoms/lukasz/jakowski/Player/Player$10.smali	0
/tmp/w3a/smali/aoc/kingdoms/lukasz/jakowski/Player/Player$2.smali	0
/tmp/w3a/smali/aoc/kingdoms/lukasz/jakowski/Player/Player$3.smali	0
/tmp/w3a/smali/aoc/kingdoms/lukasz/jakowski/Player/Player$4.smali	0
/tmp/w3a/smali/aoc/kingdoms/lukasz/jakowski/Player/Player$5.smali	0
/tmp/w3a/smali/aoc/kingdoms/lukasz/jakowski/Player/Player$6.smali	0
/tmp/w3a/smali/aoc/kingdoms/lukasz/jakowski/Player/Player$7.smali	0
/tmp/w3a/smali/aoc/kingdoms/lukasz/jakowski/Player/Player$8.smali	0
/tmp/w3a/smali/aoc/kingdoms/lukasz/jakowski/Player/Player$9.smali	0
/tmp/w3a/smali/aoc/kingdoms/lukasz/jakowski/Player/Player.smali	0
/tmp/w3a/smali/aoc/kingdoms/lukasz/jakowski/R$attr.smali	0
/tmp/w3a/smali/aoc/kingdoms/lukasz/jakowski/R$color.smali	0
/tmp/w3a/smali/aoc/kingdoms/lukasz/jakowski/R$dimen.smali	0
/tmp/w3a/smali/aoc/kingdoms/lukasz/jakowski/R$drawable.smali	0
/tmp/w3a/smali/aoc/kingdoms/lukasz/jakowski/R$id.smali	0
/tmp/w3a/smali/aoc/kingdoms/lukasz/jakowski/R$integer.smali	0
/tmp/w3a/smali/aoc/kingdoms/lukasz/jakowski/R$layout.smali	0
/tmp/w3a/smali/aoc/kingdoms/lukasz/jakowski/R$mipmap.smali	0
/tmp/w3a/smali/aoc/kingdoms/lukasz/jakowski/R$string.smali	0
/tmp/w3a/smali/aoc/kingdoms/lukasz/jakowski/R$style.smali	0
/tmp/w3a/smali/aoc/kingdoms/lukasz/jakowski/R$styleable.smali	0
/tmp/w3a/smali/aoc/kingdoms/lukasz/jakowski/R.smali	0
/tmp/w3a/smali/aoc/kingdoms/lukasz/jakowski/Region.smali	0
/tmp/w3a/smali/aoc/kingdoms/lukasz/jakowski/RegionManager.smali	0
/tmp/w3a/smali/aoc/kingdoms/lukasz/jakowski/Renderer/Renderer$SimpleTaskArmyText.smali	0
/tmp/w3a/smali/aoc/kingdoms/lukasz/jakowski/Renderer/Renderer.smali	0
/tmp/w3a/smali/aoc/kingdoms/lukasz/jakowski/Renderer/RendererAnimationNuke.smali	0
/tmp/w3a/smali/aoc/kingdoms/lukasz/jakowski/Renderer/RendererGame$1.smali	0
/tmp/w3a/smali/aoc/kingdoms/lukasz/jakowski/Renderer/RendererGame$2.smali	0
/tmp/w3a/smali/aoc/kingdoms/lukasz/jakowski/Renderer/RendererGame$3.smali	0
/tmp/w3a/smali/aoc/kingdoms/lukasz/jakowski/Renderer/RendererGame$4.smali	0
/tmp/w3a/smali/aoc/kingdoms/lukasz/jakowski/Renderer/RendererGame$5.smali	0
/tmp/w3a/smali/aoc/kingdoms/lukasz/jakowski/Renderer/RendererGame$6.smali	0
/tmp/w3a/smali/aoc/kingdoms/lukasz/jakowski/Renderer/RendererGame$7.smali	0
/tmp/w3a/smali/aoc/kingdoms/lukasz/jakowski/Renderer/RendererGame$8.smali	0
/tmp/w3a/smali/aoc/kingdoms/lukasz/jakowski/Renderer/RendererGame$RendererGameINT.smali	0
/tmp/w3a/smali/aoc/kingdoms/lukasz/jakowski/Renderer/RendererGame.smali	0
/tmp/w3a/smali/aoc/kingdoms/lukasz/jakowski/Renderer/SparksAnimation.smali	0
/tmp/w3a/smali/aoc/kingdoms/lukasz/jakowski/RomanNumber.smali	0
/tmp/w3a/smali/aoc/kingdoms/lukasz/jakowski/SaveLoad/ExportData$FormableCiv_Export.smali	0
/tmp/w3a/smali/aoc/kingdoms/lukasz/jakowski/SaveLoad/ExportData$Save_ProvinceData_3M.smali	0
/tmp/w3a/smali/aoc/kingdoms/lukasz/jakowski/SaveLoad/ExportData$Save_ProvinceData_Images.smali	0
/tmp/w3a/smali/aoc/kingdoms/lukasz/jakowski/SaveLoad/ExportData$Save_ProvinceData_ScenarioCivs.smali	0
/tmp/w3a/smali/aoc/kingdoms/lukasz/jakowski/SaveLoad/ExportData.smali	0
/tmp/w3a/smali/aoc/kingdoms/lukasz/jakowski/SaveLoad/ExportScenarioAsMod.smali	0
/tmp/w3a/smali/aoc/kingdoms/lukasz/jakowski/SaveLoad/LoadManager$ConfigJson.smali	0
/tmp/w3a/smali/aoc/kingdoms/lukasz/jakowski/SaveLoad/LoadManager$ConfigJson2.smali	0
/tmp/w3a/smali/aoc/kingdoms/lukasz/jakowski/SaveLoad/LoadManager$Data_ProvinceBorder.smali	0
/tmp/w3a/smali/aoc/kingdoms/lukasz/jakowski/SaveLoad/LoadManager$Data_ProvincePoints.smali	0
/tmp/w3a/smali/aoc/kingdoms/lukasz/jakowski/SaveLoad/LoadManager$ProvinceDetails.smali	0
/tmp/w3a/smali/aoc/kingdoms/lukasz/jakowski/SaveLoad/LoadManager$ProvinceNamesPoints.smali	0
/tmp/w3a/smali/aoc/kingdoms/lukasz/jakowski/SaveLoad/LoadManager$ScenarioData.smali	0
/tmp/w3a/smali/aoc/kingdoms/lukasz/jakowski/SaveLoad/LoadManager.smali	0
/tmp/w3a/smali/aoc/kingdoms/lukasz/jakowski/SaveLoad/LoadSavedGameManager.smali	0
/tmp/w3a/smali/aoc/kingdoms/lukasz/jakowski/SaveLoad/SaveGameManager$1.smali	0
/tmp/w3a/smali/aoc/kingdoms/lukasz/jakowski/SaveLoad/SaveGameManager$SaveDetails.smali	0
/tmp/w3a/smali/aoc/kingdoms/lukasz/jakowski/SaveLoad/SaveGameManager$Save_AirMission.smali	0
/tmp/w3a/smali/aoc/kingdoms/lukasz/jakowski/SaveLoad/SaveGameManager$Save_AirUnit.smali	0
/tmp/w3a/smali/aoc/kingdoms/lukasz/jakowski/SaveLoad/SaveGameManager$Save_Airforce.smali	0
/tmp/w3a/smali/aoc/kingdoms/lukasz/jakowski/SaveLoad/SaveGameManager$Save_Airport.smali	0
/tmp/w3a/smali/aoc/kingdoms/lukasz/jakowski/SaveLoad/SaveGameManager$Save_Civ_AI_CreateNewArmy.smali	0
/tmp/w3a/smali/aoc/kingdoms/lukasz/jakowski/SaveLoad/SaveGameManager$Save_Civ_AI_Merge.smali	0
/tmp/w3a/smali/aoc/kingdoms/lukasz/jakowski/SaveLoad/SaveGameManager$Save_Civ_Advisor.smali	0
/tmp/w3a/smali/aoc/kingdoms/lukasz/jakowski/SaveLoad/SaveGameManager$Save_Civ_Laws.smali	0
/tmp/w3a/smali/aoc/kingdoms/lukasz/jakowski/SaveLoad/SaveGameManager$Save_Civ_Legacies.smali	0
/tmp/w3a/smali/aoc/kingdoms/lukasz/jakowski/SaveLoad/SaveGameManager$Save_Civ_Loan.smali	0
/tmp/w3a/smali/aoc/kingdoms/lukasz/jakowski/SaveLoad/SaveGameManager$Save_Civ_MoveUnits.smali	0
/tmp/w3a/smali/aoc/kingdoms/lukasz/jakowski/SaveLoad/SaveGameManager$Save_Civ_RecruitArmy.smali	0
/tmp/w3a/smali/aoc/kingdoms/lukasz/jakowski/SaveLoad/SaveGameManager$Save_Civ_RecruitArmyCreate.smali	0
/tmp/w3a/smali/aoc/kingdoms/lukasz/jakowski/SaveLoad/SaveGameManager$Save_Civ_ResearchProgress.smali	0
/tmp/w3a/smali/aoc/kingdoms/lukasz/jakowski/SaveLoad/SaveGameManager$Save_Civ_Ruler.smali	0
/tmp/w3a/smali/aoc/kingdoms/lukasz/jakowski/SaveLoad/SaveGameManager$Save_Civ_TemporaryBonuses.smali	0
/tmp/w3a/smali/aoc/kingdoms/lukasz/jakowski/SaveLoad/SaveGameManager$Save_Civ_UnlockedAdvantages.smali	0
/tmp/w3a/smali/aoc/kingdoms/lukasz/jakowski/SaveLoad/SaveGameManager$Save_Civ_UnlockedTechnologies.smali	0
/tmp/w3a/smali/aoc/kingdoms/lukasz/jakowski/SaveLoad/SaveGameManager$Save_ProvinceInvest.smali	0
/tmp/w3a/smali/aoc/kingdoms/lukasz/jakowski/SaveLoad/SaveGameManager$Save_ProvinceInvest_Single.smali	0
/tmp/w3a/smali/aoc/kingdoms/lukasz/jakowski/SaveLoad/SaveGameManager$Save_Province_Plague.smali	0
/tmp/w3a/smali/aoc/kingdoms/lukasz/jakowski/SaveLoad/SaveGameManager$Save_Provinces_ArmyDivision.smali	0
/tmp/w3a/smali/aoc/kingdoms/lukasz/jakowski/SaveLoad/SaveGameManager$Save_Provinces_ArmyRegiment.smali	0
/tmp/w3a/smali/aoc/kingdoms/lukasz/jakowski/SaveLoad/SaveGameManager$ScenarioData_ProvinceConstructionBuilding.smali	0
/tmp/w3a/smali/aoc/kingdoms/lukasz/jakowski/SaveLoad/SaveGameManager.smali	0
/tmp/w3a/smali/aoc/kingdoms/lukasz/jakowski/SaveLoad/SaveManager$ScenarioData_Army.smali	0
/tmp/w3a/smali/aoc/kingdoms/lukasz/jakowski/SaveLoad/SaveManager$ScenarioData_Buildings.smali	0
/tmp/w3a/smali/aoc/kingdoms/lukasz/jakowski/SaveLoad/SaveManager$ScenarioData_Diplomacy.smali	0
/tmp/w3a/smali/aoc/kingdoms/lukasz/jakowski/SaveLoad/SaveManager$ScenarioData_Relations.smali	0
/tmp/w3a/smali/aoc/kingdoms/lukasz/jakowski/SaveLoad/SaveManager.smali	0
/tmp/w3a/smali/aoc/kingdoms/lukasz/jakowski/ScrollManager.smali	0
/tmp/w3a/smali/aoc/kingdoms/lukasz/jakowski/SoundsManager$1.smali	0
/tmp/w3a/smali/aoc/kingdoms/lukasz/jakowski/SoundsManager$10.smali	0
/tmp/w3a/smali/aoc/kingdoms/lukasz/jakowski/SoundsManager$11.smali	0
/tmp/w3a/smali/aoc/kingdoms/lukasz/jakowski/SoundsManager$2.smali	0
/tmp/w3a/smali/aoc/kingdoms/lukasz/jakowski/SoundsManager$3.smali	0
/tmp/w3a/smali/aoc/kingdoms/lukasz/jakowski/SoundsManager$4.smali	0
/tmp/w3a/smali/aoc/kingdoms/lukasz/jakowski/SoundsManager$5.smali	0
/tmp/w3a/smali/aoc/kingdoms/lukasz/jakowski/SoundsManager$6.smali	0
/tmp/w3a/smali/aoc/kingdoms/lukasz/jakowski/SoundsManager$7.smali	0
/tmp/w3a/smali/aoc/kingdoms/lukasz/jakowski/SoundsManager$8.smali	0
/tmp/w3a/smali/aoc/kingdoms/lukasz/jakowski/SoundsManager$9.smali	0
/tmp/w3a/smali/aoc/kingdoms/lukasz/jakowski/SoundsManager.smali	0
/tmp/w3a/smali/aoc/kingdoms/lukasz/jakowski/Stats/Stats.smali	0
/tmp/w3a/smali/aoc/kingdoms/lukasz/jakowski/Stats/StatsManager.smali	0
/tmp/w3a/smali/aoc/kingdoms/lukasz/jakowski/Steam/SteamAchievementsManager.smali	0
/tmp/w3a/smali/aoc/kingdoms/lukasz/jakowski/Steam/SteamManager$1.smali	0
/tmp/w3a/smali/aoc/kingdoms/lukasz/jakowski/Steam/SteamManager$2.smali	0
/tmp/w3a/smali/aoc/kingdoms/lukasz/jakowski/Steam/SteamManager$3.smali	0
/tmp/w3a/smali/aoc/kingdoms/lukasz/jakowski/Steam/SteamManager$4.smali	0
/tmp/w3a/smali/aoc/kingdoms/lukasz/jakowski/Steam/SteamManager$5.smali	0
/tmp/w3a/smali/aoc/kingdoms/lukasz/jakowski/Steam/SteamManager$ModData.smali	0
/tmp/w3a/smali/aoc/kingdoms/lukasz/jakowski/Steam/SteamManager.smali	0
/tmp/w3a/smali/aoc/kingdoms/lukasz/jakowski/Steam/SteamPublishThread.smali	0
/tmp/w3a/smali/aoc/kingdoms/lukasz/jakowski/Touch.smali	0
/tmp/w3a/smali/aoc/kingdoms/lukasz/jakowski/desktop/DesktopLauncher.smali	0
/tmp/w3a/smali/aoc/kingdoms/lukasz/jakowski/setting/SettingsDesktop.smali	0
/tmp/w3a/smali/aoc/kingdoms/lukasz/jakowski/setting/SettingsManager.smali	0
/tmp/w3a/smali/aoc/kingdoms/lukasz/jakowski/setting/SettingsProvince$1.smali	0
/tmp/w3a/smali/aoc/kingdoms/lukasz/jakowski/setting/SettingsProvince$2.smali	0
/tmp/w3a/smali/aoc/kingdoms/lukasz/jakowski/setting/SettingsProvince$3.smali	0
/tmp/w3a/smali/aoc/kingdoms/lukasz/jakowski/setting/SettingsProvince$4.smali	0
/tmp/w3a/smali/aoc/kingdoms/lukasz/jakowski/setting/SettingsProvince$5.smali	0
/tmp/w3a/smali/aoc/kingdoms/lukasz/jakowski/setting/SettingsProvince$6.smali	0
/tmp/w3a/smali/aoc/kingdoms/lukasz/jakowski/setting/SettingsProvince$ValuesProvinceBorder.smali	0
/tmp/w3a/smali/aoc/kingdoms/lukasz/jakowski/setting/SettingsProvince.smali	0
/tmp/w3a/smali/aoc/kingdoms/lukasz/jakowski/zOther/Point_XY.smali	0
/tmp/w3a/smali/aoc/kingdoms/lukasz/jakowski/zOther/ReligionRegionsManager.smali	0
/tmp/w3a/smali/aoc/kingdoms/lukasz/jakowski/zOther/XY.smali	0
/tmp/w3a/smali/aoc/kingdoms/lukasz/map/AdvantagesManager$Advantage.smali	0
/tmp/w3a/smali/aoc/kingdoms/lukasz/map/AdvantagesManager$ConfigAdvantageData.smali	0
/tmp/w3a/smali/aoc/kingdoms/lukasz/map/AdvantagesManager.smali	0
/tmp/w3a/smali/aoc/kingdoms/lukasz/map/BonusesManager.smali	0
/tmp/w3a/smali/aoc/kingdoms/lukasz/map/BuildingsManager$Buildings.smali	0
/tmp/w3a/smali/aoc/kingdoms/lukasz/map/BuildingsManager$ConfigBuildingsData.smali	0
/tmp/w3a/smali/aoc/kingdoms/lukasz/map/BuildingsManager.smali	0
/tmp/w3a/smali/aoc/kingdoms/lukasz/map/CoalitionManager.smali	0
/tmp/w3a/smali/aoc/kingdoms/lukasz/map/ColonizationManager.smali	0
/tmp/w3a/smali/aoc/kingdoms/lukasz/map/FormableCivManager$1.smali	0
/tmp/w3a/smali/aoc/kingdoms/lukasz/map/FormableCivManager$2.smali	0
/tmp/w3a/smali/aoc/kingdoms/lukasz/map/FormableCivManager$ConfigJson.smali	0
/tmp/w3a/smali/aoc/kingdoms/lukasz/map/FormableCivManager$FormableCiv.smali	0
/tmp/w3a/smali/aoc/kingdoms/lukasz/map/FormableCivManager.smali	0
/tmp/w3a/smali/aoc/kingdoms/lukasz/map/GeneralManager.smali	0
/tmp/w3a/smali/aoc/kingdoms/lukasz/map/IdeologiesManager$1.smali	0
/tmp/w3a/smali/aoc/kingdoms/lukasz/map/IdeologiesManager$ConfigIdeologiesData.smali	0
/tmp/w3a/smali/aoc/kingdoms/lukasz/map/IdeologiesManager$Ideology.smali	0
/tmp/w3a/smali/aoc/kingdoms/lukasz/map/IdeologiesManager.smali	0
/tmp/w3a/smali/aoc/kingdoms/lukasz/map/LawsManager$ConfigLawData.smali	0
/tmp/w3a/smali/aoc/kingdoms/lukasz/map/LawsManager$Law.smali	0
/tmp/w3a/smali/aoc/kingdoms/lukasz/map/LawsManager.smali	0
/tmp/w3a/smali/aoc/kingdoms/lukasz/map/LegacyManager$ConfigLegacyData.smali	0
/tmp/w3a/smali/aoc/kingdoms/lukasz/map/LegacyManager$Legacy.smali	0
/tmp/w3a/smali/aoc/kingdoms/lukasz/map/LegacyManager.smali	0
/tmp/w3a/smali/aoc/kingdoms/lukasz/map/Loan.smali	0
/tmp/w3a/smali/aoc/kingdoms/lukasz/map/LuckyCivsManager.smali	0
/tmp/w3a/smali/aoc/kingdoms/lukasz/map/MercenariesManager$BestArmy.smali	0
/tmp/w3a/smali/aoc/kingdoms/lukasz/map/MercenariesManager$MercenaryArmy.smali	0
/tmp/w3a/smali/aoc/kingdoms/lukasz/map/MercenariesManager.smali	0
/tmp/w3a/smali/aoc/kingdoms/lukasz/map/PeaceTreaty$1.smali	0
/tmp/w3a/smali/aoc/kingdoms/lukasz/map/PeaceTreaty$2.smali	0
/tmp/w3a/smali/aoc/kingdoms/lukasz/map/PeaceTreaty$3.smali	0
/tmp/w3a/smali/aoc/kingdoms/lukasz/map/PeaceTreaty.smali	0
/tmp/w3a/smali/aoc/kingdoms/lukasz/map/ReligionManager$Religion.smali	0
/tmp/w3a/smali/aoc/kingdoms/lukasz/map/ReligionManager.smali	0
/tmp/w3a/smali/aoc/kingdoms/lukasz/map/ResourcesManager$1.smali	0
/tmp/w3a/smali/aoc/kingdoms/lukasz/map/ResourcesManager$ConfigResourcesData.smali	0
/tmp/w3a/smali/aoc/kingdoms/lukasz/map/ResourcesManager$PriceChange.smali	0
/tmp/w3a/smali/aoc/kingdoms/lukasz/map/ResourcesManager$Resources.smali	0
/tmp/w3a/smali/aoc/kingdoms/lukasz/map/ResourcesManager.smali	0
/tmp/w3a/smali/aoc/kingdoms/lukasz/map/RivalsManager.smali	0
/tmp/w3a/smali/aoc/kingdoms/lukasz/map/Ruler.smali	0
/tmp/w3a/smali/aoc/kingdoms/lukasz/map/RulersManager$1.smali	0
/tmp/w3a/smali/aoc/kingdoms/lukasz/map/RulersManager$2.smali	0
/tmp/w3a/smali/aoc/kingdoms/lukasz/map/RulersManager$ConfigRulersData.smali	0
/tmp/w3a/smali/aoc/kingdoms/lukasz/map/RulersManager$Rulers.smali	0
/tmp/w3a/smali/aoc/kingdoms/lukasz/map/RulersManager.smali	0
/tmp/w3a/smali/aoc/kingdoms/lukasz/map/SiegeManager$1.smali	0
/tmp/w3a/smali/aoc/kingdoms/lukasz/map/SiegeManager.smali	1
/tmp/w3a/smali/aoc/kingdoms/lukasz/map/WondersManager$ConfigWondersData.smali	0
/tmp/w3a/smali/aoc/kingdoms/lukasz/map/WondersManager$Wonders.smali	0
/tmp/w3a/smali/aoc/kingdoms/lukasz/map/WondersManager.smali	0
/tmp/w3a/smali/aoc/kingdoms/lukasz/map/advisors/Advisor.smali	0
/tmp/w3a/smali/aoc/kingdoms/lukasz/map/advisors/AdvisorManager$1.smali	0
/tmp/w3a/smali/aoc/kingdoms/lukasz/map/advisors/AdvisorManager$2.smali	0
/tmp/w3a/smali/aoc/kingdoms/lukasz/map/advisors/AdvisorManager$3.smali	0
/tmp/w3a/smali/aoc/kingdoms/lukasz/map/advisors/AdvisorManager$4.smali	0
/tmp/w3a/smali/aoc/kingdoms/lukasz/map/advisors/AdvisorManager.smali	0
/tmp/w3a/smali/aoc/kingdoms/lukasz/map/advisors/AdvisorSerializer.smali	0
/tmp/w3a/smali/aoc/kingdoms/lukasz/map/allianceHRE/Alliance$1.smali	0
/tmp/w3a/smali/aoc/kingdoms/lukasz/map/allianceHRE/Alliance.smali	0
/tmp/w3a/smali/aoc/kingdoms/lukasz/map/allianceHRE/AllianceManager.smali	0
/tmp/w3a/smali/aoc/kingdoms/lukasz/map/allianceHRE/HREManager$1.smali	0
/tmp/w3a/smali/aoc/kingdoms/lukasz/map/allianceHRE/HREManager.smali	0
/tmp/w3a/smali/aoc/kingdoms/lukasz/map/army/ArmyDivision.smali	0
/tmp/w3a/smali/aoc/kingdoms/lukasz/map/army/ArmyDivision_Shadow.smali	0
/tmp/w3a/smali/aoc/kingdoms/lukasz/map/army/ArmyGeneral.smali	0
/tmp/w3a/smali/aoc/kingdoms/lukasz/map/army/ArmyInvasion.smali	0
/tmp/w3a/smali/aoc/kingdoms/lukasz/map/army/ArmyManager$ConfigUnitsData.smali	0
/tmp/w3a/smali/aoc/kingdoms/lukasz/map/army/ArmyManager$Data_Army.smali	0
/tmp/w3a/smali/aoc/kingdoms/lukasz/map/army/ArmyManager$Data_UnitTypes.smali	0
/tmp/w3a/smali/aoc/kingdoms/lukasz/map/army/ArmyManager.smali	0
/tmp/w3a/smali/aoc/kingdoms/lukasz/map/army/ArmyPosition.smali	0
/tmp/w3a/smali/aoc/kingdoms/lukasz/map/army/ArmyPositionSize.smali	0
/tmp/w3a/smali/aoc/kingdoms/lukasz/map/army/ArmyRecruit.smali	0
/tmp/w3a/smali/aoc/kingdoms/lukasz/map/army/ArmyRegiment.smali	0
/tmp/w3a/smali/aoc/kingdoms/lukasz/map/battles/AirDbgLog.smali	0
/tmp/w3a/smali/aoc/kingdoms/lukasz/map/battles/AirDefDiag.smali	1
/tmp/w3a/smali/aoc/kingdoms/lukasz/map/battles/AirDefense.smali	0
/tmp/w3a/smali/aoc/kingdoms/lukasz/map/battles/AirForceManager.smali	1
/tmp/w3a/smali/aoc/kingdoms/lukasz/map/battles/AirLat.smali	0
/tmp/w3a/smali/aoc/kingdoms/lukasz/map/battles/AirMission$MissionState.smali	0
/tmp/w3a/smali/aoc/kingdoms/lukasz/map/battles/AirMission$MissionType.smali	0
/tmp/w3a/smali/aoc/kingdoms/lukasz/map/battles/AirMission.smali	0
/tmp/w3a/smali/aoc/kingdoms/lukasz/map/battles/AirPosProbe.smali	0
/tmp/w3a/smali/aoc/kingdoms/lukasz/map/battles/AirUnit$AirType.smali	0
/tmp/w3a/smali/aoc/kingdoms/lukasz/map/battles/AirUnit$Mission.smali	0
/tmp/w3a/smali/aoc/kingdoms/lukasz/map/battles/AirUnit.smali	0
/tmp/w3a/smali/aoc/kingdoms/lukasz/map/battles/AircraftDataManager$AircraftTypeData.smali	0
/tmp/w3a/smali/aoc/kingdoms/lukasz/map/battles/AircraftDataManager$ConfigAircraftData.smali	0
/tmp/w3a/smali/aoc/kingdoms/lukasz/map/battles/AircraftDataManager.smali	0
/tmp/w3a/smali/aoc/kingdoms/lukasz/map/battles/Airport$Mode.smali	0
/tmp/w3a/smali/aoc/kingdoms/lukasz/map/battles/Airport.smali	0
/tmp/w3a/smali/aoc/kingdoms/lukasz/map/battles/Battle.smali	0
/tmp/w3a/smali/aoc/kingdoms/lukasz/map/battles/BattleLine.smali	0
/tmp/w3a/smali/aoc/kingdoms/lukasz/map/battles/BattleManager.smali	0
/tmp/w3a/smali/aoc/kingdoms/lukasz/map/battles/BattleRegiment.smali	0
/tmp/w3a/smali/aoc/kingdoms/lukasz/map/battles/BattleReport$CivReport.smali	0
/tmp/w3a/smali/aoc/kingdoms/lukasz/map/battles/BattleReport.smali	0
/tmp/w3a/smali/aoc/kingdoms/lukasz/map/battles/RadarDataManager$ConfigRadarData.smali	0
/tmp/w3a/smali/aoc/kingdoms/lukasz/map/battles/RadarDataManager$ImprovedData.smali	0
/tmp/w3a/smali/aoc/kingdoms/lukasz/map/battles/RadarDataManager$RadarTypeData.smali	0
/tmp/w3a/smali/aoc/kingdoms/lukasz/map/battles/RadarDataManager.smali	0
/tmp/w3a/smali/aoc/kingdoms/lukasz/map/battles/RealTimeSim$FlyingEntity.smali	0
/tmp/w3a/smali/aoc/kingdoms/lukasz/map/battles/RealTimeSim.smali	0
/tmp/w3a/smali/aoc/kingdoms/lukasz/map/civilization/Civilization$1.smali	0
/tmp/w3a/smali/aoc/kingdoms/lukasz/map/civilization/Civilization$2.smali	0
/tmp/w3a/smali/aoc/kingdoms/lukasz/map/civilization/Civilization$3.smali	0
/tmp/w3a/smali/aoc/kingdoms/lukasz/map/civilization/Civilization$4.smali	0
/tmp/w3a/smali/aoc/kingdoms/lukasz/map/civilization/Civilization$5.smali	0
/tmp/w3a/smali/aoc/kingdoms/lukasz/map/civilization/Civilization.smali	0
/tmp/w3a/smali/aoc/kingdoms/lukasz/map/civilization/CivilizationAdvisorsPool.smali	0
/tmp/w3a/smali/aoc/kingdoms/lukasz/map/civilization/CivilizationBonuses.smali	0
/tmp/w3a/smali/aoc/kingdoms/lukasz/map/civilization/CivilizationBonusesSerializer.smali	0
/tmp/w3a/smali/aoc/kingdoms/lukasz/map/civilization/CivilizationEventsData_Variables.smali	0
/tmp/w3a/smali/aoc/kingdoms/lukasz/map/civilization/CivilizationGeneralsPool.smali	0
/tmp/w3a/smali/aoc/kingdoms/lukasz/map/civilization/CivilizationGoldenAge.smali	0
/tmp/w3a/smali/aoc/kingdoms/lukasz/map/civilization/CivilizationLegacy.smali	0
/tmp/w3a/smali/aoc/kingdoms/lukasz/map/civilization/CivilizationRanking$SortedElements.smali	0
/tmp/w3a/smali/aoc/kingdoms/lukasz/map/civilization/CivilizationRanking.smali	0
/tmp/w3a/smali/aoc/kingdoms/lukasz/map/civilization/CivilizationRegion.smali	0
/tmp/w3a/smali/aoc/kingdoms/lukasz/map/civilization/CivilizationRegionsManager$1.smali	0
/tmp/w3a/smali/aoc/kingdoms/lukasz/map/civilization/CivilizationRegionsManager$2.smali	0
/tmp/w3a/smali/aoc/kingdoms/lukasz/map/civilization/CivilizationRegionsManager$3.smali	0
/tmp/w3a/smali/aoc/kingdoms/lukasz/map/civilization/CivilizationRegionsManager$4.smali	0
/tmp/w3a/smali/aoc/kingdoms/lukasz/map/civilization/CivilizationRegionsManager$5.smali	0
/tmp/w3a/smali/aoc/kingdoms/lukasz/map/civilization/CivilizationRegionsManager$Renderer_CivRegionNames.smali	0
/tmp/w3a/smali/aoc/kingdoms/lukasz/map/civilization/CivilizationRegionsManager.smali	0
/tmp/w3a/smali/aoc/kingdoms/lukasz/map/civilization/CivilizationsNeighbors$CivNeighbor.smali	0
/tmp/w3a/smali/aoc/kingdoms/lukasz/map/civilization/CivilizationsNeighbors.smali	0
/tmp/w3a/smali/aoc/kingdoms/lukasz/map/civilization/data/Civilization_ArmiesWithoutGenerals.smali	0
/tmp/w3a/smali/aoc/kingdoms/lukasz/map/civilization/data/Civilization_ConvertReligion.smali	0
/tmp/w3a/smali/aoc/kingdoms/lukasz/map/civilization/data/Civilization_Cores.smali	0
/tmp/w3a/smali/aoc/kingdoms/lukasz/map/civilization/save/CivData.smali	0
/tmp/w3a/smali/aoc/kingdoms/lukasz/map/civilization/save/CivData2.smali	0
/tmp/w3a/smali/aoc/kingdoms/lukasz/map/civilization/save/CivData3.smali	0
/tmp/w3a/smali/aoc/kingdoms/lukasz/map/civilization/save/CivData3Serializer.smali	0
/tmp/w3a/smali/aoc/kingdoms/lukasz/map/civilization/save/CivData4.smali	0
/tmp/w3a/smali/aoc/kingdoms/lukasz/map/civilization/save/CivData4Serializer.smali	0
/tmp/w3a/smali/aoc/kingdoms/lukasz/map/civilization/stats/CivilizationEventsData.smali	0
/tmp/w3a/smali/aoc/kingdoms/lukasz/map/civilization/stats/CivilizationEventsData2.smali	0
/tmp/w3a/smali/aoc/kingdoms/lukasz/map/civilization/stats/CivilizationEventsData2Serializer.smali	0
/tmp/w3a/smali/aoc/kingdoms/lukasz/map/civilization/stats/CivilizationEventsData3.smali	0
/tmp/w3a/smali/aoc/kingdoms/lukasz/map/civilization/stats/CivilizationEventsData3Serializer.smali	0
/tmp/w3a/smali/aoc/kingdoms/lukasz/map/civilization/stats/CivilizationEventsDataSerializer.smali	0
/tmp/w3a/smali/aoc/kingdoms/lukasz/map/clouds/Cloud.smali	0
/tmp/w3a/smali/aoc/kingdoms/lukasz/map/clouds/CloudsManager$1.smali	0
/tmp/w3a/smali/aoc/kingdoms/lukasz/map/clouds/CloudsManager$2.smali	0
/tmp/w3a/smali/aoc/kingdoms/lukasz/map/clouds/CloudsManager$3.smali	0
/tmp/w3a/smali/aoc/kingdoms/lukasz/map/clouds/CloudsManager$CloudsInterface.smali	0
/tmp/w3a/smali/aoc/kingdoms/lukasz/map/clouds/CloudsManager$CloudsSettings.smali	0
/tmp/w3a/smali/aoc/kingdoms/lukasz/map/clouds/CloudsManager.smali	0
/tmp/w3a/smali/aoc/kingdoms/lukasz/map/diplomacy/Diplomacy$1.smali	0
/tmp/w3a/smali/aoc/kingdoms/lukasz/map/diplomacy/Diplomacy$DiplomacyData.smali	0
/tmp/w3a/smali/aoc/kingdoms/lukasz/map/diplomacy/Diplomacy.smali	0
/tmp/w3a/smali/aoc/kingdoms/lukasz/map/diplomacy/DiplomacyEspionageMission.smali	0
/tmp/w3a/smali/aoc/kingdoms/lukasz/map/diplomacy/DiplomacyManager$1.smali	0
/tmp/w3a/smali/aoc/kingdoms/lukasz/map/diplomacy/DiplomacyManager$2.smali	0
/tmp/w3a/smali/aoc/kingdoms/lukasz/map/diplomacy/DiplomacyManager$3.smali	0
/tmp/w3a/smali/aoc/kingdoms/lukasz/map/diplomacy/DiplomacyManager$4.smali	0
/tmp/w3a/smali/aoc/kingdoms/lukasz/map/diplomacy/DiplomacyManager$5.smali	0
/tmp/w3a/smali/aoc/kingdoms/lukasz/map/diplomacy/DiplomacyManager$6.smali	0
/tmp/w3a/smali/aoc/kingdoms/lukasz/map/diplomacy/DiplomacyManager$7.smali	0
/tmp/w3a/smali/aoc/kingdoms/lukasz/map/diplomacy/DiplomacyManager$8.smali	0
/tmp/w3a/smali/aoc/kingdoms/lukasz/map/diplomacy/DiplomacyManager.smali	0
/tmp/w3a/smali/aoc/kingdoms/lukasz/map/diplomacy/Diplomacy_RelationsAction.smali	0
/tmp/w3a/smali/aoc/kingdoms/lukasz/map/diplomacy/LibertyDesireManager.smali	0
/tmp/w3a/smali/aoc/kingdoms/lukasz/map/diplomacy/Vassal.smali	0
/tmp/w3a/smali/aoc/kingdoms/lukasz/map/map/City$1.smali	0
/tmp/w3a/smali/aoc/kingdoms/lukasz/map/map/City$2.smali	0
/tmp/w3a/smali/aoc/kingdoms/lukasz/map/map/City.smali	0
/tmp/w3a/smali/aoc/kingdoms/lukasz/map/map/Continents$Continent.smali	0
/tmp/w3a/smali/aoc/kingdoms/lukasz/map/map/Continents.smali	0
/tmp/w3a/smali/aoc/kingdoms/lukasz/map/map/GeographicalRegions$GeographicalRegion.smali	0
/tmp/w3a/smali/aoc/kingdoms/lukasz/map/map/GeographicalRegions.smali	0
/tmp/w3a/smali/aoc/kingdoms/lukasz/map/map/Map$1.smali	0
/tmp/w3a/smali/aoc/kingdoms/lukasz/map/map/Map$2.smali	0
/tmp/w3a/smali/aoc/kingdoms/lukasz/map/map/Map$3.smali	0
/tmp/w3a/smali/aoc/kingdoms/lukasz/map/map/Map$4.smali	0
/tmp/w3a/smali/aoc/kingdoms/lukasz/map/map/Map$Config.smali	0
/tmp/w3a/smali/aoc/kingdoms/lukasz/map/map/Map$DrawProvincesFlags.smali	0
/tmp/w3a/smali/aoc/kingdoms/lukasz/map/map/Map$Maps.smali	0
/tmp/w3a/smali/aoc/kingdoms/lukasz/map/map/Map.smali	0
/tmp/w3a/smali/aoc/kingdoms/lukasz/map/map/MapBG$1.smali	0
/tmp/w3a/smali/aoc/kingdoms/lukasz/map/map/MapBG$10.smali	0
/tmp/w3a/smali/aoc/kingdoms/lukasz/map/map/MapBG$2.smali	0
/tmp/w3a/smali/aoc/kingdoms/lukasz/map/map/MapBG$3.smali	0
/tmp/w3a/smali/aoc/kingdoms/lukasz/map/map/MapBG$4.smali	0
/tmp/w3a/smali/aoc/kingdoms/lukasz/map/map/MapBG$5.smali	0
/tmp/w3a/smali/aoc/kingdoms/lukasz/map/map/MapBG$6.smali	0
/tmp/w3a/smali/aoc/kingdoms/lukasz/map/map/MapBG$7.smali	0
/tmp/w3a/smali/aoc/kingdoms/lukasz/map/map/MapBG$8.smali	0
/tmp/w3a/smali/aoc/kingdoms/lukasz/map/map/MapBG$9.smali	0
/tmp/w3a/smali/aoc/kingdoms/lukasz/map/map/MapBG$ConfigJson.smali	0
/tmp/w3a/smali/aoc/kingdoms/lukasz/map/map/MapBG$MapBGSea.smali	0
/tmp/w3a/smali/aoc/kingdoms/lukasz/map/map/MapBG$MapBorder.smali	0
/tmp/w3a/smali/aoc/kingdoms/lukasz/map/map/MapBG$MapShader.smali	0
/tmp/w3a/smali/aoc/kingdoms/lukasz/map/map/MapBG$OutsideMapImage.smali	0
/tmp/w3a/smali/aoc/kingdoms/lukasz/map/map/MapBG$WorldMap.smali	0
/tmp/w3a/smali/aoc/kingdoms/lukasz/map/map/MapBG.smali	0
/tmp/w3a/smali/aoc/kingdoms/lukasz/map/map/MapCities$1.smali	0
/tmp/w3a/smali/aoc/kingdoms/lukasz/map/map/MapCities$10.smali	0
/tmp/w3a/smali/aoc/kingdoms/lukasz/map/map/MapCities$11.smali	0
/tmp/w3a/smali/aoc/kingdoms/lukasz/map/map/MapCities$2.smali	0
/tmp/w3a/smali/aoc/kingdoms/lukasz/map/map/MapCities$3.smali	0
/tmp/w3a/smali/aoc/kingdoms/lukasz/map/map/MapCities$4.smali	0
/tmp/w3a/smali/aoc/kingdoms/lukasz/map/map/MapCities$5.smali	0
/tmp/w3a/smali/aoc/kingdoms/lukasz/map/map/MapCities$6.smali	0
/tmp/w3a/smali/aoc/kingdoms/lukasz/map/map/MapCities$7.smali	0
/tmp/w3a/smali/aoc/kingdoms/lukasz/map/map/MapCities$8.smali	0
/tmp/w3a/smali/aoc/kingdoms/lukasz/map/map/MapCities$9.smali	0
/tmp/w3a/smali/aoc/kingdoms/lukasz/map/map/MapCities$CapitalCityName.smali	0
/tmp/w3a/smali/aoc/kingdoms/lukasz/map/map/MapCities$CitiesInGame.smali	0
/tmp/w3a/smali/aoc/kingdoms/lukasz/map/map/MapCities$CitiesSettings.smali	0
/tmp/w3a/smali/aoc/kingdoms/lukasz/map/map/MapCities$Config.smali	0
/tmp/w3a/smali/aoc/kingdoms/lukasz/map/map/MapCities$GameCity.smali	0
/tmp/w3a/smali/aoc/kingdoms/lukasz/map/map/MapCities.smali	0
/tmp/w3a/smali/aoc/kingdoms/lukasz/map/map/MapCoords$1.smali	0
/tmp/w3a/smali/aoc/kingdoms/lukasz/map/map/MapCoords$2.smali	0
/tmp/w3a/smali/aoc/kingdoms/lukasz/map/map/MapCoords$WorldMap.smali	0
/tmp/w3a/smali/aoc/kingdoms/lukasz/map/map/MapCoords.smali	0
/tmp/w3a/smali/aoc/kingdoms/lukasz/map/map/MapEdgeMove.smali	0
/tmp/w3a/smali/aoc/kingdoms/lukasz/map/map/MapMode.smali	0
/tmp/w3a/smali/aoc/kingdoms/lukasz/map/map/MapModeManager$1.smali	0
/tmp/w3a/smali/aoc/kingdoms/lukasz/map/map/MapModeManager$10.smali	0
/tmp/w3a/smali/aoc/kingdoms/lukasz/map/map/MapModeManager$100.smali	0
/tmp/w3a/smali/aoc/kingdoms/lukasz/map/map/MapModeManager$101.smali	0
/tmp/w3a/smali/aoc/kingdoms/lukasz/map/map/MapModeManager$102.smali	0
/tmp/w3a/smali/aoc/kingdoms/lukasz/map/map/MapModeManager$103.smali	0
/tmp/w3a/smali/aoc/kingdoms/lukasz/map/map/MapModeManager$104.smali	0
/tmp/w3a/smali/aoc/kingdoms/lukasz/map/map/MapModeManager$105.smali	0
/tmp/w3a/smali/aoc/kingdoms/lukasz/map/map/MapModeManager$106.smali	0
/tmp/w3a/smali/aoc/kingdoms/lukasz/map/map/MapModeManager$107.smali	0
/tmp/w3a/smali/aoc/kingdoms/lukasz/map/map/MapModeManager$108.smali	0
/tmp/w3a/smali/aoc/kingdoms/lukasz/map/map/MapModeManager$109.smali	0
/tmp/w3a/smali/aoc/kingdoms/lukasz/map/map/MapModeManager$11.smali	0
/tmp/w3a/smali/aoc/kingdoms/lukasz/map/map/MapModeManager$110.smali	0
/tmp/w3a/smali/aoc/kingdoms/lukasz/map/map/MapModeManager$111.smali	0
/tmp/w3a/smali/aoc/kingdoms/lukasz/map/map/MapModeManager$112.smali	0
/tmp/w3a/smali/aoc/kingdoms/lukasz/map/map/MapModeManager$113.smali	0
/tmp/w3a/smali/aoc/kingdoms/lukasz/map/map/MapModeManager$114.smali	0
/tmp/w3a/smali/aoc/kingdoms/lukasz/map/map/MapModeManager$115.smali	0
/tmp/w3a/smali/aoc/kingdoms/lukasz/map/map/MapModeManager$116.smali	0
/tmp/w3a/smali/aoc/kingdoms/lukasz/map/map/MapModeManager$117.smali	0
/tmp/w3a/smali/aoc/kingdoms/lukasz/map/map/MapModeManager$118.smali	0
/tmp/w3a/smali/aoc/kingdoms/lukasz/map/map/MapModeManager$119.smali	0
/tmp/w3a/smali/aoc/kingdoms/lukasz/map/map/MapModeManager$12.smali	0
/tmp/w3a/smali/aoc/kingdoms/lukasz/map/map/MapModeManager$120.smali	0
/tmp/w3a/smali/aoc/kingdoms/lukasz/map/map/MapModeManager$121.smali	0
/tmp/w3a/smali/aoc/kingdoms/lukasz/map/map/MapModeManager$122.smali	0
/tmp/w3a/smali/aoc/kingdoms/lukasz/map/map/MapModeManager$123.smali	0
/tmp/w3a/smali/aoc/kingdoms/lukasz/map/map/MapModeManager$124.smali	0
/tmp/w3a/smali/aoc/kingdoms/lukasz/map/map/MapModeManager$125.smali	0
/tmp/w3a/smali/aoc/kingdoms/lukasz/map/map/MapModeManager$126.smali	0
/tmp/w3a/smali/aoc/kingdoms/lukasz/map/map/MapModeManager$127.smali	0
/tmp/w3a/smali/aoc/kingdoms/lukasz/map/map/MapModeManager$128.smali	0
/tmp/w3a/smali/aoc/kingdoms/lukasz/map/map/MapModeManager$129.smali	0
/tmp/w3a/smali/aoc/kingdoms/lukasz/map/map/MapModeManager$13.smali	0
/tmp/w3a/smali/aoc/kingdoms/lukasz/map/map/MapModeManager$130.smali	0
/tmp/w3a/smali/aoc/kingdoms/lukasz/map/map/MapModeManager$131.smali	0
/tmp/w3a/smali/aoc/kingdoms/lukasz/map/map/MapModeManager$132.smali	0
/tmp/w3a/smali/aoc/kingdoms/lukasz/map/map/MapModeManager$133.smali	0
/tmp/w3a/smali/aoc/kingdoms/lukasz/map/map/MapModeManager$134.smali	0
/tmp/w3a/smali/aoc/kingdoms/lukasz/map/map/MapModeManager$135.smali	0
/tmp/w3a/smali/aoc/kingdoms/lukasz/map/map/MapModeManager$136.smali	0
/tmp/w3a/smali/aoc/kingdoms/lukasz/map/map/MapModeManager$137.smali	0
/tmp/w3a/smali/aoc/kingdoms/lukasz/map/map/MapModeManager$138.smali	0
/tmp/w3a/smali/aoc/kingdoms/lukasz/map/map/MapModeManager$139.smali	0
/tmp/w3a/smali/aoc/kingdoms/lukasz/map/map/MapModeManager$14.smali	0
/tmp/w3a/smali/aoc/kingdoms/lukasz/map/map/MapModeManager$140.smali	0
/tmp/w3a/smali/aoc/kingdoms/lukasz/map/map/MapModeManager$141.smali	0
/tmp/w3a/smali/aoc/kingdoms/lukasz/map/map/MapModeManager$142.smali	0
/tmp/w3a/smali/aoc/kingdoms/lukasz/map/map/MapModeManager$143.smali	0
/tmp/w3a/smali/aoc/kingdoms/lukasz/map/map/MapModeManager$144.smali	0
/tmp/w3a/smali/aoc/kingdoms/lukasz/map/map/MapModeManager$145.smali	0
/tmp/w3a/smali/aoc/kingdoms/lukasz/map/map/MapModeManager$146.smali	0
/tmp/w3a/smali/aoc/kingdoms/lukasz/map/map/MapModeManager$147.smali	0
/tmp/w3a/smali/aoc/kingdoms/lukasz/map/map/MapModeManager$148.smali	0
/tmp/w3a/smali/aoc/kingdoms/lukasz/map/map/MapModeManager$149.smali	0
/tmp/w3a/smali/aoc/kingdoms/lukasz/map/map/MapModeManager$15.smali	0
/tmp/w3a/smali/aoc/kingdoms/lukasz/map/map/MapModeManager$150.smali	0
/tmp/w3a/smali/aoc/kingdoms/lukasz/map/map/MapModeManager$151.smali	0
/tmp/w3a/smali/aoc/kingdoms/lukasz/map/map/MapModeManager$152.smali	0
/tmp/w3a/smali/aoc/kingdoms/lukasz/map/map/MapModeManager$153.smali	0
/tmp/w3a/smali/aoc/kingdoms/lukasz/map/map/MapModeManager$154.smali	0
/tmp/w3a/smali/aoc/kingdoms/lukasz/map/map/MapModeManager$155.smali	0
/tmp/w3a/smali/aoc/kingdoms/lukasz/map/map/MapModeManager$156.smali	0
/tmp/w3a/smali/aoc/kingdoms/lukasz/map/map/MapModeManager$157.smali	0
/tmp/w3a/smali/aoc/kingdoms/lukasz/map/map/MapModeManager$158.smali	0
/tmp/w3a/smali/aoc/kingdoms/lukasz/map/map/MapModeManager$159.smali	0
/tmp/w3a/smali/aoc/kingdoms/lukasz/map/map/MapModeManager$16.smali	0
/tmp/w3a/smali/aoc/kingdoms/lukasz/map/map/MapModeManager$160.smali	0
/tmp/w3a/smali/aoc/kingdoms/lukasz/map/map/MapModeManager$161.smali	0
/tmp/w3a/smali/aoc/kingdoms/lukasz/map/map/MapModeManager$162.smali	0
/tmp/w3a/smali/aoc/kingdoms/lukasz/map/map/MapModeManager$163.smali	0
/tmp/w3a/smali/aoc/kingdoms/lukasz/map/map/MapModeManager$164.smali	0
/tmp/w3a/smali/aoc/kingdoms/lukasz/map/map/MapModeManager$165.smali	0
/tmp/w3a/smali/aoc/kingdoms/lukasz/map/map/MapModeManager$166.smali	0
/tmp/w3a/smali/aoc/kingdoms/lukasz/map/map/MapModeManager$167.smali	0
/tmp/w3a/smali/aoc/kingdoms/lukasz/map/map/MapModeManager$168.smali	0
/tmp/w3a/smali/aoc/kingdoms/lukasz/map/map/MapModeManager$169.smali	0
/tmp/w3a/smali/aoc/kingdoms/lukasz/map/map/MapModeManager$17.smali	0
/tmp/w3a/smali/aoc/kingdoms/lukasz/map/map/MapModeManager$170.smali	0
/tmp/w3a/smali/aoc/kingdoms/lukasz/map/map/MapModeManager$171.smali	0
/tmp/w3a/smali/aoc/kingdoms/lukasz/map/map/MapModeManager$172.smali	0
/tmp/w3a/smali/aoc/kingdoms/lukasz/map/map/MapModeManager$173.smali	0
/tmp/w3a/smali/aoc/kingdoms/lukasz/map/map/MapModeManager$174.smali	0
/tmp/w3a/smali/aoc/kingdoms/lukasz/map/map/MapModeManager$175.smali	0
/tmp/w3a/smali/aoc/kingdoms/lukasz/map/map/MapModeManager$176.smali	0
/tmp/w3a/smali/aoc/kingdoms/lukasz/map/map/MapModeManager$177.smali	0
/tmp/w3a/smali/aoc/kingdoms/lukasz/map/map/MapModeManager$178.smali	0
/tmp/w3a/smali/aoc/kingdoms/lukasz/map/map/MapModeManager$179.smali	0
/tmp/w3a/smali/aoc/kingdoms/lukasz/map/map/MapModeManager$18.smali	0
/tmp/w3a/smali/aoc/kingdoms/lukasz/map/map/MapModeManager$180.smali	0
/tmp/w3a/smali/aoc/kingdoms/lukasz/map/map/MapModeManager$181.smali	0
/tmp/w3a/smali/aoc/kingdoms/lukasz/map/map/MapModeManager$182.smali	0
/tmp/w3a/smali/aoc/kingdoms/lukasz/map/map/MapModeManager$183.smali	0
/tmp/w3a/smali/aoc/kingdoms/lukasz/map/map/MapModeManager$184.smali	0
/tmp/w3a/smali/aoc/kingdoms/lukasz/map/map/MapModeManager$185.smali	0
/tmp/w3a/smali/aoc/kingdoms/lukasz/map/map/MapModeManager$186.smali	0
/tmp/w3a/smali/aoc/kingdoms/lukasz/map/map/MapModeManager$187.smali	0
/tmp/w3a/smali/aoc/kingdoms/lukasz/map/map/MapModeManager$188.smali	0
/tmp/w3a/smali/aoc/kingdoms/lukasz/map/map/MapModeManager$189.smali	0
/tmp/w3a/smali/aoc/kingdoms/lukasz/map/map/MapModeManager$19.smali	0
/tmp/w3a/smali/aoc/kingdoms/lukasz/map/map/MapModeManager$190.smali	0
/tmp/w3a/smali/aoc/kingdoms/lukasz/map/map/MapModeManager$191.smali	0
/tmp/w3a/smali/aoc/kingdoms/lukasz/map/map/MapModeManager$2.smali	0
/tmp/w3a/smali/aoc/kingdoms/lukasz/map/map/MapModeManager$20.smali	0
/tmp/w3a/smali/aoc/kingdoms/lukasz/map/map/MapModeManager$21.smali	0
/tmp/w3a/smali/aoc/kingdoms/lukasz/map/map/MapModeManager$22.smali	0
/tmp/w3a/smali/aoc/kingdoms/lukasz/map/map/MapModeManager$23.smali	0
/tmp/w3a/smali/aoc/kingdoms/lukasz/map/map/MapModeManager$24.smali	0
/tmp/w3a/smali/aoc/kingdoms/lukasz/map/map/MapModeManager$25.smali	0
/tmp/w3a/smali/aoc/kingdoms/lukasz/map/map/MapModeManager$26.smali	0
/tmp/w3a/smali/aoc/kingdoms/lukasz/map/map/MapModeManager$27.smali	0
/tmp/w3a/smali/aoc/kingdoms/lukasz/map/map/MapModeManager$28.smali	0
/tmp/w3a/smali/aoc/kingdoms/lukasz/map/map/MapModeManager$29.smali	0
/tmp/w3a/smali/aoc/kingdoms/lukasz/map/map/MapModeManager$3.smali	0
/tmp/w3a/smali/aoc/kingdoms/lukasz/map/map/MapModeManager$30.smali	0
/tmp/w3a/smali/aoc/kingdoms/lukasz/map/map/MapModeManager$31.smali	0
/tmp/w3a/smali/aoc/kingdoms/lukasz/map/map/MapModeManager$32.smali	0
/tmp/w3a/smali/aoc/kingdoms/lukasz/map/map/MapModeManager$33.smali	0
/tmp/w3a/smali/aoc/kingdoms/lukasz/map/map/MapModeManager$34.smali	0
/tmp/w3a/smali/aoc/kingdoms/lukasz/map/map/MapModeManager$35.smali	0
/tmp/w3a/smali/aoc/kingdoms/lukasz/map/map/MapModeManager$36.smali	0
/tmp/w3a/smali/aoc/kingdoms/lukasz/map/map/MapModeManager$37.smali	0
/tmp/w3a/smali/aoc/kingdoms/lukasz/map/map/MapModeManager$38.smali	0
/tmp/w3a/smali/aoc/kingdoms/lukasz/map/map/MapModeManager$39.smali	0
/tmp/w3a/smali/aoc/kingdoms/lukasz/map/map/MapModeManager$4.smali	0
/tmp/w3a/smali/aoc/kingdoms/lukasz/map/map/MapModeManager$40.smali	0
/tmp/w3a/smali/aoc/kingdoms/lukasz/map/map/MapModeManager$41.smali	0
/tmp/w3a/smali/aoc/kingdoms/lukasz/map/map/MapModeManager$42.smali	0
/tmp/w3a/smali/aoc/kingdoms/lukasz/map/map/MapModeManager$43.smali	0
/tmp/w3a/smali/aoc/kingdoms/lukasz/map/map/MapModeManager$44.smali	0
/tmp/w3a/smali/aoc/kingdoms/lukasz/map/map/MapModeManager$45.smali	0
/tmp/w3a/smali/aoc/kingdoms/lukasz/map/map/MapModeManager$46.smali	0
/tmp/w3a/smali/aoc/kingdoms/lukasz/map/map/MapModeManager$47.smali	0
/tmp/w3a/smali/aoc/kingdoms/lukasz/map/map/MapModeManager$48.smali	0
/tmp/w3a/smali/aoc/kingdoms/lukasz/map/map/MapModeManager$49.smali	0
/tmp/w3a/smali/aoc/kingdoms/lukasz/map/map/MapModeManager$5.smali	0
/tmp/w3a/smali/aoc/kingdoms/lukasz/map/map/MapModeManager$50.smali	0
/tmp/w3a/smali/aoc/kingdoms/lukasz/map/map/MapModeManager$51.smali	0
/tmp/w3a/smali/aoc/kingdoms/lukasz/map/map/MapModeManager$52.smali	0
/tmp/w3a/smali/aoc/kingdoms/lukasz/map/map/MapModeManager$53.smali	0
/tmp/w3a/smali/aoc/kingdoms/lukasz/map/map/MapModeManager$54.smali	0
/tmp/w3a/smali/aoc/kingdoms/lukasz/map/map/MapModeManager$55.smali	0
/tmp/w3a/smali/aoc/kingdoms/lukasz/map/map/MapModeManager$56.smali	0
/tmp/w3a/smali/aoc/kingdoms/lukasz/map/map/MapModeManager$57.smali	0
/tmp/w3a/smali/aoc/kingdoms/lukasz/map/map/MapModeManager$58.smali	0
/tmp/w3a/smali/aoc/kingdoms/lukasz/map/map/MapModeManager$59.smali	0
/tmp/w3a/smali/aoc/kingdoms/lukasz/map/map/MapModeManager$6.smali	0
/tmp/w3a/smali/aoc/kingdoms/lukasz/map/map/MapModeManager$60.smali	0
/tmp/w3a/smali/aoc/kingdoms/lukasz/map/map/MapModeManager$61.smali	0
/tmp/w3a/smali/aoc/kingdoms/lukasz/map/map/MapModeManager$62.smali	0
/tmp/w3a/smali/aoc/kingdoms/lukasz/map/map/MapModeManager$63.smali	0
/tmp/w3a/smali/aoc/kingdoms/lukasz/map/map/MapModeManager$64.smali	0
/tmp/w3a/smali/aoc/kingdoms/lukasz/map/map/MapModeManager$65.smali	0
/tmp/w3a/smali/aoc/kingdoms/lukasz/map/map/MapModeManager$66.smali	0
/tmp/w3a/smali/aoc/kingdoms/lukasz/map/map/MapModeManager$67.smali	0
/tmp/w3a/smali/aoc/kingdoms/lukasz/map/map/MapModeManager$68.smali	0
/tmp/w3a/smali/aoc/kingdoms/lukasz/map/map/MapModeManager$69.smali	0
/tmp/w3a/smali/aoc/kingdoms/lukasz/map/map/MapModeManager$7.smali	0
/tmp/w3a/smali/aoc/kingdoms/lukasz/map/map/MapModeManager$70.smali	0
/tmp/w3a/smali/aoc/kingdoms/lukasz/map/map/MapModeManager$71.smali	0
/tmp/w3a/smali/aoc/kingdoms/lukasz/map/map/MapModeManager$72.smali	0
/tmp/w3a/smali/aoc/kingdoms/lukasz/map/map/MapModeManager$73.smali	0
/tmp/w3a/smali/aoc/kingdoms/lukasz/map/map/MapModeManager$74.smali	0
/tmp/w3a/smali/aoc/kingdoms/lukasz/map/map/MapModeManager$75.smali	0
/tmp/w3a/smali/aoc/kingdoms/lukasz/map/map/MapModeManager$76.smali	0
/tmp/w3a/smali/aoc/kingdoms/lukasz/map/map/MapModeManager$77.smali	0
/tmp/w3a/smali/aoc/kingdoms/lukasz/map/map/MapModeManager$78.smali	0
/tmp/w3a/smali/aoc/kingdoms/lukasz/map/map/MapModeManager$79.smali	0
/tmp/w3a/smali/aoc/kingdoms/lukasz/map/map/MapModeManager$8.smali	0
/tmp/w3a/smali/aoc/kingdoms/lukasz/map/map/MapModeManager$80.smali	0
/tmp/w3a/smali/aoc/kingdoms/lukasz/map/map/MapModeManager$81.smali	0
/tmp/w3a/smali/aoc/kingdoms/lukasz/map/map/MapModeManager$82.smali	0
/tmp/w3a/smali/aoc/kingdoms/lukasz/map/map/MapModeManager$83.smali	0
/tmp/w3a/smali/aoc/kingdoms/lukasz/map/map/MapModeManager$84.smali	0
/tmp/w3a/smali/aoc/kingdoms/lukasz/map/map/MapModeManager$85.smali	0
/tmp/w3a/smali/aoc/kingdoms/lukasz/map/map/MapModeManager$86.smali	0
/tmp/w3a/smali/aoc/kingdoms/lukasz/map/map/MapModeManager$87.smali	0
/tmp/w3a/smali/aoc/kingdoms/lukasz/map/map/MapModeManager$88.smali	0
/tmp/w3a/smali/aoc/kingdoms/lukasz/map/map/MapModeManager$89.smali	0
/tmp/w3a/smali/aoc/kingdoms/lukasz/map/map/MapModeManager$9.smali	0
/tmp/w3a/smali/aoc/kingdoms/lukasz/map/map/MapModeManager$90.smali	0
/tmp/w3a/smali/aoc/kingdoms/lukasz/map/map/MapModeManager$91.smali	0
/tmp/w3a/smali/aoc/kingdoms/lukasz/map/map/MapModeManager$92.smali	0
/tmp/w3a/smali/aoc/kingdoms/lukasz/map/map/MapModeManager$93.smali	0
/tmp/w3a/smali/aoc/kingdoms/lukasz/map/map/MapModeManager$94.smali	0
/tmp/w3a/smali/aoc/kingdoms/lukasz/map/map/MapModeManager$95.smali	0
/tmp/w3a/smali/aoc/kingdoms/lukasz/map/map/MapModeManager$96.smali	0
/tmp/w3a/smali/aoc/kingdoms/lukasz/map/map/MapModeManager$97.smali	0
/tmp/w3a/smali/aoc/kingdoms/lukasz/map/map/MapModeManager$98.smali	0
/tmp/w3a/smali/aoc/kingdoms/lukasz/map/map/MapModeManager$99.smali	0
/tmp/w3a/smali/aoc/kingdoms/lukasz/map/map/MapModeManager.smali	0
/tmp/w3a/smali/aoc/kingdoms/lukasz/map/map/MapOver$Config.smali	0
/tmp/w3a/smali/aoc/kingdoms/lukasz/map/map/MapOver$Overlay.smali	0
/tmp/w3a/smali/aoc/kingdoms/lukasz/map/map/MapOver.smali	0
/tmp/w3a/smali/aoc/kingdoms/lukasz/map/map/MapScale$DefinedScales.smali	0
/tmp/w3a/smali/aoc/kingdoms/lukasz/map/map/MapScale.smali	0
/tmp/w3a/smali/aoc/kingdoms/lukasz/map/map/MapScenarios$1.smali	0
/tmp/w3a/smali/aoc/kingdoms/lukasz/map/map/MapScenarios$2.smali	0
/tmp/w3a/smali/aoc/kingdoms/lukasz/map/map/MapScenarios$Details.smali	0
/tmp/w3a/smali/aoc/kingdoms/lukasz/map/map/MapScenarios$ScenarioCivData.smali	0
/tmp/w3a/smali/aoc/kingdoms/lukasz/map/map/MapScenarios$ScenarioCivDataSerializer.smali	0
/tmp/w3a/smali/aoc/kingdoms/lukasz/map/map/MapScenarios$ScenarioCivData_Provinces.smali	0
/tmp/w3a/smali/aoc/kingdoms/lukasz/map/map/MapScenarios$ScenarioCoresData.smali	0
/tmp/w3a/smali/aoc/kingdoms/lukasz/map/map/MapScenarios$ScenarioReligionData.smali	0
/tmp/w3a/smali/aoc/kingdoms/lukasz/map/map/MapScenarios.smali	0
/tmp/w3a/smali/aoc/kingdoms/lukasz/map/map/MapScroll$1.smali	0
/tmp/w3a/smali/aoc/kingdoms/lukasz/map/map/MapScroll$2.smali	0
/tmp/w3a/smali/aoc/kingdoms/lukasz/map/map/MapScroll$3.smali	0
/tmp/w3a/smali/aoc/kingdoms/lukasz/map/map/MapScroll$4.smali	0
/tmp/w3a/smali/aoc/kingdoms/lukasz/map/map/MapScroll$ReverseDirection.smali	0
/tmp/w3a/smali/aoc/kingdoms/lukasz/map/map/MapScroll.smali	0
/tmp/w3a/smali/aoc/kingdoms/lukasz/map/map/MapTouchManager$1.smali	0
/tmp/w3a/smali/aoc/kingdoms/lukasz/map/map/MapTouchManager$2.smali	0
/tmp/w3a/smali/aoc/kingdoms/lukasz/map/map/MapTouchManager$3.smali	0
/tmp/w3a/smali/aoc/kingdoms/lukasz/map/map/MapTouchManager$4.smali	0
/tmp/w3a/smali/aoc/kingdoms/lukasz/map/map/MapTouchManager$5.smali	0
/tmp/w3a/smali/aoc/kingdoms/lukasz/map/map/MapTouchManager$6.smali	0
/tmp/w3a/smali/aoc/kingdoms/lukasz/map/map/MapTouchManager$7.smali	0
/tmp/w3a/smali/aoc/kingdoms/lukasz/map/map/MapTouchManager$8.smali	0
/tmp/w3a/smali/aoc/kingdoms/lukasz/map/map/MapTouchManager$ReverseDirection.smali	0
/tmp/w3a/smali/aoc/kingdoms/lukasz/map/map/MapTouchManager$ReverseDirection2.smali	0
/tmp/w3a/smali/aoc/kingdoms/lukasz/map/map/MapTouchManager.smali	0
/tmp/w3a/smali/aoc/kingdoms/lukasz/map/map/Map_Data$MapData.smali	0
/tmp/w3a/smali/aoc/kingdoms/lukasz/map/map/Map_Data.smali	0
/tmp/w3a/smali/aoc/kingdoms/lukasz/map/map/Ship/Ship.smali	0
/tmp/w3a/smali/aoc/kingdoms/lukasz/map/map/Ship/Ship2.smali	0
/tmp/w3a/smali/aoc/kingdoms/lukasz/map/map/Ship/ShipLine.smali	0
/tmp/w3a/smali/aoc/kingdoms/lukasz/map/map/Ship/ShipManager.smali	0
/tmp/w3a/smali/aoc/kingdoms/lukasz/map/map/Waves/WavesLine.smali	0
/tmp/w3a/smali/aoc/kingdoms/lukasz/map/map/Waves/WavesManager.smali	0
/tmp/w3a/smali/aoc/kingdoms/lukasz/map/moveUnits/MoveUnits$$ExternalSyntheticLambda0.smali	0
/tmp/w3a/smali/aoc/kingdoms/lukasz/map/moveUnits/MoveUnits$$ExternalSyntheticLambda1.smali	0
/tmp/w3a/smali/aoc/kingdoms/lukasz/map/moveUnits/MoveUnits$$ExternalSyntheticStaticInterfaceCall0.smali	0
/tmp/w3a/smali/aoc/kingdoms/lukasz/map/moveUnits/MoveUnits$1$1.smali	0
/tmp/w3a/smali/aoc/kingdoms/lukasz/map/moveUnits/MoveUnits$1.smali	0
/tmp/w3a/smali/aoc/kingdoms/lukasz/map/moveUnits/MoveUnits$2$1.smali	0
/tmp/w3a/smali/aoc/kingdoms/lukasz/map/moveUnits/MoveUnits$2.smali	0
/tmp/w3a/smali/aoc/kingdoms/lukasz/map/moveUnits/MoveUnits$3$1.smali	0
/tmp/w3a/smali/aoc/kingdoms/lukasz/map/moveUnits/MoveUnits$3.smali	0
/tmp/w3a/smali/aoc/kingdoms/lukasz/map/moveUnits/MoveUnits$LittleAnimation.smali	0
/tmp/w3a/smali/aoc/kingdoms/lukasz/map/moveUnits/MoveUnits$Node.smali	0
/tmp/w3a/smali/aoc/kingdoms/lukasz/map/moveUnits/MoveUnits.smali	0
/tmp/w3a/smali/aoc/kingdoms/lukasz/map/moveUnits/MoveUnits_Player.smali	0
/tmp/w3a/smali/aoc/kingdoms/lukasz/map/moveUnits/other/MoveUnits_AI.smali	0
/tmp/w3a/smali/aoc/kingdoms/lukasz/map/moveUnits/other/MoveUnits_BiggestCities$1$1.smali	0
/tmp/w3a/smali/aoc/kingdoms/lukasz/map/moveUnits/other/MoveUnits_BiggestCities$1.smali	0
/tmp/w3a/smali/aoc/kingdoms/lukasz/map/moveUnits/other/MoveUnits_BiggestCities$LittleAnimation.smali	0
/tmp/w3a/smali/aoc/kingdoms/lukasz/map/moveUnits/other/MoveUnits_BiggestCities.smali	0
/tmp/w3a/smali/aoc/kingdoms/lukasz/map/moveUnits/other/MoveUnits_BiggestCities_Diplomacy$1$1.smali	0
/tmp/w3a/smali/aoc/kingdoms/lukasz/map/moveUnits/other/MoveUnits_BiggestCities_Diplomacy$1.smali	0
/tmp/w3a/smali/aoc/kingdoms/lukasz/map/moveUnits/other/MoveUnits_BiggestCities_Diplomacy.smali	0
/tmp/w3a/smali/aoc/kingdoms/lukasz/map/moveUnits/other/MoveUnits_BiggestCities_Siege.smali	0
/tmp/w3a/smali/aoc/kingdoms/lukasz/map/moveUnits/other/MoveUnits_OLD.smali	0
/tmp/w3a/smali/aoc/kingdoms/lukasz/map/moveUnits/other/MoveUnits_RegroupLine.smali	0
/tmp/w3a/smali/aoc/kingdoms/lukasz/map/plague/Plague.smali	0
/tmp/w3a/smali/aoc/kingdoms/lukasz/map/plague/PlagueManager$ConfigDiseaseData.smali	0
/tmp/w3a/smali/aoc/kingdoms/lukasz/map/plague/PlagueManager$Data_Disease.smali	0
/tmp/w3a/smali/aoc/kingdoms/lukasz/map/plague/PlagueManager.smali	0
/tmp/w3a/smali/aoc/kingdoms/lukasz/map/plague/ProvincePlague.smali	0
/tmp/w3a/smali/aoc/kingdoms/lukasz/map/province/Province$1.smali	0
/tmp/w3a/smali/aoc/kingdoms/lukasz/map/province/Province$10.smali	0
/tmp/w3a/smali/aoc/kingdoms/lukasz/map/province/Province$11.smali	0
/tmp/w3a/smali/aoc/kingdoms/lukasz/map/province/Province$12.smali	0
/tmp/w3a/smali/aoc/kingdoms/lukasz/map/province/Province$13.smali	0
/tmp/w3a/smali/aoc/kingdoms/lukasz/map/province/Province$14.smali	0
/tmp/w3a/smali/aoc/kingdoms/lukasz/map/province/Province$15.smali	0
/tmp/w3a/smali/aoc/kingdoms/lukasz/map/province/Province$16.smali	0
/tmp/w3a/smali/aoc/kingdoms/lukasz/map/province/Province$2.smali	0
/tmp/w3a/smali/aoc/kingdoms/lukasz/map/province/Province$3.smali	0
/tmp/w3a/smali/aoc/kingdoms/lukasz/map/province/Province$4.smali	0
/tmp/w3a/smali/aoc/kingdoms/lukasz/map/province/Province$5.smali	0
/tmp/w3a/smali/aoc/kingdoms/lukasz/map/province/Province$6.smali	0
/tmp/w3a/smali/aoc/kingdoms/lukasz/map/province/Province$7.smali	0
/tmp/w3a/smali/aoc/kingdoms/lukasz/map/province/Province$8.smali	0
/tmp/w3a/smali/aoc/kingdoms/lukasz/map/province/Province$9.smali	0
/tmp/w3a/smali/aoc/kingdoms/lukasz/map/province/Province$Fog_DrawLandProvince.smali	0
/tmp/w3a/smali/aoc/kingdoms/lukasz/map/province/Province.smali	0
/tmp/w3a/smali/aoc/kingdoms/lukasz/map/province/ProvinceBonuses.smali	0
/tmp/w3a/smali/aoc/kingdoms/lukasz/map/province/ProvinceBorder$1.smali	0
/tmp/w3a/smali/aoc/kingdoms/lukasz/map/province/ProvinceBorder$10.smali	0
/tmp/w3a/smali/aoc/kingdoms/lukasz/map/province/ProvinceBorder$11.smali	0
/tmp/w3a/smali/aoc/kingdoms/lukasz/map/province/ProvinceBorder$12$1.smali	0
/tmp/w3a/smali/aoc/kingdoms/lukasz/map/province/ProvinceBorder$12.smali	0
/tmp/w3a/smali/aoc/kingdoms/lukasz/map/province/ProvinceBorder$13.smali	0
/tmp/w3a/smali/aoc/kingdoms/lukasz/map/province/ProvinceBorder$14$1.smali	0
/tmp/w3a/smali/aoc/kingdoms/lukasz/map/province/ProvinceBorder$14.smali	0
/tmp/w3a/smali/aoc/kingdoms/lukasz/map/province/ProvinceBorder$15$1.smali	0
/tmp/w3a/smali/aoc/kingdoms/lukasz/map/province/ProvinceBorder$15.smali	0
/tmp/w3a/smali/aoc/kingdoms/lukasz/map/province/ProvinceBorder$16.smali	0
/tmp/w3a/smali/aoc/kingdoms/lukasz/map/province/ProvinceBorder$17$1.smali	0
/tmp/w3a/smali/aoc/kingdoms/lukasz/map/province/ProvinceBorder$17.smali	0
/tmp/w3a/smali/aoc/kingdoms/lukasz/map/province/ProvinceBorder$18.smali	0
/tmp/w3a/smali/aoc/kingdoms/lukasz/map/province/ProvinceBorder$19.smali	0
/tmp/w3a/smali/aoc/kingdoms/lukasz/map/province/ProvinceBorder$2.smali	0
/tmp/w3a/smali/aoc/kingdoms/lukasz/map/province/ProvinceBorder$20.smali	0
/tmp/w3a/smali/aoc/kingdoms/lukasz/map/province/ProvinceBorder$21.smali	0
/tmp/w3a/smali/aoc/kingdoms/lukasz/map/province/ProvinceBorder$22.smali	0
/tmp/w3a/smali/aoc/kingdoms/lukasz/map/province/ProvinceBorder$23.smali	0
/tmp/w3a/smali/aoc/kingdoms/lukasz/map/province/ProvinceBorder$24.smali	0
/tmp/w3a/smali/aoc/kingdoms/lukasz/map/province/ProvinceBorder$25.smali	0
/tmp/w3a/smali/aoc/kingdoms/lukasz/map/province/ProvinceBorder$26.smali	0
/tmp/w3a/smali/aoc/kingdoms/lukasz/map/province/ProvinceBorder$27.smali	0
/tmp/w3a/smali/aoc/kingdoms/lukasz/map/province/ProvinceBorder$28.smali	0
/tmp/w3a/smali/aoc/kingdoms/lukasz/map/province/ProvinceBorder$3.smali	0
/tmp/w3a/smali/aoc/kingdoms/lukasz/map/province/ProvinceBorder$4.smali	0
/tmp/w3a/smali/aoc/kingdoms/lukasz/map/province/ProvinceBorder$5.smali	0
/tmp/w3a/smali/aoc/kingdoms/lukasz/map/province/ProvinceBorder$6.smali	0
/tmp/w3a/smali/aoc/kingdoms/lukasz/map/province/ProvinceBorder$7.smali	0
/tmp/w3a/smali/aoc/kingdoms/lukasz/map/province/ProvinceBorder$8.smali	0
/tmp/w3a/smali/aoc/kingdoms/lukasz/map/province/ProvinceBorder$9.smali	0
/tmp/w3a/smali/aoc/kingdoms/lukasz/map/province/ProvinceBorder$DrawCivBorder.smali	0
/tmp/w3a/smali/aoc/kingdoms/lukasz/map/province/ProvinceBorder$DrawProvinceBorder.smali	0
/tmp/w3a/smali/aoc/kingdoms/lukasz/map/province/ProvinceBorder.smali	0
/tmp/w3a/smali/aoc/kingdoms/lukasz/map/province/ProvinceBorderLine.smali	0
/tmp/w3a/smali/aoc/kingdoms/lukasz/map/province/ProvinceBorderManager$1.smali	0
/tmp/w3a/smali/aoc/kingdoms/lukasz/map/province/ProvinceBorderManager$2.smali	0
/tmp/w3a/smali/aoc/kingdoms/lukasz/map/province/ProvinceBorderManager$3.smali	0
/tmp/w3a/smali/aoc/kingdoms/lukasz/map/province/ProvinceBorderManager$4.smali	0
/tmp/w3a/smali/aoc/kingdoms/lukasz/map/province/ProvinceBorderManager$5.smali	0
/tmp/w3a/smali/aoc/kingdoms/lukasz/map/province/ProvinceBorderManager$6.smali	0
/tmp/w3a/smali/aoc/kingdoms/lukasz/map/province/ProvinceBorderManager$Action.smali	0
/tmp/w3a/smali/aoc/kingdoms/lukasz/map/province/ProvinceBorderManager$PBData.smali	0
/tmp/w3a/smali/aoc/kingdoms/lukasz/map/province/ProvinceBorderManager.smali	0
/tmp/w3a/smali/aoc/kingdoms/lukasz/map/province/ProvinceConstructedBuilding.smali	0
/tmp/w3a/smali/aoc/kingdoms/lukasz/map/province/ProvinceConstructionBuilding.smali	0
/tmp/w3a/smali/aoc/kingdoms/lukasz/map/province/ProvinceCut.smali	0
/tmp/w3a/smali/aoc/kingdoms/lukasz/map/province/ProvinceDraw$1.smali	0
/tmp/w3a/smali/aoc/kingdoms/lukasz/map/province/ProvinceDraw$10.smali	0
/tmp/w3a/smali/aoc/kingdoms/lukasz/map/province/ProvinceDraw$11.smali	0
/tmp/w3a/smali/aoc/kingdoms/lukasz/map/province/ProvinceDraw$12.smali	0
/tmp/w3a/smali/aoc/kingdoms/lukasz/map/province/ProvinceDraw$13.smali	0
/tmp/w3a/smali/aoc/kingdoms/lukasz/map/province/ProvinceDraw$14.smali	0
/tmp/w3a/smali/aoc/kingdoms/lukasz/map/province/ProvinceDraw$15.smali	0
/tmp/w3a/smali/aoc/kingdoms/lukasz/map/province/ProvinceDraw$16.smali	0
/tmp/w3a/smali/aoc/kingdoms/lukasz/map/province/ProvinceDraw$17.smali	0
/tmp/w3a/smali/aoc/kingdoms/lukasz/map/province/ProvinceDraw$18.smali	0
/tmp/w3a/smali/aoc/kingdoms/lukasz/map/province/ProvinceDraw$19.smali	0
/tmp/w3a/smali/aoc/kingdoms/lukasz/map/province/ProvinceDraw$2.smali	0
/tmp/w3a/smali/aoc/kingdoms/lukasz/map/province/ProvinceDraw$20.smali	0
/tmp/w3a/smali/aoc/kingdoms/lukasz/map/province/ProvinceDraw$21.smali	0
/tmp/w3a/smali/aoc/kingdoms/lukasz/map/province/ProvinceDraw$22.smali	0
/tmp/w3a/smali/aoc/kingdoms/lukasz/map/province/ProvinceDraw$23.smali	0
/tmp/w3a/smali/aoc/kingdoms/lukasz/map/province/ProvinceDraw$24.smali	0
/tmp/w3a/smali/aoc/kingdoms/lukasz/map/province/ProvinceDraw$25.smali	0
/tmp/w3a/smali/aoc/kingdoms/lukasz/map/province/ProvinceDraw$26.smali	0
/tmp/w3a/smali/aoc/kingdoms/lukasz/map/province/ProvinceDraw$27.smali	0
/tmp/w3a/smali/aoc/kingdoms/lukasz/map/province/ProvinceDraw$28.smali	0
/tmp/w3a/smali/aoc/kingdoms/lukasz/map/province/ProvinceDraw$29.smali	0
/tmp/w3a/smali/aoc/kingdoms/lukasz/map/province/ProvinceDraw$3.smali	0
/tmp/w3a/smali/aoc/kingdoms/lukasz/map/province/ProvinceDraw$30.smali	0
/tmp/w3a/smali/aoc/kingdoms/lukasz/map/province/ProvinceDraw$31.smali	0
/tmp/w3a/smali/aoc/kingdoms/lukasz/map/province/ProvinceDraw$32.smali	0
/tmp/w3a/smali/aoc/kingdoms/lukasz/map/province/ProvinceDraw$33.smali	0
/tmp/w3a/smali/aoc/kingdoms/lukasz/map/province/ProvinceDraw$34.smali	0
/tmp/w3a/smali/aoc/kingdoms/lukasz/map/province/ProvinceDraw$35.smali	0
/tmp/w3a/smali/aoc/kingdoms/lukasz/map/province/ProvinceDraw$36.smali	0
/tmp/w3a/smali/aoc/kingdoms/lukasz/map/province/ProvinceDraw$37.smali	0
/tmp/w3a/smali/aoc/kingdoms/lukasz/map/province/ProvinceDraw$38.smali	0
/tmp/w3a/smali/aoc/kingdoms/lukasz/map/province/ProvinceDraw$39.smali	0
/tmp/w3a/smali/aoc/kingdoms/lukasz/map/province/ProvinceDraw$4.smali	0
/tmp/w3a/smali/aoc/kingdoms/lukasz/map/province/ProvinceDraw$5.smali	0
/tmp/w3a/smali/aoc/kingdoms/lukasz/map/province/ProvinceDraw$6.smali	0
/tmp/w3a/smali/aoc/kingdoms/lukasz/map/province/ProvinceDraw$7.smali	0
/tmp/w3a/smali/aoc/kingdoms/lukasz/map/province/ProvinceDraw$8.smali	0
/tmp/w3a/smali/aoc/kingdoms/lukasz/map/province/ProvinceDraw$9.smali	0
/tmp/w3a/smali/aoc/kingdoms/lukasz/map/province/ProvinceDraw$DrawExtraDetails.smali	0
/tmp/w3a/smali/aoc/kingdoms/lukasz/map/province/ProvinceDraw$DrawMoveUnits.smali	0
/tmp/w3a/smali/aoc/kingdoms/lukasz/map/province/ProvinceDraw$DrawProvinces.smali	0
/tmp/w3a/smali/aoc/kingdoms/lukasz/map/province/ProvinceDraw.smali	0
/tmp/w3a/smali/aoc/kingdoms/lukasz/map/province/ProvinceDrawArmy$1.smali	0
/tmp/w3a/smali/aoc/kingdoms/lukasz/map/province/ProvinceDrawArmy$2.smali	0
/tmp/w3a/smali/aoc/kingdoms/lukasz/map/province/ProvinceDrawArmy$ProvinceDrawArmyINT.smali	0
/tmp/w3a/smali/aoc/kingdoms/lukasz/map/province/ProvinceDrawArmy$ProvinceDrawDetailsINT.smali	0
/tmp/w3a/smali/aoc/kingdoms/lukasz/map/province/ProvinceDrawArmy.smali	0
/tmp/w3a/smali/aoc/kingdoms/lukasz/map/province/ProvinceDrawDetails$1.smali	0
/tmp/w3a/smali/aoc/kingdoms/lukasz/map/province/ProvinceDrawDetails$10.smali	0
/tmp/w3a/smali/aoc/kingdoms/lukasz/map/province/ProvinceDrawDetails$11.smali	0
/tmp/w3a/smali/aoc/kingdoms/lukasz/map/province/ProvinceDrawDetails$12.smali	0
/tmp/w3a/smali/aoc/kingdoms/lukasz/map/province/ProvinceDrawDetails$13.smali	0
/tmp/w3a/smali/aoc/kingdoms/lukasz/map/province/ProvinceDrawDetails$14.smali	0
/tmp/w3a/smali/aoc/kingdoms/lukasz/map/province/ProvinceDrawDetails$15.smali	0
/tmp/w3a/smali/aoc/kingdoms/lukasz/map/province/ProvinceDrawDetails$16.smali	0
/tmp/w3a/smali/aoc/kingdoms/lukasz/map/province/ProvinceDrawDetails$17.smali	0
/tmp/w3a/smali/aoc/kingdoms/lukasz/map/province/ProvinceDrawDetails$18.smali	0
/tmp/w3a/smali/aoc/kingdoms/lukasz/map/province/ProvinceDrawDetails$19.smali	0
/tmp/w3a/smali/aoc/kingdoms/lukasz/map/province/ProvinceDrawDetails$2.smali	0
/tmp/w3a/smali/aoc/kingdoms/lukasz/map/province/ProvinceDrawDetails$20.smali	0
/tmp/w3a/smali/aoc/kingdoms/lukasz/map/province/ProvinceDrawDetails$21.smali	0
/tmp/w3a/smali/aoc/kingdoms/lukasz/map/province/ProvinceDrawDetails$22.smali	0
/tmp/w3a/smali/aoc/kingdoms/lukasz/map/province/ProvinceDrawDetails$23.smali	0
/tmp/w3a/smali/aoc/kingdoms/lukasz/map/province/ProvinceDrawDetails$24.smali	0
/tmp/w3a/smali/aoc/kingdoms/lukasz/map/province/ProvinceDrawDetails$25.smali	0
/tmp/w3a/smali/aoc/kingdoms/lukasz/map/province/ProvinceDrawDetails$26.smali	0
/tmp/w3a/smali/aoc/kingdoms/lukasz/map/province/ProvinceDrawDetails$27.smali	0
/tmp/w3a/smali/aoc/kingdoms/lukasz/map/province/ProvinceDrawDetails$28.smali	0
/tmp/w3a/smali/aoc/kingdoms/lukasz/map/province/ProvinceDrawDetails$29.smali	0
/tmp/w3a/smali/aoc/kingdoms/lukasz/map/province/ProvinceDrawDetails$3.smali	0
/tmp/w3a/smali/aoc/kingdoms/lukasz/map/province/ProvinceDrawDetails$30.smali	0
/tmp/w3a/smali/aoc/kingdoms/lukasz/map/province/ProvinceDrawDetails$31.smali	0
/tmp/w3a/smali/aoc/kingdoms/lukasz/map/province/ProvinceDrawDetails$4.smali	0
/tmp/w3a/smali/aoc/kingdoms/lukasz/map/province/ProvinceDrawDetails$5.smali	0
/tmp/w3a/smali/aoc/kingdoms/lukasz/map/province/ProvinceDrawDetails$6.smali	0
/tmp/w3a/smali/aoc/kingdoms/lukasz/map/province/ProvinceDrawDetails$7.smali	0
/tmp/w3a/smali/aoc/kingdoms/lukasz/map/province/ProvinceDrawDetails$8.smali	0
/tmp/w3a/smali/aoc/kingdoms/lukasz/map/province/ProvinceDrawDetails$9.smali	0
/tmp/w3a/smali/aoc/kingdoms/lukasz/map/province/ProvinceDrawDetails.smali	0
/tmp/w3a/smali/aoc/kingdoms/lukasz/map/province/ProvinceHover$1.smali	0
/tmp/w3a/smali/aoc/kingdoms/lukasz/map/province/ProvinceHover$2.smali	0
/tmp/w3a/smali/aoc/kingdoms/lukasz/map/province/ProvinceHover$3.smali	0
/tmp/w3a/smali/aoc/kingdoms/lukasz/map/province/ProvinceHover$4.smali	0
/tmp/w3a/smali/aoc/kingdoms/lukasz/map/province/ProvinceHover$5.smali	0
/tmp/w3a/smali/aoc/kingdoms/lukasz/map/province/ProvinceHover$ProvinceHoverBuild.smali	0
/tmp/w3a/smali/aoc/kingdoms/lukasz/map/province/ProvinceHover.smali	0
/tmp/w3a/smali/aoc/kingdoms/lukasz/map/province/ProvinceInvest.smali	0
/tmp/w3a/smali/aoc/kingdoms/lukasz/map/province/ProvinceNameData.smali	0
/tmp/w3a/smali/aoc/kingdoms/lukasz/map/province/ProvinceNamesManager$1.smali	0
/tmp/w3a/smali/aoc/kingdoms/lukasz/map/province/ProvinceNamesManager$2.smali	0
/tmp/w3a/smali/aoc/kingdoms/lukasz/map/province/ProvinceNamesManager$3.smali	0
/tmp/w3a/smali/aoc/kingdoms/lukasz/map/province/ProvinceNamesManager$4.smali	0
/tmp/w3a/smali/aoc/kingdoms/lukasz/map/province/ProvinceNamesManager$DrawProvinceNames.smali	0
/tmp/w3a/smali/aoc/kingdoms/lukasz/map/province/ProvinceNamesManager.smali	0
/tmp/w3a/smali/aoc/kingdoms/lukasz/map/province/ProvincePopulation.smali	0
/tmp/w3a/smali/aoc/kingdoms/lukasz/map/province/ProvinceTouchExtraAction$1.smali	0
/tmp/w3a/smali/aoc/kingdoms/lukasz/map/province/ProvinceTouchExtraAction$10.smali	0
/tmp/w3a/smali/aoc/kingdoms/lukasz/map/province/ProvinceTouchExtraAction$11.smali	0
/tmp/w3a/smali/aoc/kingdoms/lukasz/map/province/ProvinceTouchExtraAction$12.smali	0
/tmp/w3a/smali/aoc/kingdoms/lukasz/map/province/ProvinceTouchExtraAction$13.smali	0
/tmp/w3a/smali/aoc/kingdoms/lukasz/map/province/ProvinceTouchExtraAction$14.smali	0
/tmp/w3a/smali/aoc/kingdoms/lukasz/map/province/ProvinceTouchExtraAction$15.smali	0
/tmp/w3a/smali/aoc/kingdoms/lukasz/map/province/ProvinceTouchExtraAction$16.smali	0
/tmp/w3a/smali/aoc/kingdoms/lukasz/map/province/ProvinceTouchExtraAction$17.smali	0
/tmp/w3a/smali/aoc/kingdoms/lukasz/map/province/ProvinceTouchExtraAction$18.smali	0
/tmp/w3a/smali/aoc/kingdoms/lukasz/map/province/ProvinceTouchExtraAction$19.smali	0
/tmp/w3a/smali/aoc/kingdoms/lukasz/map/province/ProvinceTouchExtraAction$2.smali	0
/tmp/w3a/smali/aoc/kingdoms/lukasz/map/province/ProvinceTouchExtraAction$20.smali	0
/tmp/w3a/smali/aoc/kingdoms/lukasz/map/province/ProvinceTouchExtraAction$21.smali	0
/tmp/w3a/smali/aoc/kingdoms/lukasz/map/province/ProvinceTouchExtraAction$22.smali	0
/tmp/w3a/smali/aoc/kingdoms/lukasz/map/province/ProvinceTouchExtraAction$23.smali	0
/tmp/w3a/smali/aoc/kingdoms/lukasz/map/province/ProvinceTouchExtraAction$24.smali	0
/tmp/w3a/smali/aoc/kingdoms/lukasz/map/province/ProvinceTouchExtraAction$25.smali	0
/tmp/w3a/smali/aoc/kingdoms/lukasz/map/province/ProvinceTouchExtraAction$26.smali	0
/tmp/w3a/smali/aoc/kingdoms/lukasz/map/province/ProvinceTouchExtraAction$27.smali	0
/tmp/w3a/smali/aoc/kingdoms/lukasz/map/province/ProvinceTouchExtraAction$28.smali	0
/tmp/w3a/smali/aoc/kingdoms/lukasz/map/province/ProvinceTouchExtraAction$29.smali	0
/tmp/w3a/smali/aoc/kingdoms/lukasz/map/province/ProvinceTouchExtraAction$3.smali	0
/tmp/w3a/smali/aoc/kingdoms/lukasz/map/province/ProvinceTouchExtraAction$30.smali	0
/tmp/w3a/smali/aoc/kingdoms/lukasz/map/province/ProvinceTouchExtraAction$31.smali	0
/tmp/w3a/smali/aoc/kingdoms/lukasz/map/province/ProvinceTouchExtraAction$32.smali	0
/tmp/w3a/smali/aoc/kingdoms/lukasz/map/province/ProvinceTouchExtraAction$33.smali	0
/tmp/w3a/smali/aoc/kingdoms/lukasz/map/province/ProvinceTouchExtraAction$34.smali	0
/tmp/w3a/smali/aoc/kingdoms/lukasz/map/province/ProvinceTouchExtraAction$35.smali	0
/tmp/w3a/smali/aoc/kingdoms/lukasz/map/province/ProvinceTouchExtraAction$36.smali	0
/tmp/w3a/smali/aoc/kingdoms/lukasz/map/province/ProvinceTouchExtraAction$37.smali	0
/tmp/w3a/smali/aoc/kingdoms/lukasz/map/province/ProvinceTouchExtraAction$38.smali	0
/tmp/w3a/smali/aoc/kingdoms/lukasz/map/province/ProvinceTouchExtraAction$39.smali	0
/tmp/w3a/smali/aoc/kingdoms/lukasz/map/province/ProvinceTouchExtraAction$4.smali	0
/tmp/w3a/smali/aoc/kingdoms/lukasz/map/province/ProvinceTouchExtraAction$40.smali	0
/tmp/w3a/smali/aoc/kingdoms/lukasz/map/province/ProvinceTouchExtraAction$41.smali	0
/tmp/w3a/smali/aoc/kingdoms/lukasz/map/province/ProvinceTouchExtraAction$42.smali	0
/tmp/w3a/smali/aoc/kingdoms/lukasz/map/province/ProvinceTouchExtraAction$43.smali	0
/tmp/w3a/smali/aoc/kingdoms/lukasz/map/province/ProvinceTouchExtraAction$44.smali	0
/tmp/w3a/smali/aoc/kingdoms/lukasz/map/province/ProvinceTouchExtraAction$45.smali	0
/tmp/w3a/smali/aoc/kingdoms/lukasz/map/province/ProvinceTouchExtraAction$5.smali	0
/tmp/w3a/smali/aoc/kingdoms/lukasz/map/province/ProvinceTouchExtraAction$6.smali	0
/tmp/w3a/smali/aoc/kingdoms/lukasz/map/province/ProvinceTouchExtraAction$7.smali	0
/tmp/w3a/smali/aoc/kingdoms/lukasz/map/province/ProvinceTouchExtraAction$8.smali	0
/tmp/w3a/smali/aoc/kingdoms/lukasz/map/province/ProvinceTouchExtraAction$9.smali	0
/tmp/w3a/smali/aoc/kingdoms/lukasz/map/province/ProvinceTouchExtraAction$ExtraAction.smali	0
/tmp/w3a/smali/aoc/kingdoms/lukasz/map/province/ProvinceTouchExtraAction.smali	0
/tmp/w3a/smali/aoc/kingdoms/lukasz/map/province/RadarBitmap.smali	0
/tmp/w3a/smali/aoc/kingdoms/lukasz/map/province/animation/ProvinceAnimation.smali	0
/tmp/w3a/smali/aoc/kingdoms/lukasz/map/province/animation/ProvinceAnimationDot.smali	0
/tmp/w3a/smali/aoc/kingdoms/lukasz/map/province/animation/ProvinceAnimationHover.smali	0
/tmp/w3a/smali/aoc/kingdoms/lukasz/map/province/data/ProvinceData.smali	0
/tmp/w3a/smali/aoc/kingdoms/lukasz/map/province/data/ProvinceData10.smali	0
/tmp/w3a/smali/aoc/kingdoms/lukasz/map/province/data/ProvinceData2.smali	0
/tmp/w3a/smali/aoc/kingdoms/lukasz/map/province/data/ProvinceData2Serializer.smali	0
/tmp/w3a/smali/aoc/kingdoms/lukasz/map/province/data/ProvinceData3.smali	0
/tmp/w3a/smali/aoc/kingdoms/lukasz/map/province/data/ProvinceData4.smali	0
/tmp/w3a/smali/aoc/kingdoms/lukasz/map/province/data/ProvinceData4Serializer.smali	0
/tmp/w3a/smali/aoc/kingdoms/lukasz/map/province/data/ProvinceData5.smali	0
/tmp/w3a/smali/aoc/kingdoms/lukasz/map/province/data/ProvinceData6.smali	0
/tmp/w3a/smali/aoc/kingdoms/lukasz/map/province/data/ProvinceData6Serializer.smali	0
/tmp/w3a/smali/aoc/kingdoms/lukasz/map/province/data/ProvinceData7.smali	0
/tmp/w3a/smali/aoc/kingdoms/lukasz/map/province/data/ProvinceData8.smali	0
/tmp/w3a/smali/aoc/kingdoms/lukasz/map/province/data/ProvinceData8Serializer.smali	0
/tmp/w3a/smali/aoc/kingdoms/lukasz/map/province/data/ProvinceData9.smali	0
/tmp/w3a/smali/aoc/kingdoms/lukasz/map/province/data/ProvinceData9Serializer.smali	0
/tmp/w3a/smali/aoc/kingdoms/lukasz/map/province/data/ProvinceDataSerializer.smali	0
/tmp/w3a/smali/aoc/kingdoms/lukasz/map/province/data/ProvinceData_Population.smali	0
/tmp/w3a/smali/aoc/kingdoms/lukasz/map/rebels/OccupiedProvince.smali	0
/tmp/w3a/smali/aoc/kingdoms/lukasz/map/rebels/RevolutionManager$1.smali	0
/tmp/w3a/smali/aoc/kingdoms/lukasz/map/rebels/RevolutionManager$2.smali	0
/tmp/w3a/smali/aoc/kingdoms/lukasz/map/rebels/RevolutionManager$3.smali	0
/tmp/w3a/smali/aoc/kingdoms/lukasz/map/rebels/RevolutionManager.smali	0
/tmp/w3a/smali/aoc/kingdoms/lukasz/map/rebels/RevolutionMoveUnits.smali	0
/tmp/w3a/smali/aoc/kingdoms/lukasz/map/technology/Pk/gVDkEBosPkAhK.smali	0
/tmp/w3a/smali/aoc/kingdoms/lukasz/map/technology/TechnologyResearch.smali	0
/tmp/w3a/smali/aoc/kingdoms/lukasz/map/technology/TechnologyTree$Building.smali	0
/tmp/w3a/smali/aoc/kingdoms/lukasz/map/technology/TechnologyTree$ConfigTechnologyData.smali	0
/tmp/w3a/smali/aoc/kingdoms/lukasz/map/technology/TechnologyTree$LawTech.smali	0
/tmp/w3a/smali/aoc/kingdoms/lukasz/map/technology/TechnologyTree$Technology.smali	0
/tmp/w3a/smali/aoc/kingdoms/lukasz/map/technology/TechnologyTree$Unit.smali	0
/tmp/w3a/smali/aoc/kingdoms/lukasz/map/technology/TechnologyTree.smali	0
/tmp/w3a/smali/aoc/kingdoms/lukasz/map/terrain/Terrain.smali	0
/tmp/w3a/smali/aoc/kingdoms/lukasz/map/terrain/TerrainManager.smali	0
/tmp/w3a/smali/aoc/kingdoms/lukasz/map/terrain/ZR/DqeSiu.smali	0
/tmp/w3a/smali/aoc/kingdoms/lukasz/map/wTxW/XtuBgI.smali	0
/tmp/w3a/smali/aoc/kingdoms/lukasz/map/war/War$1.smali	0
/tmp/w3a/smali/aoc/kingdoms/lukasz/map/war/War$2.smali	0
/tmp/w3a/smali/aoc/kingdoms/lukasz/map/war/War$3.smali	0
/tmp/w3a/smali/aoc/kingdoms/lukasz/map/war/War.smali	0
/tmp/w3a/smali/aoc/kingdoms/lukasz/map/war/WarCivilization.smali	0
/tmp/w3a/smali/aoc/kingdoms/lukasz/map/war/WarManager$1.smali	0
/tmp/w3a/smali/aoc/kingdoms/lukasz/map/war/WarManager.smali	0
/tmp/w3a/smali/aoc/kingdoms/lukasz/menu/ClickAnimation$ClickXY.smali	0
/tmp/w3a/smali/aoc/kingdoms/lukasz/menu/ClickAnimation.smali	0
/tmp/w3a/smali/aoc/kingdoms/lukasz/menu/ColorPicker$1.smali	0
/tmp/w3a/smali/aoc/kingdoms/lukasz/menu/ColorPicker$10.smali	0
/tmp/w3a/smali/aoc/kingdoms/lukasz/menu/ColorPicker$2.smali	0
/tmp/w3a/smali/aoc/kingdoms/lukasz/menu/ColorPicker$3.smali	0
/tmp/w3a/smali/aoc/kingdoms/lukasz/menu/ColorPicker$4.smali	0
/tmp/w3a/smali/aoc/kingdoms/lukasz/menu/ColorPicker$5.smali	0
/tmp/w3a/smali/aoc/kingdoms/lukasz/menu/ColorPicker$6.smali	0
/tmp/w3a/smali/aoc/kingdoms/lukasz/menu/ColorPicker$7.smali	0
/tmp/w3a/smali/aoc/kingdoms/lukasz/menu/ColorPicker$8.smali	0
/tmp/w3a/smali/aoc/kingdoms/lukasz/menu/ColorPicker$9.smali	0
/tmp/w3a/smali/aoc/kingdoms/lukasz/menu/ColorPicker$Box.smali	0
/tmp/w3a/smali/aoc/kingdoms/lukasz/menu/ColorPicker$ColorPicker_AoC_Action.smali	0
/tmp/w3a/smali/aoc/kingdoms/lukasz/menu/ColorPicker$PickerAction.smali	0
/tmp/w3a/smali/aoc/kingdoms/lukasz/menu/ColorPicker.smali	0
/tmp/w3a/smali/aoc/kingdoms/lukasz/menu/Colors.smali	0
/tmp/w3a/smali/aoc/kingdoms/lukasz/menu/Hover.smali	0
/tmp/w3a/smali/aoc/kingdoms/lukasz/menu/HoverManager.smali	0
/tmp/w3a/smali/aoc/kingdoms/lukasz/menu/Menu$1.smali	0
/tmp/w3a/smali/aoc/kingdoms/lukasz/menu/Menu$MenuClose.smali	0
/tmp/w3a/smali/aoc/kingdoms/lukasz/menu/Menu.smali	0
/tmp/w3a/smali/aoc/kingdoms/lukasz/menu/MenuManager$1.smali	0
/tmp/w3a/smali/aoc/kingdoms/lukasz/menu/MenuManager$2.smali	0
/tmp/w3a/smali/aoc/kingdoms/lukasz/menu/MenuManager.smali	0
/tmp/w3a/smali/aoc/kingdoms/lukasz/menu/View.smali	0
/tmp/w3a/smali/aoc/kingdoms/lukasz/menu/menuTitle/MenuTitle$1.smali	0
/tmp/w3a/smali/aoc/kingdoms/lukasz/menu/menuTitle/MenuTitle.smali	0
/tmp/w3a/smali/aoc/kingdoms/lukasz/menu/menuTitle/MenuTitle2.smali	0
/tmp/w3a/smali/aoc/kingdoms/lukasz/menu/menuTitle/MenuTitleIMG.smali	0
/tmp/w3a/smali/aoc/kingdoms/lukasz/menu/menuTitle/MenuTitleIMG_DoubleText.smali	0
/tmp/w3a/smali/aoc/kingdoms/lukasz/menu/menuTitle/MenuTitleIMG_Flag.smali	0
/tmp/w3a/smali/aoc/kingdoms/lukasz/menu/menuTitle/MenuTitleIMG_Flag2.smali	0
/tmp/w3a/smali/aoc/kingdoms/lukasz/menu/menuTitle/MenuTitleIMG_FlagCenter.smali	0
/tmp/w3a/smali/aoc/kingdoms/lukasz/menu/menuTitle/MenuTitleIMG_FlagCenter2.smali	0
/tmp/w3a/smali/aoc/kingdoms/lukasz/menu/menuTitle/MenuTitleIMG_FlagCenter_HRE.smali	0
/tmp/w3a/smali/aoc/kingdoms/lukasz/menu/menuTitle/MenuTitleIMG_Flag_TextRight.smali	0
/tmp/w3a/smali/aoc/kingdoms/lukasz/menu/menuTitle/MenuTitleIMG_Message.smali	0
/tmp/w3a/smali/aoc/kingdoms/lukasz/menu/menuTitle/MenuTitleIMG_Terrain.smali	0
/tmp/w3a/smali/aoc/kingdoms/lukasz/menu/menuTitle/MenuTitleIMG_War$1.smali	0
/tmp/w3a/smali/aoc/kingdoms/lukasz/menu/menuTitle/MenuTitleIMG_War.smali	0
/tmp/w3a/smali/aoc/kingdoms/lukasz/menu/menuTitle/MenuTitleTechTree.smali	0
/tmp/w3a/smali/aoc/kingdoms/lukasz/menu/menuTitle/Pt/MpJU.smali	0
/tmp/w3a/smali/aoc/kingdoms/lukasz/menu_element/Empty.smali	0
/tmp/w3a/smali/aoc/kingdoms/lukasz/menu_element/Empty_AdvantageBG.smali	0
/tmp/w3a/smali/aoc/kingdoms/lukasz/menu_element/Icon.smali	0
/tmp/w3a/smali/aoc/kingdoms/lukasz/menu_element/IconCourt.smali	0
/tmp/w3a/smali/aoc/kingdoms/lukasz/menu_element/IconCourt_Notification.smali	0
/tmp/w3a/smali/aoc/kingdoms/lukasz/menu_element/MenuElement.smali	0
/tmp/w3a/smali/aoc/kingdoms/lukasz/menu_element/MenuElement_Type.smali	0
/tmp/w3a/smali/aoc/kingdoms/lukasz/menu_element/MessageButton$1.smali	0
/tmp/w3a/smali/aoc/kingdoms/lukasz/menu_element/MessageButton$2.smali	0
/tmp/w3a/smali/aoc/kingdoms/lukasz/menu_element/MessageButton.smali	0
/tmp/w3a/smali/aoc/kingdoms/lukasz/menu_element/MessageWar.smali	0
/tmp/w3a/smali/aoc/kingdoms/lukasz/menu_element/Message_CurrentSituation.smali	0
/tmp/w3a/smali/aoc/kingdoms/lukasz/menu_element/Minimap.smali	0
/tmp/w3a/smali/aoc/kingdoms/lukasz/menu_element/Slider.smali	0
/tmp/w3a/smali/aoc/kingdoms/lukasz/menu_element/Space.smali	0
/tmp/w3a/smali/aoc/kingdoms/lukasz/menu_element/SpaceHorizontal.smali	0
/tmp/w3a/smali/aoc/kingdoms/lukasz/menu_element/Status.smali	0
/tmp/w3a/smali/aoc/kingdoms/lukasz/menu_element/Toast.smali	0
/tmp/w3a/smali/aoc/kingdoms/lukasz/menu_element/button/Button$1.smali	0
/tmp/w3a/smali/aoc/kingdoms/lukasz/menu_element/button/Button$2.smali	0
/tmp/w3a/smali/aoc/kingdoms/lukasz/menu_element/button/Button$3.smali	0
/tmp/w3a/smali/aoc/kingdoms/lukasz/menu_element/button/Button$4.smali	0
/tmp/w3a/smali/aoc/kingdoms/lukasz/menu_element/button/Button$Checkbox.smali	0
/tmp/w3a/smali/aoc/kingdoms/lukasz/menu_element/button/Button$TextPosition.smali	0
/tmp/w3a/smali/aoc/kingdoms/lukasz/menu_element/button/Button.smali	0
/tmp/w3a/smali/aoc/kingdoms/lukasz/menu_element/button/Button32.smali	0
/tmp/w3a/smali/aoc/kingdoms/lukasz/menu_element/button/Button32Padd.smali	0
/tmp/w3a/smali/aoc/kingdoms/lukasz/menu_element/button/Button32Padd_Text.smali	0
/tmp/w3a/smali/aoc/kingdoms/lukasz/menu_element/button/ButtonAdvisor.smali	0
/tmp/w3a/smali/aoc/kingdoms/lukasz/menu_element/button/ButtonAdvisorGeneral.smali	0
/tmp/w3a/smali/aoc/kingdoms/lukasz/menu_element/button/ButtonAdvisor_No.smali	0
/tmp/w3a/smali/aoc/kingdoms/lukasz/menu_element/button/ButtonArmy.smali	0
/tmp/w3a/smali/aoc/kingdoms/lukasz/menu_element/button/ButtonArmyBattle$1.smali	0
/tmp/w3a/smali/aoc/kingdoms/lukasz/menu_element/button/ButtonArmyBattle.smali	0
/tmp/w3a/smali/aoc/kingdoms/lukasz/menu_element/button/ButtonArmyBattle_Upgrade.smali	0
/tmp/w3a/smali/aoc/kingdoms/lukasz/menu_element/button/ButtonArmyGeneral.smali	0
/tmp/w3a/smali/aoc/kingdoms/lukasz/menu_element/button/ButtonArmyGeneral2.smali	0
/tmp/w3a/smali/aoc/kingdoms/lukasz/menu_element/button/ButtonArmyGeneral2_Armies.smali	0
/tmp/w3a/smali/aoc/kingdoms/lukasz/menu_element/button/ButtonArmyGeneral_Assign.smali	0
/tmp/w3a/smali/aoc/kingdoms/lukasz/menu_element/button/ButtonArmyID.smali	0
/tmp/w3a/smali/aoc/kingdoms/lukasz/menu_element/button/ButtonArmyIcon.smali	0
/tmp/w3a/smali/aoc/kingdoms/lukasz/menu_element/button/ButtonArmyIcon_Green.smali	0
/tmp/w3a/smali/aoc/kingdoms/lukasz/menu_element/button/ButtonArmyIcon_Special.smali	0
/tmp/w3a/smali/aoc/kingdoms/lukasz/menu_element/button/ButtonArmyNoGeneral.smali	0
/tmp/w3a/smali/aoc/kingdoms/lukasz/menu_element/button/ButtonArmyNoGeneral2.smali	0
/tmp/w3a/smali/aoc/kingdoms/lukasz/menu_element/button/ButtonArmyNoGeneral2_Armies.smali	0
/tmp/w3a/smali/aoc/kingdoms/lukasz/menu_element/button/ButtonBattleRegiment$1.smali	0
/tmp/w3a/smali/aoc/kingdoms/lukasz/menu_element/button/ButtonBattleRegiment.smali	0
/tmp/w3a/smali/aoc/kingdoms/lukasz/menu_element/button/ButtonBattleRegimentDefeated.smali	0
/tmp/w3a/smali/aoc/kingdoms/lukasz/menu_element/button/ButtonBattleRegimentEmpty.smali	0
/tmp/w3a/smali/aoc/kingdoms/lukasz/menu_element/button/ButtonBuild.smali	0
/tmp/w3a/smali/aoc/kingdoms/lukasz/menu_element/button/ButtonBuilding.smali	0
/tmp/w3a/smali/aoc/kingdoms/lukasz/menu_element/button/ButtonBuilding2$1.smali	0
/tmp/w3a/smali/aoc/kingdoms/lukasz/menu_element/button/ButtonBuilding2.smali	0
/tmp/w3a/smali/aoc/kingdoms/lukasz/menu_element/button/ButtonBuilding2_NotAvailable.smali	0
/tmp/w3a/smali/aoc/kingdoms/lukasz/menu_element/button/ButtonBuildingProvince$1.smali	0
/tmp/w3a/smali/aoc/kingdoms/lukasz/menu_element/button/ButtonBuildingProvince.smali	0
/tmp/w3a/smali/aoc/kingdoms/lukasz/menu_element/button/ButtonBuilding_Special$InnerStat.smali	0
/tmp/w3a/smali/aoc/kingdoms/lukasz/menu_element/button/ButtonBuilding_Special.smali	0
/tmp/w3a/smali/aoc/kingdoms/lukasz/menu_element/button/ButtonCurrentSituation.smali	0
/tmp/w3a/smali/aoc/kingdoms/lukasz/menu_element/button/ButtonCurrentSituation_Value.smali	0
/tmp/w3a/smali/aoc/kingdoms/lukasz/menu_element/button/ButtonCurrentSituation_Value_Mods.smali	0
/tmp/w3a/smali/aoc/kingdoms/lukasz/menu_element/button/ButtonDiplomacy.smali	0
/tmp/w3a/smali/aoc/kingdoms/lukasz/menu_element/button/ButtonDiplomacy_Cost.smali	0
/tmp/w3a/smali/aoc/kingdoms/lukasz/menu_element/button/ButtonFlag.smali	0
/tmp/w3a/smali/aoc/kingdoms/lukasz/menu_element/button/ButtonFlag2.smali	0
/tmp/w3a/smali/aoc/kingdoms/lukasz/menu_element/button/ButtonFlag2_CivName.smali	0
/tmp/w3a/smali/aoc/kingdoms/lukasz/menu_element/button/ButtonFlag2_CivName_Random.smali	0
/tmp/w3a/smali/aoc/kingdoms/lukasz/menu_element/button/ButtonFlagRect.smali	0
/tmp/w3a/smali/aoc/kingdoms/lukasz/menu_element/button/ButtonFlag_AllianceSpecial.smali	0
/tmp/w3a/smali/aoc/kingdoms/lukasz/menu_element/button/ButtonFlag_Animation.smali	0
/tmp/w3a/smali/aoc/kingdoms/lukasz/menu_element/button/ButtonFlag_Diplomacy.smali	0
/tmp/w3a/smali/aoc/kingdoms/lukasz/menu_element/button/ButtonFlag_DiplomacyWar.smali	0
/tmp/w3a/smali/aoc/kingdoms/lukasz/menu_element/button/ButtonFlag_Diplomacy_Alliance.smali	0
/tmp/w3a/smali/aoc/kingdoms/lukasz/menu_element/button/ButtonFlag_Formable.smali	0
/tmp/w3a/smali/aoc/kingdoms/lukasz/menu_element/button/ButtonFlag_Stats.smali	0
/tmp/w3a/smali/aoc/kingdoms/lukasz/menu_element/button/ButtonGame.smali	0
/tmp/w3a/smali/aoc/kingdoms/lukasz/menu_element/button/ButtonGame2.smali	0
/tmp/w3a/smali/aoc/kingdoms/lukasz/menu_element/button/ButtonGame2Sparks.smali	0
/tmp/w3a/smali/aoc/kingdoms/lukasz/menu_element/button/ButtonGame2Sparks_Hovered.smali	0
/tmp/w3a/smali/aoc/kingdoms/lukasz/menu_element/button/ButtonGame2_IMG.smali	0
/tmp/w3a/smali/aoc/kingdoms/lukasz/menu_element/button/ButtonGame_Image.smali	0
/tmp/w3a/smali/aoc/kingdoms/lukasz/menu_element/button/ButtonGame_ImageSparks.smali	0
/tmp/w3a/smali/aoc/kingdoms/lukasz/menu_element/button/ButtonGame_Init.smali	0
/tmp/w3a/smali/aoc/kingdoms/lukasz/menu_element/button/ButtonGame_Style.smali	0
/tmp/w3a/smali/aoc/kingdoms/lukasz/menu_element/button/ButtonGame_Style_NewArmy.smali	0
/tmp/w3a/smali/aoc/kingdoms/lukasz/menu_element/button/ButtonGame_Style_Value.smali	0
/tmp/w3a/smali/aoc/kingdoms/lukasz/menu_element/button/ButtonGame_Value.smali	0
/tmp/w3a/smali/aoc/kingdoms/lukasz/menu_element/button/ButtonIcon.smali	0
/tmp/w3a/smali/aoc/kingdoms/lukasz/menu_element/button/ButtonIdeology.smali	0
/tmp/w3a/smali/aoc/kingdoms/lukasz/menu_element/button/ButtonIdeology2.smali	0
/tmp/w3a/smali/aoc/kingdoms/lukasz/menu_element/button/ButtonIdeology_Court.smali	0
/tmp/w3a/smali/aoc/kingdoms/lukasz/menu_element/button/ButtonIdeology_OnlyIMG.smali	0
/tmp/w3a/smali/aoc/kingdoms/lukasz/menu_element/button/ButtonLegacy.smali	0
/tmp/w3a/smali/aoc/kingdoms/lukasz/menu_element/button/ButtonMain.smali	0
/tmp/w3a/smali/aoc/kingdoms/lukasz/menu_element/button/ButtonMainDescripted.smali	0
/tmp/w3a/smali/aoc/kingdoms/lukasz/menu_element/button/ButtonMainReverse.smali	0
/tmp/w3a/smali/aoc/kingdoms/lukasz/menu_element/button/ButtonMainScenario.smali	0
/tmp/w3a/smali/aoc/kingdoms/lukasz/menu_element/button/ButtonMainTitle.smali	0
/tmp/w3a/smali/aoc/kingdoms/lukasz/menu_element/button/ButtonMissionTree.smali	0
/tmp/w3a/smali/aoc/kingdoms/lukasz/menu_element/button/ButtonMissionTreeCiv.smali	0
/tmp/w3a/smali/aoc/kingdoms/lukasz/menu_element/button/ButtonPlay.smali	0
/tmp/w3a/smali/aoc/kingdoms/lukasz/menu_element/button/ButtonRecruitingArmy$1.smali	0
/tmp/w3a/smali/aoc/kingdoms/lukasz/menu_element/button/ButtonRecruitingArmy$2.smali	0
/tmp/w3a/smali/aoc/kingdoms/lukasz/menu_element/button/ButtonRecruitingArmy.smali	0
/tmp/w3a/smali/aoc/kingdoms/lukasz/menu_element/button/ButtonReligion.smali	0
/tmp/w3a/smali/aoc/kingdoms/lukasz/menu_element/button/ButtonReligion2.smali	0
/tmp/w3a/smali/aoc/kingdoms/lukasz/menu_element/button/ButtonReorganize.smali	0
/tmp/w3a/smali/aoc/kingdoms/lukasz/menu_element/button/ButtonResource2.smali	0
/tmp/w3a/smali/aoc/kingdoms/lukasz/menu_element/button/ButtonRuler.smali	0
/tmp/w3a/smali/aoc/kingdoms/lukasz/menu_element/button/ButtonRuler2.smali	0
/tmp/w3a/smali/aoc/kingdoms/lukasz/menu_element/button/ButtonRuler_Diplomacy.smali	0
/tmp/w3a/smali/aoc/kingdoms/lukasz/menu_element/button/ButtonSiegeTime.smali	0
/tmp/w3a/smali/aoc/kingdoms/lukasz/menu_element/button/ButtonStatsBudget.smali	0
/tmp/w3a/smali/aoc/kingdoms/lukasz/menu_element/button/ButtonStatsBudget_Balance.smali	0
/tmp/w3a/smali/aoc/kingdoms/lukasz/menu_element/button/ButtonStatsBudget_Balance_Spy.smali	0
/tmp/w3a/smali/aoc/kingdoms/lukasz/menu_element/button/ButtonStatsBudget_Icon.smali	0
/tmp/w3a/smali/aoc/kingdoms/lukasz/menu_element/button/ButtonStatsBudget_Right.smali	0
/tmp/w3a/smali/aoc/kingdoms/lukasz/menu_element/button/ButtonStatsBudget_Right2.smali	0
/tmp/w3a/smali/aoc/kingdoms/lukasz/menu_element/button/ButtonStatsOnlyIMG.smali	0
/tmp/w3a/smali/aoc/kingdoms/lukasz/menu_element/button/ButtonStatsRect.smali	0
/tmp/w3a/smali/aoc/kingdoms/lukasz/menu_element/button/ButtonStatsRectIMG.smali	0
/tmp/w3a/smali/aoc/kingdoms/lukasz/menu_element/button/ButtonStatsRectIMG_Active.smali	0
/tmp/w3a/smali/aoc/kingdoms/lukasz/menu_element/button/ButtonStatsRectIMG_ActiveBuilding$1.smali	0
/tmp/w3a/smali/aoc/kingdoms/lukasz/menu_element/button/ButtonStatsRectIMG_ActiveBuilding.smali	0
/tmp/w3a/smali/aoc/kingdoms/lukasz/menu_element/button/ButtonStatsRectIMG_Active_Click.smali	0
/tmp/w3a/smali/aoc/kingdoms/lukasz/menu_element/button/ButtonStatsRectIMG_Active_Click_Sparks.smali	0
/tmp/w3a/smali/aoc/kingdoms/lukasz/menu_element/button/ButtonStatsRectIMG_Active_Value.smali	0
/tmp/w3a/smali/aoc/kingdoms/lukasz/menu_element/button/ButtonStatsRectIMG_Active_Value_Red.smali	0
/tmp/w3a/smali/aoc/kingdoms/lukasz/menu_element/button/ButtonStatsRectIMG_Bonuses.smali	0
/tmp/w3a/smali/aoc/kingdoms/lukasz/menu_element/button/ButtonStatsRectIMG_Bonuses2.smali	0
/tmp/w3a/smali/aoc/kingdoms/lukasz/menu_element/button/ButtonStatsRectIMG_Bonuses2_Value.smali	0
/tmp/w3a/smali/aoc/kingdoms/lukasz/menu_element/button/ButtonStatsRectIMG_BonusesColor.smali	0
/tmp/w3a/smali/aoc/kingdoms/lukasz/menu_element/button/ButtonStatsRectIMG_Bonuses_Right.smali	0
/tmp/w3a/smali/aoc/kingdoms/lukasz/menu_element/button/ButtonStatsRectIMG_Bonuses_Right_Color.smali	0
/tmp/w3a/smali/aoc/kingdoms/lukasz/menu_element/button/ButtonStatsRectIMG_Bonuses_Style.smali	0
/tmp/w3a/smali/aoc/kingdoms/lukasz/menu_element/button/ButtonStatsRectIMG_CurrentSituation.smali	0
/tmp/w3a/smali/aoc/kingdoms/lukasz/menu_element/button/ButtonStatsRectIMG_Diplomacy.smali	0
/tmp/w3a/smali/aoc/kingdoms/lukasz/menu_element/button/ButtonStatsRectIMG_Diplomacy_Flip.smali	0
/tmp/w3a/smali/aoc/kingdoms/lukasz/menu_element/button/ButtonStatsRectIMG_Economy.smali	0
/tmp/w3a/smali/aoc/kingdoms/lukasz/menu_element/button/ButtonStatsRectIMG_Loot.smali	0
/tmp/w3a/smali/aoc/kingdoms/lukasz/menu_element/button/ButtonStatsRectIMG_Manpower.smali	0
/tmp/w3a/smali/aoc/kingdoms/lukasz/menu_element/button/ButtonStatsRectIMG_ProvinceIncome.smali	0
/tmp/w3a/smali/aoc/kingdoms/lukasz/menu_element/button/ButtonStatsRectIMG_Rank.smali	0
/tmp/w3a/smali/aoc/kingdoms/lukasz/menu_element/button/ButtonStatsRectIMG_Rank_Ranking.smali	0
/tmp/w3a/smali/aoc/kingdoms/lukasz/menu_element/button/ButtonStatsRectIMG_Religion.smali	0
/tmp/w3a/smali/aoc/kingdoms/lukasz/menu_element/button/ButtonStatsRectIMG_Resource.smali	0
/tmp/w3a/smali/aoc/kingdoms/lukasz/menu_element/button/ButtonStatsRectIMG_Resource2.smali	0
/tmp/w3a/smali/aoc/kingdoms/lukasz/menu_element/button/ButtonStatsRectIMG_Tax.smali	0
/tmp/w3a/smali/aoc/kingdoms/lukasz/menu_element/button/ButtonStatsRect_Active.smali	0
/tmp/w3a/smali/aoc/kingdoms/lukasz/menu_element/button/ButtonStatsRect_Active_Value.smali	0
/tmp/w3a/smali/aoc/kingdoms/lukasz/menu_element/button/ButtonStatsRect_ArmyPlayer.smali	0
/tmp/w3a/smali/aoc/kingdoms/lukasz/menu_element/button/ButtonStats_Score.smali	0
/tmp/w3a/smali/aoc/kingdoms/lukasz/menu_element/button/ButtonStats_WarScore.smali	0
/tmp/w3a/smali/aoc/kingdoms/lukasz/menu_element/button/ButtonStats_WarScore2.smali	0
/tmp/w3a/smali/aoc/kingdoms/lukasz/menu_element/button/ButtonTechnology.smali	0
/tmp/w3a/smali/aoc/kingdoms/lukasz/menu_element/button/ButtonTerrain$1.smali	0
/tmp/w3a/smali/aoc/kingdoms/lukasz/menu_element/button/ButtonTerrain.smali	0
/tmp/w3a/smali/aoc/kingdoms/lukasz/menu_element/button/ButtonTopDate.smali	0
/tmp/w3a/smali/aoc/kingdoms/lukasz/menu_element/button/ButtonTopFlag.smali	0
/tmp/w3a/smali/aoc/kingdoms/lukasz/menu_element/button/ButtonTopOutliner.smali	0
/tmp/w3a/smali/aoc/kingdoms/lukasz/menu_element/button/ButtonTopSpeed.smali	0
/tmp/w3a/smali/aoc/kingdoms/lukasz/menu_element/button/ButtonUnit$1.smali	0
/tmp/w3a/smali/aoc/kingdoms/lukasz/menu_element/button/ButtonUnit.smali	0
/tmp/w3a/smali/aoc/kingdoms/lukasz/menu_element/button/ButtonUnit2$1.smali	0
/tmp/w3a/smali/aoc/kingdoms/lukasz/menu_element/button/ButtonUnit2.smali	0
/tmp/w3a/smali/aoc/kingdoms/lukasz/menu_element/button/ButtonUnit3$1.smali	0
/tmp/w3a/smali/aoc/kingdoms/lukasz/menu_element/button/ButtonUnit3.smali	0
/tmp/w3a/smali/aoc/kingdoms/lukasz/menu_element/button/ButtonUnit3_2$1.smali	0
/tmp/w3a/smali/aoc/kingdoms/lukasz/menu_element/button/ButtonUnit3_2.smali	0
/tmp/w3a/smali/aoc/kingdoms/lukasz/menu_element/button/ButtonUnit3_3$1.smali	0
/tmp/w3a/smali/aoc/kingdoms/lukasz/menu_element/button/ButtonUnit3_3.smali	0
/tmp/w3a/smali/aoc/kingdoms/lukasz/menu_element/button/ButtonUnit_02$1.smali	0
/tmp/w3a/smali/aoc/kingdoms/lukasz/menu_element/button/ButtonUnit_02.smali	0
/tmp/w3a/smali/aoc/kingdoms/lukasz/menu_element/button/ButtonUnit_03$1.smali	0
/tmp/w3a/smali/aoc/kingdoms/lukasz/menu_element/button/ButtonUnit_03.smali	0
/tmp/w3a/smali/aoc/kingdoms/lukasz/menu_element/button/ButtonWonder.smali	0
/tmp/w3a/smali/aoc/kingdoms/lukasz/menu_element/button/ButtonWonder2.smali	0
/tmp/w3a/smali/aoc/kingdoms/lukasz/menu_element/button/ButtonWonderProvince$1.smali	0
/tmp/w3a/smali/aoc/kingdoms/lukasz/menu_element/button/ButtonWonderProvince.smali	0
/tmp/w3a/smali/aoc/kingdoms/lukasz/menu_element/button/Button_Advantage.smali	0
/tmp/w3a/smali/aoc/kingdoms/lukasz/menu_element/button/Button_Advantage2.smali	0
/tmp/w3a/smali/aoc/kingdoms/lukasz/menu_element/button/Button_Advantage3.smali	0
/tmp/w3a/smali/aoc/kingdoms/lukasz/menu_element/button/Button_AdvantageBonus.smali	0
/tmp/w3a/smali/aoc/kingdoms/lukasz/menu_element/button/Button_Advantage_Title.smali	0
/tmp/w3a/smali/aoc/kingdoms/lukasz/menu_element/button/Button_AtomicBomb.smali	0
/tmp/w3a/smali/aoc/kingdoms/lukasz/menu_element/button/Button_Capital.smali	0
/tmp/w3a/smali/aoc/kingdoms/lukasz/menu_element/button/Button_CapitalMove.smali	0
/tmp/w3a/smali/aoc/kingdoms/lukasz/menu_element/button/Button_GoldenAge.smali	0
/tmp/w3a/smali/aoc/kingdoms/lukasz/menu_element/button/Button_HRE_Reform.smali	0
/tmp/w3a/smali/aoc/kingdoms/lukasz/menu_element/button/Button_HRE_Reform_Green.smali	0
/tmp/w3a/smali/aoc/kingdoms/lukasz/menu_element/button/Button_HRE_Reform_Red.smali	0
/tmp/w3a/smali/aoc/kingdoms/lukasz/menu_element/button/Button_Law.smali	0
/tmp/w3a/smali/aoc/kingdoms/lukasz/menu_element/button/Button_Law2.smali	0
/tmp/w3a/smali/aoc/kingdoms/lukasz/menu_element/button/Button_Law3.smali	0
/tmp/w3a/smali/aoc/kingdoms/lukasz/menu_element/button/Button_Law3_Green.smali	0
/tmp/w3a/smali/aoc/kingdoms/lukasz/menu_element/button/Button_Law3_Red.smali	0
/tmp/w3a/smali/aoc/kingdoms/lukasz/menu_element/button/Button_Likelihood.smali	0
/tmp/w3a/smali/aoc/kingdoms/lukasz/menu_element/button/Button_LoadGame.smali	0
/tmp/w3a/smali/aoc/kingdoms/lukasz/menu_element/button/Button_LoadGameX.smali	0
/tmp/w3a/smali/aoc/kingdoms/lukasz/menu_element/button/Button_LoadGame_MainMenu.smali	0
/tmp/w3a/smali/aoc/kingdoms/lukasz/menu_element/button/Button_MainMenuIcon.smali	0
/tmp/w3a/smali/aoc/kingdoms/lukasz/menu_element/button/Button_MilitaryAcademy.smali	0
/tmp/w3a/smali/aoc/kingdoms/lukasz/menu_element/button/Button_MilitaryAcademyForGenerals.smali	0
/tmp/w3a/smali/aoc/kingdoms/lukasz/menu_element/button/Button_Notification.smali	0
/tmp/w3a/smali/aoc/kingdoms/lukasz/menu_element/button/Button_NotificationResource.smali	0
/tmp/w3a/smali/aoc/kingdoms/lukasz/menu_element/button/Button_NotificationResource_Green.smali	0
/tmp/w3a/smali/aoc/kingdoms/lukasz/menu_element/button/Button_NotificationResource_Red.smali	0
/tmp/w3a/smali/aoc/kingdoms/lukasz/menu_element/button/Button_Notification_Flag.smali	0
/tmp/w3a/smali/aoc/kingdoms/lukasz/menu_element/button/Button_Notification_Flag_Green.smali	0
/tmp/w3a/smali/aoc/kingdoms/lukasz/menu_element/button/Button_Notification_Flag_Red.smali	0
/tmp/w3a/smali/aoc/kingdoms/lukasz/menu_element/button/Button_Notification_Green.smali	0
/tmp/w3a/smali/aoc/kingdoms/lukasz/menu_element/button/Button_Notification_Red.smali	0
/tmp/w3a/smali/aoc/kingdoms/lukasz/menu_element/button/Button_NuclearReactor.smali	0
/tmp/w3a/smali/aoc/kingdoms/lukasz/menu_element/button/Button_Outliner.smali	0
/tmp/w3a/smali/aoc/kingdoms/lukasz/menu_element/button/Button_OutlinerBattle$1.smali	0
/tmp/w3a/smali/aoc/kingdoms/lukasz/menu_element/button/Button_OutlinerBattle.smali	0
/tmp/w3a/smali/aoc/kingdoms/lukasz/menu_element/button/Button_OutlinerEspionageMission$1.smali	0
/tmp/w3a/smali/aoc/kingdoms/lukasz/menu_element/button/Button_OutlinerEspionageMission$2.smali	0
/tmp/w3a/smali/aoc/kingdoms/lukasz/menu_element/button/Button_OutlinerEspionageMission.smali	0
/tmp/w3a/smali/aoc/kingdoms/lukasz/menu_element/button/Button_OutlinerEspionageMissionReport.smali	0
/tmp/w3a/smali/aoc/kingdoms/lukasz/menu_element/button/Button_OutlinerRelations$1.smali	0
/tmp/w3a/smali/aoc/kingdoms/lukasz/menu_element/button/Button_OutlinerRelations.smali	0
/tmp/w3a/smali/aoc/kingdoms/lukasz/menu_element/button/Button_PinnedArmy.smali	0
/tmp/w3a/smali/aoc/kingdoms/lukasz/menu_element/button/Button_PinnedArmy_Province$1.smali	0
/tmp/w3a/smali/aoc/kingdoms/lukasz/menu_element/button/Button_PinnedArmy_Province.smali	0
/tmp/w3a/smali/aoc/kingdoms/lukasz/menu_element/button/Button_Preview.smali	0
/tmp/w3a/smali/aoc/kingdoms/lukasz/menu_element/button/Button_PreviewSmall.smali	0
/tmp/w3a/smali/aoc/kingdoms/lukasz/menu_element/button/Button_QueueBuilding.smali	0
/tmp/w3a/smali/aoc/kingdoms/lukasz/menu_element/button/Button_QueueUnit.smali	0
/tmp/w3a/smali/aoc/kingdoms/lukasz/menu_element/button/Button_SupremeCourt.smali	0
/tmp/w3a/smali/aoc/kingdoms/lukasz/menu_element/graph/Graph$GraphType.smali	0
/tmp/w3a/smali/aoc/kingdoms/lukasz/menu_element/graph/Graph.smali	0
/tmp/w3a/smali/aoc/kingdoms/lukasz/menu_element/graph/GraphData.smali	0
/tmp/w3a/smali/aoc/kingdoms/lukasz/menu_element/graph/GraphLine.smali	0
/tmp/w3a/smali/aoc/kingdoms/lukasz/menu_element/graph/Graph_Vertical$1.smali	0
/tmp/w3a/smali/aoc/kingdoms/lukasz/menu_element/graph/Graph_Vertical$10.smali	0
/tmp/w3a/smali/aoc/kingdoms/lukasz/menu_element/graph/Graph_Vertical$11.smali	0
/tmp/w3a/smali/aoc/kingdoms/lukasz/menu_element/graph/Graph_Vertical$12.smali	0
/tmp/w3a/smali/aoc/kingdoms/lukasz/menu_element/graph/Graph_Vertical$13.smali	0
/tmp/w3a/smali/aoc/kingdoms/lukasz/menu_element/graph/Graph_Vertical$14.smali	0
/tmp/w3a/smali/aoc/kingdoms/lukasz/menu_element/graph/Graph_Vertical$15.smali	0
/tmp/w3a/smali/aoc/kingdoms/lukasz/menu_element/graph/Graph_Vertical$2.smali	0
/tmp/w3a/smali/aoc/kingdoms/lukasz/menu_element/graph/Graph_Vertical$3.smali	0
/tmp/w3a/smali/aoc/kingdoms/lukasz/menu_element/graph/Graph_Vertical$4.smali	0
/tmp/w3a/smali/aoc/kingdoms/lukasz/menu_element/graph/Graph_Vertical$5.smali	0
/tmp/w3a/smali/aoc/kingdoms/lukasz/menu_element/graph/Graph_Vertical$6.smali	0
/tmp/w3a/smali/aoc/kingdoms/lukasz/menu_element/graph/Graph_Vertical$7.smali	0
/tmp/w3a/smali/aoc/kingdoms/lukasz/menu_element/graph/Graph_Vertical$8.smali	0
/tmp/w3a/smali/aoc/kingdoms/lukasz/menu_element/graph/Graph_Vertical$9.smali	0
/tmp/w3a/smali/aoc/kingdoms/lukasz/menu_element/graph/Graph_Vertical$DrawStatisticsData.smali	0
/tmp/w3a/smali/aoc/kingdoms/lukasz/menu_element/graph/Graph_Vertical.smali	0
/tmp/w3a/smali/aoc/kingdoms/lukasz/menu_element/graph/Graph_Vertical_Data.smali	0
/tmp/w3a/smali/aoc/kingdoms/lukasz/menu_element/graph/Graph_Vertical_Data_Type.smali	0
/tmp/w3a/smali/aoc/kingdoms/lukasz/menu_element/graph/Graph_Vertical_Data_Value.smali	0
/tmp/w3a/smali/aoc/kingdoms/lukasz/menu_element/graph/Graph_Vertical_Info.smali	0
/tmp/w3a/smali/aoc/kingdoms/lukasz/menu_element/menuElementHover/MenuElement_Hover.smali	0
/tmp/w3a/smali/aoc/kingdoms/lukasz/menu_element/menuElementHover/MenuElement_HoverElement.smali	0
/tmp/w3a/smali/aoc/kingdoms/lukasz/menu_element/menuElementHover/MenuElement_HoverElement_Type.smali	0
/tmp/w3a/smali/aoc/kingdoms/lukasz/menu_element/menuElementHover/MenuElement_HoverElement_Type_Army.smali	0
/tmp/w3a/smali/aoc/kingdoms/lukasz/menu_element/menuElementHover/MenuElement_HoverElement_Type_BattleArmy.smali	0
/tmp/w3a/smali/aoc/kingdoms/lukasz/menu_element/menuElementHover/MenuElement_HoverElement_Type_BattleArmyPerc.smali	0
/tmp/w3a/smali/aoc/kingdoms/lukasz/menu_element/menuElementHover/MenuElement_HoverElement_Type_BattleRegiment.smali	0
/tmp/w3a/smali/aoc/kingdoms/lukasz/menu_element/menuElementHover/MenuElement_HoverElement_Type_BattleRegimentEmpty.smali	0
/tmp/w3a/smali/aoc/kingdoms/lukasz/menu_element/menuElementHover/MenuElement_HoverElement_Type_Building.smali	0
/tmp/w3a/smali/aoc/kingdoms/lukasz/menu_element/menuElementHover/MenuElement_HoverElement_Type_Button.smali	0
/tmp/w3a/smali/aoc/kingdoms/lukasz/menu_element/menuElementHover/MenuElement_HoverElement_Type_Button_TextBonus.smali	0
/tmp/w3a/smali/aoc/kingdoms/lukasz/menu_element/menuElementHover/MenuElement_HoverElement_Type_Button_TextBonusFlag.smali	0
/tmp/w3a/smali/aoc/kingdoms/lukasz/menu_element/menuElementHover/MenuElement_HoverElement_Type_Button_TextBonusIdeology.smali	0
/tmp/w3a/smali/aoc/kingdoms/lukasz/menu_element/menuElementHover/MenuElement_HoverElement_Type_Button_TextBonusReligion.smali	0
/tmp/w3a/smali/aoc/kingdoms/lukasz/menu_element/menuElementHover/MenuElement_HoverElement_Type_Button_TextBonusResource.smali	0
/tmp/w3a/smali/aoc/kingdoms/lukasz/menu_element/menuElementHover/MenuElement_HoverElement_Type_Button_TextBonus_Perc.smali	0
/tmp/w3a/smali/aoc/kingdoms/lukasz/menu_element/menuElementHover/MenuElement_HoverElement_Type_Button_Unit.smali	0
/tmp/w3a/smali/aoc/kingdoms/lukasz/menu_element/menuElementHover/MenuElement_HoverElement_Type_Color.smali	0
/tmp/w3a/smali/aoc/kingdoms/lukasz/menu_element/menuElementHover/MenuElement_HoverElement_Type_ColorTitle.smali	0
/tmp/w3a/smali/aoc/kingdoms/lukasz/menu_element/menuElementHover/MenuElement_HoverElement_Type_Disease.smali	0
/tmp/w3a/smali/aoc/kingdoms/lukasz/menu_element/menuElementHover/MenuElement_HoverElement_Type_Empty.smali	0
/tmp/w3a/smali/aoc/kingdoms/lukasz/menu_element/menuElementHover/MenuElement_HoverElement_Type_Flag.smali	0
/tmp/w3a/smali/aoc/kingdoms/lukasz/menu_element/menuElementHover/MenuElement_HoverElement_Type_FlagCiv_Title.smali	0
/tmp/w3a/smali/aoc/kingdoms/lukasz/menu_element/menuElementHover/MenuElement_HoverElement_Type_FlagCiv_Title_AllianceSpecial.smali	0
/tmp/w3a/smali/aoc/kingdoms/lukasz/menu_element/menuElementHover/MenuElement_HoverElement_Type_FlagCiv_Title_Stats.smali	0
/tmp/w3a/smali/aoc/kingdoms/lukasz/menu_element/menuElementHover/MenuElement_HoverElement_Type_FlagTitle.smali	0
/tmp/w3a/smali/aoc/kingdoms/lukasz/menu_element/menuElementHover/MenuElement_HoverElement_Type_Graph.smali	0
/tmp/w3a/smali/aoc/kingdoms/lukasz/menu_element/menuElementHover/MenuElement_HoverElement_Type_GraphVertical.smali	0
/tmp/w3a/smali/aoc/kingdoms/lukasz/menu_element/menuElementHover/MenuElement_HoverElement_Type_Image.smali	0
/tmp/w3a/smali/aoc/kingdoms/lukasz/menu_element/menuElementHover/MenuElement_HoverElement_Type_ImageFull.smali	0
/tmp/w3a/smali/aoc/kingdoms/lukasz/menu_element/menuElementHover/MenuElement_HoverElement_Type_ImageTemporaryLoad.smali	0
/tmp/w3a/smali/aoc/kingdoms/lukasz/menu_element/menuElementHover/MenuElement_HoverElement_Type_ImageTitle.smali	0
/tmp/w3a/smali/aoc/kingdoms/lukasz/menu_element/menuElementHover/MenuElement_HoverElement_Type_ImageTitle_BG.smali	0
/tmp/w3a/smali/aoc/kingdoms/lukasz/menu_element/menuElementHover/MenuElement_HoverElement_Type_Line.smali	0
/tmp/w3a/smali/aoc/kingdoms/lukasz/menu_element/menuElementHover/MenuElement_HoverElement_Type_Line2.smali	0
/tmp/w3a/smali/aoc/kingdoms/lukasz/menu_element/menuElementHover/MenuElement_HoverElement_Type_Religion.smali	0
/tmp/w3a/smali/aoc/kingdoms/lukasz/menu_element/menuElementHover/MenuElement_HoverElement_Type_ReligionTitle.smali	0
/tmp/w3a/smali/aoc/kingdoms/lukasz/menu_element/menuElementHover/MenuElement_HoverElement_Type_Resource.smali	0
/tmp/w3a/smali/aoc/kingdoms/lukasz/menu_element/menuElementHover/MenuElement_HoverElement_Type_ResourceTitle.smali	0
/tmp/w3a/smali/aoc/kingdoms/lukasz/menu_element/menuElementHover/MenuElement_HoverElement_Type_ScenarioPreview.smali	0
/tmp/w3a/smali/aoc/kingdoms/lukasz/menu_element/menuElementHover/MenuElement_HoverElement_Type_Space.smali	0
/tmp/w3a/smali/aoc/kingdoms/lukasz/menu_element/menuElementHover/MenuElement_HoverElement_Type_Terrain.smali	0
/tmp/w3a/smali/aoc/kingdoms/lukasz/menu_element/menuElementHover/MenuElement_HoverElement_Type_Text.smali	0
/tmp/w3a/smali/aoc/kingdoms/lukasz/menu_element/menuElementHover/MenuElement_HoverElement_Type_TextTitle.smali	0
/tmp/w3a/smali/aoc/kingdoms/lukasz/menu_element/menuElementHover/MenuElement_HoverElement_Type_TextTitleCenter.smali	0
/tmp/w3a/smali/aoc/kingdoms/lukasz/menu_element/menuElementHover/MenuElement_HoverElement_Type_TextTitle_BG.smali	0
/tmp/w3a/smali/aoc/kingdoms/lukasz/menu_element/menuElementHover/MenuElement_HoverElement_Type_TextTitle_BG_Center.smali	0
/tmp/w3a/smali/aoc/kingdoms/lukasz/menu_element/menuElementHover/MenuElement_HoverElement_Type_TextTitle_BG_Clear.smali	0
/tmp/w3a/smali/aoc/kingdoms/lukasz/menu_element/menuElementHover/MenuElement_HoverElement_Type_Text_Desc.smali	0
/tmp/w3a/smali/aoc/kingdoms/lukasz/menu_element/menuElementHover/MenuElement_HoverElement_Type_Title.smali	0
/tmp/w3a/smali/aoc/kingdoms/lukasz/menu_element/pieChart/PieChart.smali	0
/tmp/w3a/smali/aoc/kingdoms/lukasz/menu_element/pieChart/PieChart_Data.smali	0
/tmp/w3a/smali/aoc/kingdoms/lukasz/menu_element/pieChart/PieChart_Renderer$IntersectAt.smali	0
/tmp/w3a/smali/aoc/kingdoms/lukasz/menu_element/pieChart/PieChart_Renderer.smali	0
/tmp/w3a/smali/aoc/kingdoms/lukasz/menu_element/pieChart/PieChart_Value.smali	0
/tmp/w3a/smali/aoc/kingdoms/lukasz/menu_element/pieChart/PieChart_WithStats.smali	0
/tmp/w3a/smali/aoc/kingdoms/lukasz/menu_element/pieChart/PieChart_WithStatsFlags.smali	0
/tmp/w3a/smali/aoc/kingdoms/lukasz/menu_element/pieChart/PieChart_WithStatsGovernment.smali	0
/tmp/w3a/smali/aoc/kingdoms/lukasz/menu_element/pieChart/PieChart_WithStatsImages.smali	0
/tmp/w3a/smali/aoc/kingdoms/lukasz/menu_element/pieChart/PieChart_WithStatsReligion.smali	0
/tmp/w3a/smali/aoc/kingdoms/lukasz/menu_element/pieChart/PieChart_WithStatsResources.smali	0
/tmp/w3a/smali/aoc/kingdoms/lukasz/menu_element/textStatic/TextArmies.smali	0
/tmp/w3a/smali/aoc/kingdoms/lukasz/menu_element/textStatic/TextBG.smali	0
/tmp/w3a/smali/aoc/kingdoms/lukasz/menu_element/textStatic/TextBGBot.smali	0
/tmp/w3a/smali/aoc/kingdoms/lukasz/menu_element/textStatic/TextBGTop.smali	0
/tmp/w3a/smali/aoc/kingdoms/lukasz/menu_element/textStatic/TextBonus.smali	0
/tmp/w3a/smali/aoc/kingdoms/lukasz/menu_element/textStatic/TextCores.smali	0
/tmp/w3a/smali/aoc/kingdoms/lukasz/menu_element/textStatic/TextFlags.smali	0
/tmp/w3a/smali/aoc/kingdoms/lukasz/menu_element/textStatic/TextFlagsCasualties$1.smali	0
/tmp/w3a/smali/aoc/kingdoms/lukasz/menu_element/textStatic/TextFlagsCasualties$BattleStatsRegiments.smali	0
/tmp/w3a/smali/aoc/kingdoms/lukasz/menu_element/textStatic/TextFlagsCasualties.smali	0
/tmp/w3a/smali/aoc/kingdoms/lukasz/menu_element/textStatic/TextIcon.smali	0
/tmp/w3a/smali/aoc/kingdoms/lukasz/menu_element/textStatic/TextIcon2.smali	0
/tmp/w3a/smali/aoc/kingdoms/lukasz/menu_element/textStatic/TextIcon2_Devastation.smali	0
/tmp/w3a/smali/aoc/kingdoms/lukasz/menu_element/textStatic/TextIcon2_Economy.smali	0
/tmp/w3a/smali/aoc/kingdoms/lukasz/menu_element/textStatic/TextIcon2_GrowthRate.smali	0
/tmp/w3a/smali/aoc/kingdoms/lukasz/menu_element/textStatic/TextIcon2_Horizontal.smali	0
/tmp/w3a/smali/aoc/kingdoms/lukasz/menu_element/textStatic/TextIcon2_HorizontalSplit.smali	0
/tmp/w3a/smali/aoc/kingdoms/lukasz/menu_element/textStatic/TextIcon2_Infrastructure.smali	0
/tmp/w3a/smali/aoc/kingdoms/lukasz/menu_element/textStatic/TextIcon2_Manpower.smali	0
/tmp/w3a/smali/aoc/kingdoms/lukasz/menu_element/textStatic/TextIcon2_Nuke.smali	0
/tmp/w3a/smali/aoc/kingdoms/lukasz/menu_element/textStatic/TextIcon2_Population.smali	0
/tmp/w3a/smali/aoc/kingdoms/lukasz/menu_element/textStatic/TextIcon2_ProvinceIncome.smali	0
/tmp/w3a/smali/aoc/kingdoms/lukasz/menu_element/textStatic/TextIcon2_Rank.smali	0
/tmp/w3a/smali/aoc/kingdoms/lukasz/menu_element/textStatic/TextIcon2_Religion$1.smali	0
/tmp/w3a/smali/aoc/kingdoms/lukasz/menu_element/textStatic/TextIcon2_Religion.smali	0
/tmp/w3a/smali/aoc/kingdoms/lukasz/menu_element/textStatic/TextIcon2_RevolutionaryRisk.smali	0
/tmp/w3a/smali/aoc/kingdoms/lukasz/menu_element/textStatic/TextIcon2_Tax.smali	0
/tmp/w3a/smali/aoc/kingdoms/lukasz/menu_element/textStatic/TextIcon2_Value.smali	0
/tmp/w3a/smali/aoc/kingdoms/lukasz/menu_element/textStatic/TextIcon2_Value_Levels.smali	0
/tmp/w3a/smali/aoc/kingdoms/lukasz/menu_element/textStatic/TextIcon3.smali	0
/tmp/w3a/smali/aoc/kingdoms/lukasz/menu_element/textStatic/TextIconScaled.smali	0
/tmp/w3a/smali/aoc/kingdoms/lukasz/menu_element/textStatic/TextIcon_Diplomacy.smali	0
/tmp/w3a/smali/aoc/kingdoms/lukasz/menu_element/textStatic/TextIcon_Resource.smali	0
/tmp/w3a/smali/aoc/kingdoms/lukasz/menu_element/textStatic/TextIcon_Resource2.smali	0
/tmp/w3a/smali/aoc/kingdoms/lukasz/menu_element/textStatic/TextIcon_Resource_Small.smali	0
/tmp/w3a/smali/aoc/kingdoms/lukasz/menu_element/textStatic/TextIcon_Siege.smali	0
/tmp/w3a/smali/aoc/kingdoms/lukasz/menu_element/textStatic/TextIcon_Vertical.smali	0
/tmp/w3a/smali/aoc/kingdoms/lukasz/menu_element/textStatic/TextIcon_VerticalBuildings.smali	0
/tmp/w3a/smali/aoc/kingdoms/lukasz/menu_element/textStatic/TextIcon_VerticalProductionIncome.smali	0
/tmp/w3a/smali/aoc/kingdoms/lukasz/menu_element/textStatic/TextTop.smali	0
/tmp/w3a/smali/aoc/kingdoms/lukasz/menu_element/textStatic/TextTop2.smali	0
/tmp/w3a/smali/aoc/kingdoms/lukasz/menu_element/textStatic/TextTop_Diplomacy.smali	0
/tmp/w3a/smali/aoc/kingdoms/lukasz/menu_element/textStatic/TextTop_Gold.smali	0
/tmp/w3a/smali/aoc/kingdoms/lukasz/menu_element/textStatic/TextTop_Legacy.smali	0
/tmp/w3a/smali/aoc/kingdoms/lukasz/menu_element/textStatic/TextTop_Manpower.smali	0
/tmp/w3a/smali/aoc/kingdoms/lukasz/menu_element/textStatic/TextTop_Nukes.smali	0
/tmp/w3a/smali/aoc/kingdoms/lukasz/menu_element/textStatic/TextTop_Technology.smali	0
/tmp/w3a/smali/aoc/kingdoms/lukasz/menu_element/textStatic/Text_Advantage.smali	0
/tmp/w3a/smali/aoc/kingdoms/lukasz/menu_element/textStatic/Text_Desc.smali	0
/tmp/w3a/smali/aoc/kingdoms/lukasz/menu_element/textStatic/Text_Desc2.smali	0
/tmp/w3a/smali/aoc/kingdoms/lukasz/menu_element/textStatic/Text_Desc2_Special.smali	0
/tmp/w3a/smali/aoc/kingdoms/lukasz/menu_element/textStatic/Text_Desc3.smali	0
/tmp/w3a/smali/aoc/kingdoms/lukasz/menu_element/textStatic/Text_DescScenarios.smali	0
/tmp/w3a/smali/aoc/kingdoms/lukasz/menu_element/textStatic/Text_Desc_Simple.smali	0
/tmp/w3a/smali/aoc/kingdoms/lukasz/menu_element/textStatic/Text_Desc_SimpleNewGame.smali	0
/tmp/w3a/smali/aoc/kingdoms/lukasz/menu_element/textStatic/Text_InfoTop.smali	0
/tmp/w3a/smali/aoc/kingdoms/lukasz/menu_element/textStatic/Text_Scrollable$1.smali	0
/tmp/w3a/smali/aoc/kingdoms/lukasz/menu_element/textStatic/Text_Scrollable$2.smali	0
/tmp/w3a/smali/aoc/kingdoms/lukasz/menu_element/textStatic/Text_Scrollable$3.smali	0
/tmp/w3a/smali/aoc/kingdoms/lukasz/menu_element/textStatic/Text_Scrollable$4.smali	0
/tmp/w3a/smali/aoc/kingdoms/lukasz/menu_element/textStatic/Text_Scrollable$5.smali	0
/tmp/w3a/smali/aoc/kingdoms/lukasz/menu_element/textStatic/Text_Scrollable$DrawText.smali	0
/tmp/w3a/smali/aoc/kingdoms/lukasz/menu_element/textStatic/Text_Scrollable$TextPosition.smali	0
/tmp/w3a/smali/aoc/kingdoms/lukasz/menu_element/textStatic/Text_Scrollable.smali	0
/tmp/w3a/smali/aoc/kingdoms/lukasz/menu_element/textStatic/Text_Static$1.smali	0
/tmp/w3a/smali/aoc/kingdoms/lukasz/menu_element/textStatic/Text_Static$2.smali	0
/tmp/w3a/smali/aoc/kingdoms/lukasz/menu_element/textStatic/Text_Static$3.smali	0
/tmp/w3a/smali/aoc/kingdoms/lukasz/menu_element/textStatic/Text_Static$4.smali	0
/tmp/w3a/smali/aoc/kingdoms/lukasz/menu_element/textStatic/Text_Static$TextPosition.smali	0
/tmp/w3a/smali/aoc/kingdoms/lukasz/menu_element/textStatic/Text_Static.smali	0
/tmp/w3a/smali/aoc/kingdoms/lukasz/menu_element/textStatic/Text_StaticBG.smali	0
/tmp/w3a/smali/aoc/kingdoms/lukasz/menu_element/textStatic/Text_StaticBG_Advisor.smali	0
/tmp/w3a/smali/aoc/kingdoms/lukasz/menu_element/textStatic/Text_StaticBG_Advisor_Skill.smali	0
/tmp/w3a/smali/aoc/kingdoms/lukasz/menu_element/textStatic/Text_StaticBG_Battle.smali	0
/tmp/w3a/smali/aoc/kingdoms/lukasz/menu_element/textStatic/Text_StaticBG_BuildingSlots.smali	0
/tmp/w3a/smali/aoc/kingdoms/lukasz/menu_element/textStatic/Text_StaticBG_Compare.smali	0
/tmp/w3a/smali/aoc/kingdoms/lukasz/menu_element/textStatic/Text_StaticBG_Core$1.smali	0
/tmp/w3a/smali/aoc/kingdoms/lukasz/menu_element/textStatic/Text_StaticBG_Core.smali	0
/tmp/w3a/smali/aoc/kingdoms/lukasz/menu_element/textStatic/Text_StaticBG_Economy.smali	0
/tmp/w3a/smali/aoc/kingdoms/lukasz/menu_element/textStatic/Text_StaticBG_Economy2.smali	0
/tmp/w3a/smali/aoc/kingdoms/lukasz/menu_element/textStatic/Text_StaticBG_EconomyRanking.smali	0
/tmp/w3a/smali/aoc/kingdoms/lukasz/menu_element/textStatic/Text_StaticBG_ExploitEconomy.smali	0
/tmp/w3a/smali/aoc/kingdoms/lukasz/menu_element/textStatic/Text_StaticBG_GrowthRate.smali	0
/tmp/w3a/smali/aoc/kingdoms/lukasz/menu_element/textStatic/Text_StaticBG_ID.smali	0
/tmp/w3a/smali/aoc/kingdoms/lukasz/menu_element/textStatic/Text_StaticBG_ID_Flag.smali	0
/tmp/w3a/smali/aoc/kingdoms/lukasz/menu_element/textStatic/Text_StaticBG_ID_FlagCiv.smali	0
/tmp/w3a/smali/aoc/kingdoms/lukasz/menu_element/textStatic/Text_StaticBG_ID_FlagCiv_Center.smali	0
/tmp/w3a/smali/aoc/kingdoms/lukasz/menu_element/textStatic/Text_StaticBG_ID_FlagCiv_GreenRed.smali	0
/tmp/w3a/smali/aoc/kingdoms/lukasz/menu_element/textStatic/Text_StaticBG_ID_FlagCiv_Religion.smali	0
/tmp/w3a/smali/aoc/kingdoms/lukasz/menu_element/textStatic/Text_StaticBG_ID_FlagCiv_Special.smali	0
/tmp/w3a/smali/aoc/kingdoms/lukasz/menu_element/textStatic/Text_StaticBG_ID_FlagCiv_SpecialCiv.smali	0
/tmp/w3a/smali/aoc/kingdoms/lukasz/menu_element/textStatic/Text_StaticBG_ID_FlagCiv_SpecialEmperor.smali	0
/tmp/w3a/smali/aoc/kingdoms/lukasz/menu_element/textStatic/Text_StaticBG_ID_FlagCiv_SpecialEmpty.smali	0
/tmp/w3a/smali/aoc/kingdoms/lukasz/menu_element/textStatic/Text_StaticBG_ID_Image.smali	0
/tmp/w3a/smali/aoc/kingdoms/lukasz/menu_element/textStatic/Text_StaticBG_ID_Infrastructure.smali	0
/tmp/w3a/smali/aoc/kingdoms/lukasz/menu_element/textStatic/Text_StaticBG_ID_Special.smali	0
/tmp/w3a/smali/aoc/kingdoms/lukasz/menu_element/textStatic/Text_StaticBG_ID_SpecialColor.smali	0
/tmp/w3a/smali/aoc/kingdoms/lukasz/menu_element/textStatic/Text_StaticBG_ID_SpecialWarscore.smali	0
/tmp/w3a/smali/aoc/kingdoms/lukasz/menu_element/textStatic/Text_StaticBG_LargestProducer.smali	0
/tmp/w3a/smali/aoc/kingdoms/lukasz/menu_element/textStatic/Text_StaticBG_Manpower.smali	0
/tmp/w3a/smali/aoc/kingdoms/lukasz/menu_element/textStatic/Text_StaticBG_Mission.smali	0
/tmp/w3a/smali/aoc/kingdoms/lukasz/menu_element/textStatic/Text_StaticBG_Mission_Right$1.smali	0
/tmp/w3a/smali/aoc/kingdoms/lukasz/menu_element/textStatic/Text_StaticBG_Mission_Right.smali	0
/tmp/w3a/smali/aoc/kingdoms/lukasz/menu_element/textStatic/Text_StaticBG_Population.smali	0
/tmp/w3a/smali/aoc/kingdoms/lukasz/menu_element/textStatic/Text_StaticBG_Ruler.smali	0
/tmp/w3a/smali/aoc/kingdoms/lukasz/menu_element/textStatic/Text_StaticBG_RulerTitle.smali	0
/tmp/w3a/smali/aoc/kingdoms/lukasz/menu_element/textStatic/Text_StaticBG_RulerTitle_General.smali	0
/tmp/w3a/smali/aoc/kingdoms/lukasz/menu_element/textStatic/Text_StaticBG_RulerTitle_Nukes.smali	0
/tmp/w3a/smali/aoc/kingdoms/lukasz/menu_element/textStatic/Text_StaticBG_Special.smali	0
/tmp/w3a/smali/aoc/kingdoms/lukasz/menu_element/textStatic/Text_StaticBG_TaxEfficiency.smali	0
/tmp/w3a/smali/aoc/kingdoms/lukasz/menu_element/textStatic/Text_StaticBG_TitleSpecial_ID.smali	0
/tmp/w3a/smali/aoc/kingdoms/lukasz/menu_element/textStatic/Text_StaticBG_Write.smali	0
/tmp/w3a/smali/aoc/kingdoms/lukasz/menu_element/textStatic/Text_StaticGoods.smali	0
/tmp/w3a/smali/aoc/kingdoms/lukasz/menu_element/textStatic/Text_StaticGoods_ProgressBar.smali	0
/tmp/w3a/smali/aoc/kingdoms/lukasz/menu_element/textStatic/Text_StaticRed.smali	0
/tmp/w3a/smali/aoc/kingdoms/lukasz/menu_element/textStatic/Text_Static_ID.smali	0
/tmp/w3a/smali/aoc/kingdoms/lukasz/menu_element/textStatic/Text_Static_Opinion.smali	0
/tmp/w3a/smali/aoc/kingdoms/lukasz/menu_element/textStatic/Text_Title.smali	0
/tmp/w3a/smali/aoc/kingdoms/lukasz/menu_element/textStatic/Text_TitleBlue.smali	0
/tmp/w3a/smali/aoc/kingdoms/lukasz/menu_element/textStatic/Text_TitleBlue2.smali	0
/tmp/w3a/smali/aoc/kingdoms/lukasz/menu_element/textStatic/Text_TitleBlueSort.smali	0
/tmp/w3a/smali/aoc/kingdoms/lukasz/menu_element/textStatic/Text_TitleLegacy.smali	0
/tmp/w3a/smali/aoc/kingdoms/lukasz/menu_element/textStatic/Text_TitleLegacy2.smali	0
/tmp/w3a/smali/aoc/kingdoms/lukasz/menu_element/textStatic/Text_Title_BattleLine.smali	0
/tmp/w3a/smali/aoc/kingdoms/lukasz/menu_element/textStatic/Text_Title_Diplomacy.smali	0
/tmp/w3a/smali/aoc/kingdoms/lukasz/menu_element/textStatic/Text_Title_Sort.smali	0
/tmp/w3a/smali/aoc/kingdoms/lukasz/menu_element/textStatic/Text_Title_v2.smali	0
/tmp/w3a/smali/aoc/kingdoms/lukasz/menu_element/textStatic/Text_Title_v2Center.smali	0
/tmp/w3a/smali/aoc/kingdoms/lukasz/menu_element/textStatic/Text_Title_v2_TextLR.smali	0
/tmp/w3a/smali/aoc/kingdoms/lukasz/menus/CloudsMenu$CloudAnimation.smali	0
/tmp/w3a/smali/aoc/kingdoms/lukasz/menus/CloudsMenu.smali	0
/tmp/w3a/smali/aoc/kingdoms/lukasz/menus/Dialog$1.smali	0
/tmp/w3a/smali/aoc/kingdoms/lukasz/menus/Dialog$2.smali	0
/tmp/w3a/smali/aoc/kingdoms/lukasz/menus/Dialog$3.smali	0
/tmp/w3a/smali/aoc/kingdoms/lukasz/menus/Dialog$DialogType.smali	0
/tmp/w3a/smali/aoc/kingdoms/lukasz/menus/Dialog.smali	0
/tmp/w3a/smali/aoc/kingdoms/lukasz/menus/EmptyMenu.smali	0
/tmp/w3a/smali/aoc/kingdoms/lukasz/menus/HoiBox.smali	0
/tmp/w3a/smali/aoc/kingdoms/lukasz/menus/HoiButton.smali	0
/tmp/w3a/smali/aoc/kingdoms/lukasz/menus/InitGame$1.smali	0
/tmp/w3a/smali/aoc/kingdoms/lukasz/menus/InitGame.smali	0
/tmp/w3a/smali/aoc/kingdoms/lukasz/menus/Init_SelectLanguage$1.smali	0
/tmp/w3a/smali/aoc/kingdoms/lukasz/menus/Init_SelectLanguage.smali	0
/tmp/w3a/smali/aoc/kingdoms/lukasz/menus/Init_SelectMap$1.smali	0
/tmp/w3a/smali/aoc/kingdoms/lukasz/menus/Init_SelectMap.smali	0
/tmp/w3a/smali/aoc/kingdoms/lukasz/menus/Init_SelectMap2$1.smali	0
/tmp/w3a/smali/aoc/kingdoms/lukasz/menus/Init_SelectMap2$2.smali	0
/tmp/w3a/smali/aoc/kingdoms/lukasz/menus/Init_SelectMap2$3.smali	0
/tmp/w3a/smali/aoc/kingdoms/lukasz/menus/Init_SelectMap2$4.smali	0
/tmp/w3a/smali/aoc/kingdoms/lukasz/menus/Init_SelectMap2$5.smali	0
/tmp/w3a/smali/aoc/kingdoms/lukasz/menus/Init_SelectMap2$6.smali	0
/tmp/w3a/smali/aoc/kingdoms/lukasz/menus/Init_SelectMap2$7.smali	0
/tmp/w3a/smali/aoc/kingdoms/lukasz/menus/Init_SelectMap2$8.smali	0
/tmp/w3a/smali/aoc/kingdoms/lukasz/menus/Init_SelectMap2.smali	0
/tmp/w3a/smali/aoc/kingdoms/lukasz/menus/LoadSave/Menu_LoadSaveScenario.smali	0
/tmp/w3a/smali/aoc/kingdoms/lukasz/menus/LoadSave/Menu_LoadSavedGame$1.smali	0
/tmp/w3a/smali/aoc/kingdoms/lukasz/menus/LoadSave/Menu_LoadSavedGame$2.smali	0
/tmp/w3a/smali/aoc/kingdoms/lukasz/menus/LoadSave/Menu_LoadSavedGame.smali	0
/tmp/w3a/smali/aoc/kingdoms/lukasz/menus/LoadSave/Menu_LoadSavingGame.smali	0
/tmp/w3a/smali/aoc/kingdoms/lukasz/menus/LoadSave/Menu_LoadScenario.smali	0
/tmp/w3a/smali/aoc/kingdoms/lukasz/menus/LoadSave/Menu_Load_Workshop.smali	0
/tmp/w3a/smali/aoc/kingdoms/lukasz/menus/MainMenu$1$1.smali	0
/tmp/w3a/smali/aoc/kingdoms/lukasz/menus/MainMenu$1$2.smali	0
/tmp/w3a/smali/aoc/kingdoms/lukasz/menus/MainMenu$1.smali	0
/tmp/w3a/smali/aoc/kingdoms/lukasz/menus/MainMenu$10.smali	0
/tmp/w3a/smali/aoc/kingdoms/lukasz/menus/MainMenu$11.smali	0
/tmp/w3a/smali/aoc/kingdoms/lukasz/menus/MainMenu$12$1.smali	0
/tmp/w3a/smali/aoc/kingdoms/lukasz/menus/MainMenu$12$2.smali	0
/tmp/w3a/smali/aoc/kingdoms/lukasz/menus/MainMenu$12.smali	0
/tmp/w3a/smali/aoc/kingdoms/lukasz/menus/MainMenu$13.smali	0
/tmp/w3a/smali/aoc/kingdoms/lukasz/menus/MainMenu$14$1.smali	0
/tmp/w3a/smali/aoc/kingdoms/lukasz/menus/MainMenu$14$2.smali	0
/tmp/w3a/smali/aoc/kingdoms/lukasz/menus/MainMenu$14.smali	0
/tmp/w3a/smali/aoc/kingdoms/lukasz/menus/MainMenu$15.smali	0
/tmp/w3a/smali/aoc/kingdoms/lukasz/menus/MainMenu$16.smali	0
/tmp/w3a/smali/aoc/kingdoms/lukasz/menus/MainMenu$17$1.smali	0
/tmp/w3a/smali/aoc/kingdoms/lukasz/menus/MainMenu$17.smali	0
/tmp/w3a/smali/aoc/kingdoms/lukasz/menus/MainMenu$18.smali	0
/tmp/w3a/smali/aoc/kingdoms/lukasz/menus/MainMenu$19$1.smali	0
/tmp/w3a/smali/aoc/kingdoms/lukasz/menus/MainMenu$19.smali	0
/tmp/w3a/smali/aoc/kingdoms/lukasz/menus/MainMenu$2.smali	0
/tmp/w3a/smali/aoc/kingdoms/lukasz/menus/MainMenu$20$1.smali	0
/tmp/w3a/smali/aoc/kingdoms/lukasz/menus/MainMenu$20.smali	0
/tmp/w3a/smali/aoc/kingdoms/lukasz/menus/MainMenu$21$1.smali	0
/tmp/w3a/smali/aoc/kingdoms/lukasz/menus/MainMenu$21.smali	0
/tmp/w3a/smali/aoc/kingdoms/lukasz/menus/MainMenu$22.smali	0
/tmp/w3a/smali/aoc/kingdoms/lukasz/menus/MainMenu$3.smali	0
/tmp/w3a/smali/aoc/kingdoms/lukasz/menus/MainMenu$4.smali	0
/tmp/w3a/smali/aoc/kingdoms/lukasz/menus/MainMenu$5.smali	0
/tmp/w3a/smali/aoc/kingdoms/lukasz/menus/MainMenu$6.smali	0
/tmp/w3a/smali/aoc/kingdoms/lukasz/menus/MainMenu$7.smali	0
/tmp/w3a/smali/aoc/kingdoms/lukasz/menus/MainMenu$8.smali	0
/tmp/w3a/smali/aoc/kingdoms/lukasz/menus/MainMenu$9.smali	0
/tmp/w3a/smali/aoc/kingdoms/lukasz/menus/MainMenu.smali	0
/tmp/w3a/smali/aoc/kingdoms/lukasz/menus/MainMenu_Stats$1$1.smali	0
/tmp/w3a/smali/aoc/kingdoms/lukasz/menus/MainMenu_Stats$1.smali	0
/tmp/w3a/smali/aoc/kingdoms/lukasz/menus/MainMenu_Stats$10.smali	0
/tmp/w3a/smali/aoc/kingdoms/lukasz/menus/MainMenu_Stats$11.smali	0
/tmp/w3a/smali/aoc/kingdoms/lukasz/menus/MainMenu_Stats$12.smali	0
/tmp/w3a/smali/aoc/kingdoms/lukasz/menus/MainMenu_Stats$13.smali	0
/tmp/w3a/smali/aoc/kingdoms/lukasz/menus/MainMenu_Stats$14.smali	0
/tmp/w3a/smali/aoc/kingdoms/lukasz/menus/MainMenu_Stats$15.smali	0
/tmp/w3a/smali/aoc/kingdoms/lukasz/menus/MainMenu_Stats$16.smali	0
/tmp/w3a/smali/aoc/kingdoms/lukasz/menus/MainMenu_Stats$17.smali	0
/tmp/w3a/smali/aoc/kingdoms/lukasz/menus/MainMenu_Stats$18.smali	0
/tmp/w3a/smali/aoc/kingdoms/lukasz/menus/MainMenu_Stats$19.smali	0
/tmp/w3a/smali/aoc/kingdoms/lukasz/menus/MainMenu_Stats$2$1.smali	0
/tmp/w3a/smali/aoc/kingdoms/lukasz/menus/MainMenu_Stats$2.smali	0
/tmp/w3a/smali/aoc/kingdoms/lukasz/menus/MainMenu_Stats$20.smali	0
/tmp/w3a/smali/aoc/kingdoms/lukasz/menus/MainMenu_Stats$21.smali	0
/tmp/w3a/smali/aoc/kingdoms/lukasz/menus/MainMenu_Stats$22.smali	0
/tmp/w3a/smali/aoc/kingdoms/lukasz/menus/MainMenu_Stats$23.smali	0
/tmp/w3a/smali/aoc/kingdoms/lukasz/menus/MainMenu_Stats$3.smali	0
/tmp/w3a/smali/aoc/kingdoms/lukasz/menus/MainMenu_Stats$4.smali	0
/tmp/w3a/smali/aoc/kingdoms/lukasz/menus/MainMenu_Stats$5.smali	0
/tmp/w3a/smali/aoc/kingdoms/lukasz/menus/MainMenu_Stats$6.smali	0
/tmp/w3a/smali/aoc/kingdoms/lukasz/menus/MainMenu_Stats$7.smali	0
/tmp/w3a/smali/aoc/kingdoms/lukasz/menus/MainMenu_Stats$8.smali	0
/tmp/w3a/smali/aoc/kingdoms/lukasz/menus/MainMenu_Stats$9.smali	0
/tmp/w3a/smali/aoc/kingdoms/lukasz/menus/MainMenu_Stats.smali	0
/tmp/w3a/smali/aoc/kingdoms/lukasz/menus/MainMenu_StatsEmpty$1.smali	0
/tmp/w3a/smali/aoc/kingdoms/lukasz/menus/MainMenu_StatsEmpty.smali	0
/tmp/w3a/smali/aoc/kingdoms/lukasz/menus/Menu_LoadGames_List$1.smali	0
/tmp/w3a/smali/aoc/kingdoms/lukasz/menus/Menu_LoadGames_List$2.smali	0
/tmp/w3a/smali/aoc/kingdoms/lukasz/menus/Menu_LoadGames_List$3.smali	0
/tmp/w3a/smali/aoc/kingdoms/lukasz/menus/Menu_LoadGames_List$4.smali	0
/tmp/w3a/smali/aoc/kingdoms/lukasz/menus/Menu_LoadGames_List.smali	0
/tmp/w3a/smali/aoc/kingdoms/lukasz/menus/NewGame/NewGame$1.smali	0
/tmp/w3a/smali/aoc/kingdoms/lukasz/menus/NewGame/NewGame$2.smali	0
/tmp/w3a/smali/aoc/kingdoms/lukasz/menus/NewGame/NewGame$3.smali	0
/tmp/w3a/smali/aoc/kingdoms/lukasz/menus/NewGame/NewGame$4.smali	0
/tmp/w3a/smali/aoc/kingdoms/lukasz/menus/NewGame/NewGame$5.smali	0
/tmp/w3a/smali/aoc/kingdoms/lukasz/menus/NewGame/NewGame$6.smali	0
/tmp/w3a/smali/aoc/kingdoms/lukasz/menus/NewGame/NewGame.smali	0
/tmp/w3a/smali/aoc/kingdoms/lukasz/menus/NewGame/NewGameCiv$1.smali	0
/tmp/w3a/smali/aoc/kingdoms/lukasz/menus/NewGame/NewGameCiv$10.smali	0
/tmp/w3a/smali/aoc/kingdoms/lukasz/menus/NewGame/NewGameCiv$11.smali	0
/tmp/w3a/smali/aoc/kingdoms/lukasz/menus/NewGame/NewGameCiv$12.smali	0
/tmp/w3a/smali/aoc/kingdoms/lukasz/menus/NewGame/NewGameCiv$13.smali	0
/tmp/w3a/smali/aoc/kingdoms/lukasz/menus/NewGame/NewGameCiv$14.smali	0
/tmp/w3a/smali/aoc/kingdoms/lukasz/menus/NewGame/NewGameCiv$15.smali	0
/tmp/w3a/smali/aoc/kingdoms/lukasz/menus/NewGame/NewGameCiv$16.smali	0
/tmp/w3a/smali/aoc/kingdoms/lukasz/menus/NewGame/NewGameCiv$17.smali	0
/tmp/w3a/smali/aoc/kingdoms/lukasz/menus/NewGame/NewGameCiv$18.smali	0
/tmp/w3a/smali/aoc/kingdoms/lukasz/menus/NewGame/NewGameCiv$2.smali	0
/tmp/w3a/smali/aoc/kingdoms/lukasz/menus/NewGame/NewGameCiv$3.smali	0
/tmp/w3a/smali/aoc/kingdoms/lukasz/menus/NewGame/NewGameCiv$4.smali	0
/tmp/w3a/smali/aoc/kingdoms/lukasz/menus/NewGame/NewGameCiv$5.smali	0
/tmp/w3a/smali/aoc/kingdoms/lukasz/menus/NewGame/NewGameCiv$6.smali	0
/tmp/w3a/smali/aoc/kingdoms/lukasz/menus/NewGame/NewGameCiv$7.smali	0
/tmp/w3a/smali/aoc/kingdoms/lukasz/menus/NewGame/NewGameCiv$8.smali	0
/tmp/w3a/smali/aoc/kingdoms/lukasz/menus/NewGame/NewGameCiv$9.smali	0
/tmp/w3a/smali/aoc/kingdoms/lukasz/menus/NewGame/NewGameCiv.smali	0
/tmp/w3a/smali/aoc/kingdoms/lukasz/menus/NewGame/NewGameFlags$1.smali	0
/tmp/w3a/smali/aoc/kingdoms/lukasz/menus/NewGame/NewGameFlags.smali	0
/tmp/w3a/smali/aoc/kingdoms/lukasz/menus/NewGame/NewGame_Settings$1.smali	0
/tmp/w3a/smali/aoc/kingdoms/lukasz/menus/NewGame/NewGame_Settings$10.smali	0
/tmp/w3a/smali/aoc/kingdoms/lukasz/menus/NewGame/NewGame_Settings$11.smali	0
/tmp/w3a/smali/aoc/kingdoms/lukasz/menus/NewGame/NewGame_Settings$2.smali	0
/tmp/w3a/smali/aoc/kingdoms/lukasz/menus/NewGame/NewGame_Settings$3.smali	0
/tmp/w3a/smali/aoc/kingdoms/lukasz/menus/NewGame/NewGame_Settings$4.smali	0
/tmp/w3a/smali/aoc/kingdoms/lukasz/menus/NewGame/NewGame_Settings$5.smali	0
/tmp/w3a/smali/aoc/kingdoms/lukasz/menus/NewGame/NewGame_Settings$6.smali	0
/tmp/w3a/smali/aoc/kingdoms/lukasz/menus/NewGame/NewGame_Settings$7.smali	0
/tmp/w3a/smali/aoc/kingdoms/lukasz/menus/NewGame/NewGame_Settings$8.smali	0
/tmp/w3a/smali/aoc/kingdoms/lukasz/menus/NewGame/NewGame_Settings$9.smali	0
/tmp/w3a/smali/aoc/kingdoms/lukasz/menus/NewGame/NewGame_Settings.smali	0
/tmp/w3a/smali/aoc/kingdoms/lukasz/menus/NewGame/Scenarios/Scenarios$1.smali	0
/tmp/w3a/smali/aoc/kingdoms/lukasz/menus/NewGame/Scenarios/Scenarios$2.smali	0
/tmp/w3a/smali/aoc/kingdoms/lukasz/menus/NewGame/Scenarios/Scenarios$3.smali	0
/tmp/w3a/smali/aoc/kingdoms/lukasz/menus/NewGame/Scenarios/Scenarios$4.smali	0
/tmp/w3a/smali/aoc/kingdoms/lukasz/menus/NewGame/Scenarios/Scenarios$5.smali	0
/tmp/w3a/smali/aoc/kingdoms/lukasz/menus/NewGame/Scenarios/Scenarios$6.smali	0
/tmp/w3a/smali/aoc/kingdoms/lukasz/menus/NewGame/Scenarios/Scenarios.smali	0
/tmp/w3a/smali/aoc/kingdoms/lukasz/menus/NewGame/Scenarios/ScenariosList_NewGame$1.smali	0
/tmp/w3a/smali/aoc/kingdoms/lukasz/menus/NewGame/Scenarios/ScenariosList_NewGame.smali	0
/tmp/w3a/smali/aoc/kingdoms/lukasz/menus/NewGame/Scenarios/ScenariosList_NewGame_Buttons.smali	0
/tmp/w3a/smali/aoc/kingdoms/lukasz/menus/NewGame/Scenarios/Scenarios_Campaign_Buttons.smali	0
/tmp/w3a/smali/aoc/kingdoms/lukasz/menus/NewGame/Scenarios/Scenarios_Campaign_Horizontal$1.smali	0
/tmp/w3a/smali/aoc/kingdoms/lukasz/menus/NewGame/Scenarios/Scenarios_Campaign_Horizontal$2.smali	0
/tmp/w3a/smali/aoc/kingdoms/lukasz/menus/NewGame/Scenarios/Scenarios_Campaign_Horizontal$3.smali	0
/tmp/w3a/smali/aoc/kingdoms/lukasz/menus/NewGame/Scenarios/Scenarios_Campaign_Horizontal$4.smali	0
/tmp/w3a/smali/aoc/kingdoms/lukasz/menus/NewGame/Scenarios/Scenarios_Campaign_Horizontal.smali	0
/tmp/w3a/smali/aoc/kingdoms/lukasz/menus/NewGame/Scenarios/Scenarios_Campaign_HorizontalScenarios.smali	0
/tmp/w3a/smali/aoc/kingdoms/lukasz/menus/NewGame/Scenarios/Scenarios_Campaign_Vertical$1.smali	0
/tmp/w3a/smali/aoc/kingdoms/lukasz/menus/NewGame/Scenarios/Scenarios_Campaign_Vertical$2.smali	0
/tmp/w3a/smali/aoc/kingdoms/lukasz/menus/NewGame/Scenarios/Scenarios_Campaign_Vertical$3.smali	0
/tmp/w3a/smali/aoc/kingdoms/lukasz/menus/NewGame/Scenarios/Scenarios_Campaign_Vertical$4.smali	0
/tmp/w3a/smali/aoc/kingdoms/lukasz/menus/NewGame/Scenarios/Scenarios_Campaign_Vertical.smali	0
/tmp/w3a/smali/aoc/kingdoms/lukasz/menus/NewGame/Scenarios/Scenarios_Campaign_VerticalScenarios.smali	0
/tmp/w3a/smali/aoc/kingdoms/lukasz/menus/NewGame/Snn/SgVOmPGqg.smali	0
/tmp/w3a/smali/aoc/kingdoms/lukasz/menus/Settings/Settings_Menu$1.smali	0
/tmp/w3a/smali/aoc/kingdoms/lukasz/menus/Settings/Settings_Menu$10.smali	0
/tmp/w3a/smali/aoc/kingdoms/lukasz/menus/Settings/Settings_Menu$11.smali	0
/tmp/w3a/smali/aoc/kingdoms/lukasz/menus/Settings/Settings_Menu$12.smali	0
/tmp/w3a/smali/aoc/kingdoms/lukasz/menus/Settings/Settings_Menu$13.smali	0
/tmp/w3a/smali/aoc/kingdoms/lukasz/menus/Settings/Settings_Menu$14.smali	0
/tmp/w3a/smali/aoc/kingdoms/lukasz/menus/Settings/Settings_Menu$15.smali	0
/tmp/w3a/smali/aoc/kingdoms/lukasz/menus/Settings/Settings_Menu$16.smali	0
/tmp/w3a/smali/aoc/kingdoms/lukasz/menus/Settings/Settings_Menu$17.smali	0
/tmp/w3a/smali/aoc/kingdoms/lukasz/menus/Settings/Settings_Menu$18.smali	0
/tmp/w3a/smali/aoc/kingdoms/lukasz/menus/Settings/Settings_Menu$19.smali	0
/tmp/w3a/smali/aoc/kingdoms/lukasz/menus/Settings/Settings_Menu$2.smali	0
/tmp/w3a/smali/aoc/kingdoms/lukasz/menus/Settings/Settings_Menu$20.smali	0
/tmp/w3a/smali/aoc/kingdoms/lukasz/menus/Settings/Settings_Menu$21.smali	0
/tmp/w3a/smali/aoc/kingdoms/lukasz/menus/Settings/Settings_Menu$22.smali	0
/tmp/w3a/smali/aoc/kingdoms/lukasz/menus/Settings/Settings_Menu$23.smali	0
/tmp/w3a/smali/aoc/kingdoms/lukasz/menus/Settings/Settings_Menu$24.smali	0
/tmp/w3a/smali/aoc/kingdoms/lukasz/menus/Settings/Settings_Menu$25.smali	0
/tmp/w3a/smali/aoc/kingdoms/lukasz/menus/Settings/Settings_Menu$26.smali	0
/tmp/w3a/smali/aoc/kingdoms/lukasz/menus/Settings/Settings_Menu$27.smali	0
/tmp/w3a/smali/aoc/kingdoms/lukasz/menus/Settings/Settings_Menu$28.smali	0
/tmp/w3a/smali/aoc/kingdoms/lukasz/menus/Settings/Settings_Menu$29.smali	0
/tmp/w3a/smali/aoc/kingdoms/lukasz/menus/Settings/Settings_Menu$3.smali	0
/tmp/w3a/smali/aoc/kingdoms/lukasz/menus/Settings/Settings_Menu$30.smali	0
/tmp/w3a/smali/aoc/kingdoms/lukasz/menus/Settings/Settings_Menu$31.smali	0
/tmp/w3a/smali/aoc/kingdoms/lukasz/menus/Settings/Settings_Menu$32.smali	0
/tmp/w3a/smali/aoc/kingdoms/lukasz/menus/Settings/Settings_Menu$33.smali	0
/tmp/w3a/smali/aoc/kingdoms/lukasz/menus/Settings/Settings_Menu$34.smali	0
/tmp/w3a/smali/aoc/kingdoms/lukasz/menus/Settings/Settings_Menu$35.smali	0
/tmp/w3a/smali/aoc/kingdoms/lukasz/menus/Settings/Settings_Menu$36.smali	0
/tmp/w3a/smali/aoc/kingdoms/lukasz/menus/Settings/Settings_Menu$37.smali	0
/tmp/w3a/smali/aoc/kingdoms/lukasz/menus/Settings/Settings_Menu$38.smali	0
/tmp/w3a/smali/aoc/kingdoms/lukasz/menus/Settings/Settings_Menu$39.smali	0
/tmp/w3a/smali/aoc/kingdoms/lukasz/menus/Settings/Settings_Menu$4.smali	0
/tmp/w3a/smali/aoc/kingdoms/lukasz/menus/Settings/Settings_Menu$40.smali	0
/tmp/w3a/smali/aoc/kingdoms/lukasz/menus/Settings/Settings_Menu$41.smali	0
/tmp/w3a/smali/aoc/kingdoms/lukasz/menus/Settings/Settings_Menu$42.smali	0
/tmp/w3a/smali/aoc/kingdoms/lukasz/menus/Settings/Settings_Menu$43.smali	0
/tmp/w3a/smali/aoc/kingdoms/lukasz/menus/Settings/Settings_Menu$44.smali	0
/tmp/w3a/smali/aoc/kingdoms/lukasz/menus/Settings/Settings_Menu$45.smali	0
/tmp/w3a/smali/aoc/kingdoms/lukasz/menus/Settings/Settings_Menu$46.smali	0
/tmp/w3a/smali/aoc/kingdoms/lukasz/menus/Settings/Settings_Menu$47.smali	0
/tmp/w3a/smali/aoc/kingdoms/lukasz/menus/Settings/Settings_Menu$48.smali	0
/tmp/w3a/smali/aoc/kingdoms/lukasz/menus/Settings/Settings_Menu$49.smali	0
/tmp/w3a/smali/aoc/kingdoms/lukasz/menus/Settings/Settings_Menu$5.smali	0
/tmp/w3a/smali/aoc/kingdoms/lukasz/menus/Settings/Settings_Menu$50.smali	0
/tmp/w3a/smali/aoc/kingdoms/lukasz/menus/Settings/Settings_Menu$51.smali	0
/tmp/w3a/smali/aoc/kingdoms/lukasz/menus/Settings/Settings_Menu$52.smali	0
/tmp/w3a/smali/aoc/kingdoms/lukasz/menus/Settings/Settings_Menu$53.smali	0
/tmp/w3a/smali/aoc/kingdoms/lukasz/menus/Settings/Settings_Menu$54.smali	0
/tmp/w3a/smali/aoc/kingdoms/lukasz/menus/Settings/Settings_Menu$55.smali	0
/tmp/w3a/smali/aoc/kingdoms/lukasz/menus/Settings/Settings_Menu$56.smali	0
/tmp/w3a/smali/aoc/kingdoms/lukasz/menus/Settings/Settings_Menu$57.smali	0
/tmp/w3a/smali/aoc/kingdoms/lukasz/menus/Settings/Settings_Menu$58.smali	0
/tmp/w3a/smali/aoc/kingdoms/lukasz/menus/Settings/Settings_Menu$6.smali	0
/tmp/w3a/smali/aoc/kingdoms/lukasz/menus/Settings/Settings_Menu$7.smali	0
/tmp/w3a/smali/aoc/kingdoms/lukasz/menus/Settings/Settings_Menu$8.smali	0
/tmp/w3a/smali/aoc/kingdoms/lukasz/menus/Settings/Settings_Menu$9.smali	0
/tmp/w3a/smali/aoc/kingdoms/lukasz/menus/Settings/Settings_Menu.smali	0
/tmp/w3a/smali/aoc/kingdoms/lukasz/menus/Settings/Settings_Resolution$1.smali	0
/tmp/w3a/smali/aoc/kingdoms/lukasz/menus/Settings/Settings_Resolution$2.smali	0
/tmp/w3a/smali/aoc/kingdoms/lukasz/menus/Settings/Settings_Resolution$3.smali	0
/tmp/w3a/smali/aoc/kingdoms/lukasz/menus/Settings/Settings_Resolution.smali	0
/tmp/w3a/smali/aoc/kingdoms/lukasz/menus/Settings/Settings_UIScale$1.smali	0
/tmp/w3a/smali/aoc/kingdoms/lukasz/menus/Settings/Settings_UIScale$2.smali	0
/tmp/w3a/smali/aoc/kingdoms/lukasz/menus/Settings/Settings_UIScale$3.smali	0
/tmp/w3a/smali/aoc/kingdoms/lukasz/menus/Settings/Settings_UIScale$4.smali	0
/tmp/w3a/smali/aoc/kingdoms/lukasz/menus/Settings/Settings_UIScale.smali	0
/tmp/w3a/smali/aoc/kingdoms/lukasz/menus/TnoBlock.smali	0
/tmp/w3a/smali/aoc/kingdoms/lukasz/menus/TnoButton.smali	0
/tmp/w3a/smali/aoc/kingdoms/lukasz/menus/WorkshopMenu$1.smali	0
/tmp/w3a/smali/aoc/kingdoms/lukasz/menus/WorkshopMenu$2.smali	0
/tmp/w3a/smali/aoc/kingdoms/lukasz/menus/WorkshopMenu.smali	0
/tmp/w3a/smali/aoc/kingdoms/lukasz/menusEditor/CreateCiv$1.smali	0
/tmp/w3a/smali/aoc/kingdoms/lukasz/menusEditor/CreateCiv$2.smali	0
/tmp/w3a/smali/aoc/kingdoms/lukasz/menusEditor/CreateCiv$3.smali	0
/tmp/w3a/smali/aoc/kingdoms/lukasz/menusEditor/CreateCiv$4.smali	0
/tmp/w3a/smali/aoc/kingdoms/lukasz/menusEditor/CreateCiv$5.smali	0
/tmp/w3a/smali/aoc/kingdoms/lukasz/menusEditor/CreateCiv$6.smali	0
/tmp/w3a/smali/aoc/kingdoms/lukasz/menusEditor/CreateCiv$7.smali	0
/tmp/w3a/smali/aoc/kingdoms/lukasz/menusEditor/CreateCiv$8.smali	0
/tmp/w3a/smali/aoc/kingdoms/lukasz/menusEditor/CreateCiv.smali	0
/tmp/w3a/smali/aoc/kingdoms/lukasz/menusEditor/CreateCivGroup.smali	0
/tmp/w3a/smali/aoc/kingdoms/lukasz/menusEditor/CreateCivReligion.smali	0
/tmp/w3a/smali/aoc/kingdoms/lukasz/menusEditor/CreateCiv_Flag$1.smali	0
/tmp/w3a/smali/aoc/kingdoms/lukasz/menusEditor/CreateCiv_Flag$2.smali	0
/tmp/w3a/smali/aoc/kingdoms/lukasz/menusEditor/CreateCiv_Flag$3.smali	0
/tmp/w3a/smali/aoc/kingdoms/lukasz/menusEditor/CreateCiv_Flag$4.smali	0
/tmp/w3a/smali/aoc/kingdoms/lukasz/menusEditor/CreateCiv_Flag$5.smali	0
/tmp/w3a/smali/aoc/kingdoms/lukasz/menusEditor/CreateCiv_Flag$6.smali	0
/tmp/w3a/smali/aoc/kingdoms/lukasz/menusEditor/CreateCiv_Flag$7.smali	0
/tmp/w3a/smali/aoc/kingdoms/lukasz/menusEditor/CreateCiv_Flag$8.smali	0
/tmp/w3a/smali/aoc/kingdoms/lukasz/menusEditor/CreateCiv_Flag$9.smali	0
/tmp/w3a/smali/aoc/kingdoms/lukasz/menusEditor/CreateCiv_Flag.smali	0
/tmp/w3a/smali/aoc/kingdoms/lukasz/menusEditor/Editor$1.smali	0
/tmp/w3a/smali/aoc/kingdoms/lukasz/menusEditor/Editor$10.smali	0
/tmp/w3a/smali/aoc/kingdoms/lukasz/menusEditor/Editor$11.smali	0
/tmp/w3a/smali/aoc/kingdoms/lukasz/menusEditor/Editor$12.smali	0
/tmp/w3a/smali/aoc/kingdoms/lukasz/menusEditor/Editor$2.smali	0
/tmp/w3a/smali/aoc/kingdoms/lukasz/menusEditor/Editor$3.smali	0
/tmp/w3a/smali/aoc/kingdoms/lukasz/menusEditor/Editor$4.smali	0
/tmp/w3a/smali/aoc/kingdoms/lukasz/menusEditor/Editor$5.smali	0
/tmp/w3a/smali/aoc/kingdoms/lukasz/menusEditor/Editor$6.smali	0
/tmp/w3a/smali/aoc/kingdoms/lukasz/menusEditor/Editor$7.smali	0
/tmp/w3a/smali/aoc/kingdoms/lukasz/menusEditor/Editor$8.smali	0
/tmp/w3a/smali/aoc/kingdoms/lukasz/menusEditor/Editor$9.smali	0
/tmp/w3a/smali/aoc/kingdoms/lukasz/menusEditor/Editor.smali	0
/tmp/w3a/smali/aoc/kingdoms/lukasz/menusEditor/GameCivs$1.smali	0
/tmp/w3a/smali/aoc/kingdoms/lukasz/menusEditor/GameCivs$2.smali	0
/tmp/w3a/smali/aoc/kingdoms/lukasz/menusEditor/GameCivs$3.smali	0
/tmp/w3a/smali/aoc/kingdoms/lukasz/menusEditor/GameCivs.smali	0
/tmp/w3a/smali/aoc/kingdoms/lukasz/menusEditor/GameCivsAlphabet$1.smali	0
/tmp/w3a/smali/aoc/kingdoms/lukasz/menusEditor/GameCivsAlphabet$2.smali	0
/tmp/w3a/smali/aoc/kingdoms/lukasz/menusEditor/GameCivsAlphabet$3.smali	0
/tmp/w3a/smali/aoc/kingdoms/lukasz/menusEditor/GameCivsAlphabet$4.smali	0
/tmp/w3a/smali/aoc/kingdoms/lukasz/menusEditor/GameCivsAlphabet$5.smali	0
/tmp/w3a/smali/aoc/kingdoms/lukasz/menusEditor/GameCivsAlphabet.smali	0
/tmp/w3a/smali/aoc/kingdoms/lukasz/menusEditor/GameCivsEdit$1.smali	0
/tmp/w3a/smali/aoc/kingdoms/lukasz/menusEditor/GameCivsEdit$2.smali	0
/tmp/w3a/smali/aoc/kingdoms/lukasz/menusEditor/GameCivsEdit$3.smali	0
/tmp/w3a/smali/aoc/kingdoms/lukasz/menusEditor/GameCivsEdit$4.smali	0
/tmp/w3a/smali/aoc/kingdoms/lukasz/menusEditor/GameCivsEdit$5.smali	0
/tmp/w3a/smali/aoc/kingdoms/lukasz/menusEditor/GameCivsEdit$6.smali	0
/tmp/w3a/smali/aoc/kingdoms/lukasz/menusEditor/GameCivsEdit$7.smali	0
/tmp/w3a/smali/aoc/kingdoms/lukasz/menusEditor/GameCivsEdit$8.smali	0
/tmp/w3a/smali/aoc/kingdoms/lukasz/menusEditor/GameCivsEdit.smali	0
/tmp/w3a/smali/aoc/kingdoms/lukasz/menusEditor/GameCivsEditGroup.smali	0
/tmp/w3a/smali/aoc/kingdoms/lukasz/menusEditor/GameCivsEditReligion.smali	0
/tmp/w3a/smali/aoc/kingdoms/lukasz/menusEditor/ManageMods$1.smali	0
/tmp/w3a/smali/aoc/kingdoms/lukasz/menusEditor/ManageMods$2.smali	0
/tmp/w3a/smali/aoc/kingdoms/lukasz/menusEditor/ManageMods$3.smali	0
/tmp/w3a/smali/aoc/kingdoms/lukasz/menusEditor/ManageMods.smali	0
/tmp/w3a/smali/aoc/kingdoms/lukasz/menusInGame/AirForce/InGame_AirForce$BtnAirport.smali	1
/tmp/w3a/smali/aoc/kingdoms/lukasz/menusInGame/AirForce/InGame_AirForce$BtnClose.smali	1
/tmp/w3a/smali/aoc/kingdoms/lukasz/menusInGame/AirForce/InGame_AirForce$FlagTitle.smali	0
/tmp/w3a/smali/aoc/kingdoms/lukasz/menusInGame/AirForce/InGame_AirForce.smali	0
/tmp/w3a/smali/aoc/kingdoms/lukasz/menusInGame/AirForce/InGame_AirForceOptions$BtnBuild.smali	1
/tmp/w3a/smali/aoc/kingdoms/lukasz/menusInGame/AirForce/InGame_AirForceOptions$BtnClose.smali	1
/tmp/w3a/smali/aoc/kingdoms/lukasz/menusInGame/AirForce/InGame_AirForceOptions$BtnMission.smali	1
/tmp/w3a/smali/aoc/kingdoms/lukasz/menusInGame/AirForce/InGame_AirForceOptions$BtnNuke.smali	1
/tmp/w3a/smali/aoc/kingdoms/lukasz/menusInGame/AirForce/InGame_AirForceOptions$BtnPayload.smali	1
/tmp/w3a/smali/aoc/kingdoms/lukasz/menusInGame/AirForce/InGame_AirForceOptions$BtnSelect.smali	1
/tmp/w3a/smali/aoc/kingdoms/lukasz/menusInGame/AirForce/InGame_AirForceOptions$FlagTitle.smali	0
/tmp/w3a/smali/aoc/kingdoms/lukasz/menusInGame/AirForce/InGame_AirForceOptions.smali	0
/tmp/w3a/smali/aoc/kingdoms/lukasz/menusInGame/AirForce/InGame_AirForceQuick$BtnCmd.smali	0
/tmp/w3a/smali/aoc/kingdoms/lukasz/menusInGame/AirForce/InGame_AirForceQuick.smali	0
/tmp/w3a/smali/aoc/kingdoms/lukasz/menusInGame/AllianceSpecial/InGame_AllianceSpecial$1.smali	0
/tmp/w3a/smali/aoc/kingdoms/lukasz/menusInGame/AllianceSpecial/InGame_AllianceSpecial$10.smali	0
/tmp/w3a/smali/aoc/kingdoms/lukasz/menusInGame/AllianceSpecial/InGame_AllianceSpecial$11.smali	0
/tmp/w3a/smali/aoc/kingdoms/lukasz/menusInGame/AllianceSpecial/InGame_AllianceSpecial$12.smali	0
/tmp/w3a/smali/aoc/kingdoms/lukasz/menusInGame/AllianceSpecial/InGame_AllianceSpecial$13.smali	0
/tmp/w3a/smali/aoc/kingdoms/lukasz/menusInGame/AllianceSpecial/InGame_AllianceSpecial$14.smali	0
/tmp/w3a/smali/aoc/kingdoms/lukasz/menusInGame/AllianceSpecial/InGame_AllianceSpecial$15.smali	0
/tmp/w3a/smali/aoc/kingdoms/lukasz/menusInGame/AllianceSpecial/InGame_AllianceSpecial$16.smali	0
/tmp/w3a/smali/aoc/kingdoms/lukasz/menusInGame/AllianceSpecial/InGame_AllianceSpecial$17.smali	0
/tmp/w3a/smali/aoc/kingdoms/lukasz/menusInGame/AllianceSpecial/InGame_AllianceSpecial$18.smali	0
/tmp/w3a/smali/aoc/kingdoms/lukasz/menusInGame/AllianceSpecial/InGame_AllianceSpecial$19.smali	0
/tmp/w3a/smali/aoc/kingdoms/lukasz/menusInGame/AllianceSpecial/InGame_AllianceSpecial$2.smali	0
/tmp/w3a/smali/aoc/kingdoms/lukasz/menusInGame/AllianceSpecial/InGame_AllianceSpecial$20.smali	0
/tmp/w3a/smali/aoc/kingdoms/lukasz/menusInGame/AllianceSpecial/InGame_AllianceSpecial$21.smali	0
/tmp/w3a/smali/aoc/kingdoms/lukasz/menusInGame/AllianceSpecial/InGame_AllianceSpecial$22.smali	0
/tmp/w3a/smali/aoc/kingdoms/lukasz/menusInGame/AllianceSpecial/InGame_AllianceSpecial$23.smali	0
/tmp/w3a/smali/aoc/kingdoms/lukasz/menusInGame/AllianceSpecial/InGame_AllianceSpecial$24.smali	0
/tmp/w3a/smali/aoc/kingdoms/lukasz/menusInGame/AllianceSpecial/InGame_AllianceSpecial$25.smali	0
/tmp/w3a/smali/aoc/kingdoms/lukasz/menusInGame/AllianceSpecial/InGame_AllianceSpecial$3.smali	0
/tmp/w3a/smali/aoc/kingdoms/lukasz/menusInGame/AllianceSpecial/InGame_AllianceSpecial$4.smali	0
/tmp/w3a/smali/aoc/kingdoms/lukasz/menusInGame/AllianceSpecial/InGame_AllianceSpecial$5.smali	0
/tmp/w3a/smali/aoc/kingdoms/lukasz/menusInGame/AllianceSpecial/InGame_AllianceSpecial$6.smali	0
/tmp/w3a/smali/aoc/kingdoms/lukasz/menusInGame/AllianceSpecial/InGame_AllianceSpecial$7.smali	0
/tmp/w3a/smali/aoc/kingdoms/lukasz/menusInGame/AllianceSpecial/InGame_AllianceSpecial$8.smali	0
/tmp/w3a/smali/aoc/kingdoms/lukasz/menusInGame/AllianceSpecial/InGame_AllianceSpecial$9.smali	0
/tmp/w3a/smali/aoc/kingdoms/lukasz/menusInGame/AllianceSpecial/InGame_AllianceSpecial.smali	0
/tmp/w3a/smali/aoc/kingdoms/lukasz/menusInGame/AllianceSpecial/InGame_AllianceSpecialReformHRE$1.smali	0
/tmp/w3a/smali/aoc/kingdoms/lukasz/menusInGame/AllianceSpecial/InGame_AllianceSpecialReformHRE$2.smali	0
/tmp/w3a/smali/aoc/kingdoms/lukasz/menusInGame/AllianceSpecial/InGame_AllianceSpecialReformHRE$3.smali	0
/tmp/w3a/smali/aoc/kingdoms/lukasz/menusInGame/AllianceSpecial/InGame_AllianceSpecialReformHRE$4.smali	0
/tmp/w3a/smali/aoc/kingdoms/lukasz/menusInGame/AllianceSpecial/InGame_AllianceSpecialReformHRE$5.smali	0
/tmp/w3a/smali/aoc/kingdoms/lukasz/menusInGame/AllianceSpecial/InGame_AllianceSpecialReformHRE$6.smali	0
/tmp/w3a/smali/aoc/kingdoms/lukasz/menusInGame/AllianceSpecial/InGame_AllianceSpecialReformHRE$7.smali	0
/tmp/w3a/smali/aoc/kingdoms/lukasz/menusInGame/AllianceSpecial/InGame_AllianceSpecialReformHRE$8.smali	0
/tmp/w3a/smali/aoc/kingdoms/lukasz/menusInGame/AllianceSpecial/InGame_AllianceSpecialReformHRE$9.smali	0
/tmp/w3a/smali/aoc/kingdoms/lukasz/menusInGame/AllianceSpecial/InGame_AllianceSpecialReformHRE.smali	0
/tmp/w3a/smali/aoc/kingdoms/lukasz/menusInGame/AtomicNukes/InGame_BuildAtomicBomb$1.smali	0
/tmp/w3a/smali/aoc/kingdoms/lukasz/menusInGame/AtomicNukes/InGame_BuildAtomicBomb$2.smali	0
/tmp/w3a/smali/aoc/kingdoms/lukasz/menusInGame/AtomicNukes/InGame_BuildAtomicBomb$3.smali	0
/tmp/w3a/smali/aoc/kingdoms/lukasz/menusInGame/AtomicNukes/InGame_BuildAtomicBomb$4.smali	0
/tmp/w3a/smali/aoc/kingdoms/lukasz/menusInGame/AtomicNukes/InGame_BuildAtomicBomb$5.smali	0
/tmp/w3a/smali/aoc/kingdoms/lukasz/menusInGame/AtomicNukes/InGame_BuildAtomicBomb$6.smali	0
/tmp/w3a/smali/aoc/kingdoms/lukasz/menusInGame/AtomicNukes/InGame_BuildAtomicBomb$7.smali	0
/tmp/w3a/smali/aoc/kingdoms/lukasz/menusInGame/AtomicNukes/InGame_BuildAtomicBomb.smali	0
/tmp/w3a/smali/aoc/kingdoms/lukasz/menusInGame/AtomicNukes/InGame_Nukes$1.smali	0
/tmp/w3a/smali/aoc/kingdoms/lukasz/menusInGame/AtomicNukes/InGame_Nukes$2.smali	0
/tmp/w3a/smali/aoc/kingdoms/lukasz/menusInGame/AtomicNukes/InGame_Nukes$3.smali	0
/tmp/w3a/smali/aoc/kingdoms/lukasz/menusInGame/AtomicNukes/InGame_Nukes$4.smali	0
/tmp/w3a/smali/aoc/kingdoms/lukasz/menusInGame/AtomicNukes/InGame_Nukes$5.smali	0
/tmp/w3a/smali/aoc/kingdoms/lukasz/menusInGame/AtomicNukes/InGame_Nukes$6.smali	0
/tmp/w3a/smali/aoc/kingdoms/lukasz/menusInGame/AtomicNukes/InGame_Nukes$7.smali	0
/tmp/w3a/smali/aoc/kingdoms/lukasz/menusInGame/AtomicNukes/InGame_Nukes$8.smali	0
/tmp/w3a/smali/aoc/kingdoms/lukasz/menusInGame/AtomicNukes/InGame_Nukes$9.smali	0
/tmp/w3a/smali/aoc/kingdoms/lukasz/menusInGame/AtomicNukes/InGame_Nukes.smali	0
/tmp/w3a/smali/aoc/kingdoms/lukasz/menusInGame/Battle/InGame_Battle$1.smali	0
/tmp/w3a/smali/aoc/kingdoms/lukasz/menusInGame/Battle/InGame_Battle$10.smali	0
/tmp/w3a/smali/aoc/kingdoms/lukasz/menusInGame/Battle/InGame_Battle$11.smali	0
/tmp/w3a/smali/aoc/kingdoms/lukasz/menusInGame/Battle/InGame_Battle$12.smali	0
/tmp/w3a/smali/aoc/kingdoms/lukasz/menusInGame/Battle/InGame_Battle$13.smali	0
/tmp/w3a/smali/aoc/kingdoms/lukasz/menusInGame/Battle/InGame_Battle$14.smali	0
/tmp/w3a/smali/aoc/kingdoms/lukasz/menusInGame/Battle/InGame_Battle$15.smali	0
/tmp/w3a/smali/aoc/kingdoms/lukasz/menusInGame/Battle/InGame_Battle$16.smali	0
/tmp/w3a/smali/aoc/kingdoms/lukasz/menusInGame/Battle/InGame_Battle$17.smali	0
/tmp/w3a/smali/aoc/kingdoms/lukasz/menusInGame/Battle/InGame_Battle$18.smali	0
/tmp/w3a/smali/aoc/kingdoms/lukasz/menusInGame/Battle/InGame_Battle$19.smali	0
/tmp/w3a/smali/aoc/kingdoms/lukasz/menusInGame/Battle/InGame_Battle$2.smali	0
/tmp/w3a/smali/aoc/kingdoms/lukasz/menusInGame/Battle/InGame_Battle$20.smali	0
/tmp/w3a/smali/aoc/kingdoms/lukasz/menusInGame/Battle/InGame_Battle$21.smali	0
/tmp/w3a/smali/aoc/kingdoms/lukasz/menusInGame/Battle/InGame_Battle$22.smali	0
/tmp/w3a/smali/aoc/kingdoms/lukasz/menusInGame/Battle/InGame_Battle$23.smali	0
/tmp/w3a/smali/aoc/kingdoms/lukasz/menusInGame/Battle/InGame_Battle$24.smali	0
/tmp/w3a/smali/aoc/kingdoms/lukasz/menusInGame/Battle/InGame_Battle$25.smali	0
/tmp/w3a/smali/aoc/kingdoms/lukasz/menusInGame/Battle/InGame_Battle$3.smali	0
/tmp/w3a/smali/aoc/kingdoms/lukasz/menusInGame/Battle/InGame_Battle$4.smali	0
/tmp/w3a/smali/aoc/kingdoms/lukasz/menusInGame/Battle/InGame_Battle$5.smali	0
/tmp/w3a/smali/aoc/kingdoms/lukasz/menusInGame/Battle/InGame_Battle$6.smali	0
/tmp/w3a/smali/aoc/kingdoms/lukasz/menusInGame/Battle/InGame_Battle$7.smali	0
/tmp/w3a/smali/aoc/kingdoms/lukasz/menusInGame/Battle/InGame_Battle$8.smali	0
/tmp/w3a/smali/aoc/kingdoms/lukasz/menusInGame/Battle/InGame_Battle$9.smali	0
/tmp/w3a/smali/aoc/kingdoms/lukasz/menusInGame/Battle/InGame_Battle.smali	0
/tmp/w3a/smali/aoc/kingdoms/lukasz/menusInGame/Battle/InGame_BattleArmy$BattleStatsRegiments.smali	0
/tmp/w3a/smali/aoc/kingdoms/lukasz/menusInGame/Battle/InGame_BattleArmy.smali	0
/tmp/w3a/smali/aoc/kingdoms/lukasz/menusInGame/Battle/InGame_BattleArmyDefenders$BattleStatsRegiments.smali	0
/tmp/w3a/smali/aoc/kingdoms/lukasz/menusInGame/Battle/InGame_BattleArmyDefenders.smali	0
/tmp/w3a/smali/aoc/kingdoms/lukasz/menusInGame/Battle/InGame_BattleReport$1.smali	0
/tmp/w3a/smali/aoc/kingdoms/lukasz/menusInGame/Battle/InGame_BattleReport$10.smali	0
/tmp/w3a/smali/aoc/kingdoms/lukasz/menusInGame/Battle/InGame_BattleReport$11.smali	0
/tmp/w3a/smali/aoc/kingdoms/lukasz/menusInGame/Battle/InGame_BattleReport$2.smali	0
/tmp/w3a/smali/aoc/kingdoms/lukasz/menusInGame/Battle/InGame_BattleReport$3.smali	0
/tmp/w3a/smali/aoc/kingdoms/lukasz/menusInGame/Battle/InGame_BattleReport$4.smali	0
/tmp/w3a/smali/aoc/kingdoms/lukasz/menusInGame/Battle/InGame_BattleReport$5.smali	0
/tmp/w3a/smali/aoc/kingdoms/lukasz/menusInGame/Battle/InGame_BattleReport$6.smali	0
/tmp/w3a/smali/aoc/kingdoms/lukasz/menusInGame/Battle/InGame_BattleReport$7.smali	0
/tmp/w3a/smali/aoc/kingdoms/lukasz/menusInGame/Battle/InGame_BattleReport$8.smali	0
/tmp/w3a/smali/aoc/kingdoms/lukasz/menusInGame/Battle/InGame_BattleReport$9.smali	0
/tmp/w3a/smali/aoc/kingdoms/lukasz/menusInGame/Battle/InGame_BattleReport.smali	0
/tmp/w3a/smali/aoc/kingdoms/lukasz/menusInGame/Battle/InGame_Battle_Full$1.smali	0
/tmp/w3a/smali/aoc/kingdoms/lukasz/menusInGame/Battle/InGame_Battle_Full$2.smali	0
/tmp/w3a/smali/aoc/kingdoms/lukasz/menusInGame/Battle/InGame_Battle_Full$3.smali	0
/tmp/w3a/smali/aoc/kingdoms/lukasz/menusInGame/Battle/InGame_Battle_Full$4.smali	0
/tmp/w3a/smali/aoc/kingdoms/lukasz/menusInGame/Battle/InGame_Battle_Full$5.smali	0
/tmp/w3a/smali/aoc/kingdoms/lukasz/menusInGame/Battle/InGame_Battle_Full$6.smali	0
/tmp/w3a/smali/aoc/kingdoms/lukasz/menusInGame/Battle/InGame_Battle_Full$7.smali	0
/tmp/w3a/smali/aoc/kingdoms/lukasz/menusInGame/Battle/InGame_Battle_Full$8.smali	0
/tmp/w3a/smali/aoc/kingdoms/lukasz/menusInGame/Battle/InGame_Battle_Full$9.smali	0
/tmp/w3a/smali/aoc/kingdoms/lukasz/menusInGame/Battle/InGame_Battle_Full.smali	0
/tmp/w3a/smali/aoc/kingdoms/lukasz/menusInGame/Battle/InGame_Battle_FullEmpty$1.smali	0
/tmp/w3a/smali/aoc/kingdoms/lukasz/menusInGame/Battle/InGame_Battle_FullEmpty.smali	0
/tmp/w3a/smali/aoc/kingdoms/lukasz/menusInGame/Battle/InGame_Battlefield$1.smali	0
/tmp/w3a/smali/aoc/kingdoms/lukasz/menusInGame/Battle/InGame_Battlefield$10.smali	0
/tmp/w3a/smali/aoc/kingdoms/lukasz/menusInGame/Battle/InGame_Battlefield$11.smali	0
/tmp/w3a/smali/aoc/kingdoms/lukasz/menusInGame/Battle/InGame_Battlefield$12.smali	0
/tmp/w3a/smali/aoc/kingdoms/lukasz/menusInGame/Battle/InGame_Battlefield$13.smali	0
/tmp/w3a/smali/aoc/kingdoms/lukasz/menusInGame/Battle/InGame_Battlefield$14.smali	0
/tmp/w3a/smali/aoc/kingdoms/lukasz/menusInGame/Battle/InGame_Battlefield$15.smali	0
/tmp/w3a/smali/aoc/kingdoms/lukasz/menusInGame/Battle/InGame_Battlefield$2.smali	0
/tmp/w3a/smali/aoc/kingdoms/lukasz/menusInGame/Battle/InGame_Battlefield$3.smali	0
/tmp/w3a/smali/aoc/kingdoms/lukasz/menusInGame/Battle/InGame_Battlefield$4.smali	0
/tmp/w3a/smali/aoc/kingdoms/lukasz/menusInGame/Battle/InGame_Battlefield$5.smali	0
/tmp/w3a/smali/aoc/kingdoms/lukasz/menusInGame/Battle/InGame_Battlefield$6.smali	0
/tmp/w3a/smali/aoc/kingdoms/lukasz/menusInGame/Battle/InGame_Battlefield$7.smali	0
/tmp/w3a/smali/aoc/kingdoms/lukasz/menusInGame/Battle/InGame_Battlefield$8.smali	0
/tmp/w3a/smali/aoc/kingdoms/lukasz/menusInGame/Battle/InGame_Battlefield$9.smali	0
/tmp/w3a/smali/aoc/kingdoms/lukasz/menusInGame/Battle/InGame_Battlefield.smali	0
/tmp/w3a/smali/aoc/kingdoms/lukasz/menusInGame/Battle/InGame_OngoingBattles.smali	0
/tmp/w3a/smali/aoc/kingdoms/lukasz/menusInGame/Budget/InGame_Budget$1.smali	0
/tmp/w3a/smali/aoc/kingdoms/lukasz/menusInGame/Budget/InGame_Budget$10.smali	0
/tmp/w3a/smali/aoc/kingdoms/lukasz/menusInGame/Budget/InGame_Budget$11.smali	0
/tmp/w3a/smali/aoc/kingdoms/lukasz/menusInGame/Budget/InGame_Budget$12.smali	0
/tmp/w3a/smali/aoc/kingdoms/lukasz/menusInGame/Budget/InGame_Budget$13.smali	0
/tmp/w3a/smali/aoc/kingdoms/lukasz/menusInGame/Budget/InGame_Budget$14.smali	0
/tmp/w3a/smali/aoc/kingdoms/lukasz/menusInGame/Budget/InGame_Budget$15.smali	0
/tmp/w3a/smali/aoc/kingdoms/lukasz/menusInGame/Budget/InGame_Budget$16.smali	0
/tmp/w3a/smali/aoc/kingdoms/lukasz/menusInGame/Budget/InGame_Budget$17.smali	0
/tmp/w3a/smali/aoc/kingdoms/lukasz/menusInGame/Budget/InGame_Budget$18.smali	0
/tmp/w3a/smali/aoc/kingdoms/lukasz/menusInGame/Budget/InGame_Budget$19.smali	0
/tmp/w3a/smali/aoc/kingdoms/lukasz/menusInGame/Budget/InGame_Budget$2.smali	0
/tmp/w3a/smali/aoc/kingdoms/lukasz/menusInGame/Budget/InGame_Budget$20$1.smali	0
/tmp/w3a/smali/aoc/kingdoms/lukasz/menusInGame/Budget/InGame_Budget$20.smali	0
/tmp/w3a/smali/aoc/kingdoms/lukasz/menusInGame/Budget/InGame_Budget$21$1.smali	0
/tmp/w3a/smali/aoc/kingdoms/lukasz/menusInGame/Budget/InGame_Budget$21.smali	0
/tmp/w3a/smali/aoc/kingdoms/lukasz/menusInGame/Budget/InGame_Budget$22$1.smali	0
/tmp/w3a/smali/aoc/kingdoms/lukasz/menusInGame/Budget/InGame_Budget$22.smali	0
/tmp/w3a/smali/aoc/kingdoms/lukasz/menusInGame/Budget/InGame_Budget$23.smali	0
/tmp/w3a/smali/aoc/kingdoms/lukasz/menusInGame/Budget/InGame_Budget$24.smali	0
/tmp/w3a/smali/aoc/kingdoms/lukasz/menusInGame/Budget/InGame_Budget$25.smali	0
/tmp/w3a/smali/aoc/kingdoms/lukasz/menusInGame/Budget/InGame_Budget$26.smali	0
/tmp/w3a/smali/aoc/kingdoms/lukasz/menusInGame/Budget/InGame_Budget$27.smali	0
/tmp/w3a/smali/aoc/kingdoms/lukasz/menusInGame/Budget/InGame_Budget$28.smali	0
/tmp/w3a/smali/aoc/kingdoms/lukasz/menusInGame/Budget/InGame_Budget$29.smali	0
/tmp/w3a/smali/aoc/kingdoms/lukasz/menusInGame/Budget/InGame_Budget$3.smali	0
/tmp/w3a/smali/aoc/kingdoms/lukasz/menusInGame/Budget/InGame_Budget$30.smali	0
/tmp/w3a/smali/aoc/kingdoms/lukasz/menusInGame/Budget/InGame_Budget$31.smali	0
/tmp/w3a/smali/aoc/kingdoms/lukasz/menusInGame/Budget/InGame_Budget$32.smali	0
/tmp/w3a/smali/aoc/kingdoms/lukasz/menusInGame/Budget/InGame_Budget$33.smali	0
/tmp/w3a/smali/aoc/kingdoms/lukasz/menusInGame/Budget/InGame_Budget$34.smali	0
/tmp/w3a/smali/aoc/kingdoms/lukasz/menusInGame/Budget/InGame_Budget$35.smali	0
/tmp/w3a/smali/aoc/kingdoms/lukasz/menusInGame/Budget/InGame_Budget$36.smali	0
/tmp/w3a/smali/aoc/kingdoms/lukasz/menusInGame/Budget/InGame_Budget$37.smali	0
/tmp/w3a/smali/aoc/kingdoms/lukasz/menusInGame/Budget/InGame_Budget$38.smali	0
/tmp/w3a/smali/aoc/kingdoms/lukasz/menusInGame/Budget/InGame_Budget$39.smali	0
/tmp/w3a/smali/aoc/kingdoms/lukasz/menusInGame/Budget/InGame_Budget$4.smali	0
/tmp/w3a/smali/aoc/kingdoms/lukasz/menusInGame/Budget/InGame_Budget$40.smali	0
/tmp/w3a/smali/aoc/kingdoms/lukasz/menusInGame/Budget/InGame_Budget$41.smali	0
/tmp/w3a/smali/aoc/kingdoms/lukasz/menusInGame/Budget/InGame_Budget$42.smali	0
/tmp/w3a/smali/aoc/kingdoms/lukasz/menusInGame/Budget/InGame_Budget$43.smali	0
/tmp/w3a/smali/aoc/kingdoms/lukasz/menusInGame/Budget/InGame_Budget$44.smali	0
/tmp/w3a/smali/aoc/kingdoms/lukasz/menusInGame/Budget/InGame_Budget$45.smali	0
/tmp/w3a/smali/aoc/kingdoms/lukasz/menusInGame/Budget/InGame_Budget$5.smali	0
/tmp/w3a/smali/aoc/kingdoms/lukasz/menusInGame/Budget/InGame_Budget$6.smali	0
/tmp/w3a/smali/aoc/kingdoms/lukasz/menusInGame/Budget/InGame_Budget$7$1.smali	0
/tmp/w3a/smali/aoc/kingdoms/lukasz/menusInGame/Budget/InGame_Budget$7.smali	0
/tmp/w3a/smali/aoc/kingdoms/lukasz/menusInGame/Budget/InGame_Budget$8$1.smali	0
/tmp/w3a/smali/aoc/kingdoms/lukasz/menusInGame/Budget/InGame_Budget$8.smali	0
/tmp/w3a/smali/aoc/kingdoms/lukasz/menusInGame/Budget/InGame_Budget$9$1.smali	0
/tmp/w3a/smali/aoc/kingdoms/lukasz/menusInGame/Budget/InGame_Budget$9.smali	0
/tmp/w3a/smali/aoc/kingdoms/lukasz/menusInGame/Budget/InGame_Budget$ProvValue.smali	0
/tmp/w3a/smali/aoc/kingdoms/lukasz/menusInGame/Budget/InGame_Budget.smali	0
/tmp/w3a/smali/aoc/kingdoms/lukasz/menusInGame/Budget/InGame_BudgetBalanceProvinces$1.smali	0
/tmp/w3a/smali/aoc/kingdoms/lukasz/menusInGame/Budget/InGame_BudgetBalanceProvinces$10.smali	0
/tmp/w3a/smali/aoc/kingdoms/lukasz/menusInGame/Budget/InGame_BudgetBalanceProvinces$11.smali	0
/tmp/w3a/smali/aoc/kingdoms/lukasz/menusInGame/Budget/InGame_BudgetBalanceProvinces$12.smali	0
/tmp/w3a/smali/aoc/kingdoms/lukasz/menusInGame/Budget/InGame_BudgetBalanceProvinces$2.smali	0
/tmp/w3a/smali/aoc/kingdoms/lukasz/menusInGame/Budget/InGame_BudgetBalanceProvinces$3.smali	0
/tmp/w3a/smali/aoc/kingdoms/lukasz/menusInGame/Budget/InGame_BudgetBalanceProvinces$4.smali	0
/tmp/w3a/smali/aoc/kingdoms/lukasz/menusInGame/Budget/InGame_BudgetBalanceProvinces$5.smali	0
/tmp/w3a/smali/aoc/kingdoms/lukasz/menusInGame/Budget/InGame_BudgetBalanceProvinces$6.smali	0
/tmp/w3a/smali/aoc/kingdoms/lukasz/menusInGame/Budget/InGame_BudgetBalanceProvinces$7.smali	0
/tmp/w3a/smali/aoc/kingdoms/lukasz/menusInGame/Budget/InGame_BudgetBalanceProvinces$8.smali	0
/tmp/w3a/smali/aoc/kingdoms/lukasz/menusInGame/Budget/InGame_BudgetBalanceProvinces$9.smali	0
/tmp/w3a/smali/aoc/kingdoms/lukasz/menusInGame/Budget/InGame_BudgetBalanceProvinces.smali	0
/tmp/w3a/smali/aoc/kingdoms/lukasz/menusInGame/Budget/InGame_BudgetExpensesBuildingsMaintenance$1.smali	0
/tmp/w3a/smali/aoc/kingdoms/lukasz/menusInGame/Budget/InGame_BudgetExpensesBuildingsMaintenance$10.smali	0
/tmp/w3a/smali/aoc/kingdoms/lukasz/menusInGame/Budget/InGame_BudgetExpensesBuildingsMaintenance$11.smali	0
/tmp/w3a/smali/aoc/kingdoms/lukasz/menusInGame/Budget/InGame_BudgetExpensesBuildingsMaintenance$2.smali	0
/tmp/w3a/smali/aoc/kingdoms/lukasz/menusInGame/Budget/InGame_BudgetExpensesBuildingsMaintenance$3.smali	0
/tmp/w3a/smali/aoc/kingdoms/lukasz/menusInGame/Budget/InGame_BudgetExpensesBuildingsMaintenance$4.smali	0
/tmp/w3a/smali/aoc/kingdoms/lukasz/menusInGame/Budget/InGame_BudgetExpensesBuildingsMaintenance$5.smali	0
/tmp/w3a/smali/aoc/kingdoms/lukasz/menusInGame/Budget/InGame_BudgetExpensesBuildingsMaintenance$6.smali	0
/tmp/w3a/smali/aoc/kingdoms/lukasz/menusInGame/Budget/InGame_BudgetExpensesBuildingsMaintenance$7.smali	0
/tmp/w3a/smali/aoc/kingdoms/lukasz/menusInGame/Budget/InGame_BudgetExpensesBuildingsMaintenance$8.smali	0
/tmp/w3a/smali/aoc/kingdoms/lukasz/menusInGame/Budget/InGame_BudgetExpensesBuildingsMaintenance$9.smali	0
/tmp/w3a/smali/aoc/kingdoms/lukasz/menusInGame/Budget/InGame_BudgetExpensesBuildingsMaintenance.smali	0
/tmp/w3a/smali/aoc/kingdoms/lukasz/menusInGame/Budget/InGame_BudgetExpensesMaintenance$1.smali	0
/tmp/w3a/smali/aoc/kingdoms/lukasz/menusInGame/Budget/InGame_BudgetExpensesMaintenance$10.smali	0
/tmp/w3a/smali/aoc/kingdoms/lukasz/menusInGame/Budget/InGame_BudgetExpensesMaintenance$11.smali	0
/tmp/w3a/smali/aoc/kingdoms/lukasz/menusInGame/Budget/InGame_BudgetExpensesMaintenance$12.smali	0
/tmp/w3a/smali/aoc/kingdoms/lukasz/menusInGame/Budget/InGame_BudgetExpensesMaintenance$2.smali	0
/tmp/w3a/smali/aoc/kingdoms/lukasz/menusInGame/Budget/InGame_BudgetExpensesMaintenance$3.smali	0
/tmp/w3a/smali/aoc/kingdoms/lukasz/menusInGame/Budget/InGame_BudgetExpensesMaintenance$4.smali	0
/tmp/w3a/smali/aoc/kingdoms/lukasz/menusInGame/Budget/InGame_BudgetExpensesMaintenance$5.smali	0
/tmp/w3a/smali/aoc/kingdoms/lukasz/menusInGame/Budget/InGame_BudgetExpensesMaintenance$6.smali	0
/tmp/w3a/smali/aoc/kingdoms/lukasz/menusInGame/Budget/InGame_BudgetExpensesMaintenance$7.smali	0
/tmp/w3a/smali/aoc/kingdoms/lukasz/menusInGame/Budget/InGame_BudgetExpensesMaintenance$8.smali	0
/tmp/w3a/smali/aoc/kingdoms/lukasz/menusInGame/Budget/InGame_BudgetExpensesMaintenance$9.smali	0
/tmp/w3a/smali/aoc/kingdoms/lukasz/menusInGame/Budget/InGame_BudgetExpensesMaintenance.smali	0
/tmp/w3a/smali/aoc/kingdoms/lukasz/menusInGame/Budget/InGame_BudgetIncomeBuildings$1.smali	0
/tmp/w3a/smali/aoc/kingdoms/lukasz/menusInGame/Budget/InGame_BudgetIncomeBuildings$2.smali	0
/tmp/w3a/smali/aoc/kingdoms/lukasz/menusInGame/Budget/InGame_BudgetIncomeBuildings$3.smali	0
/tmp/w3a/smali/aoc/kingdoms/lukasz/menusInGame/Budget/InGame_BudgetIncomeBuildings$4.smali	0
/tmp/w3a/smali/aoc/kingdoms/lukasz/menusInGame/Budget/InGame_BudgetIncomeBuildings$5.smali	0
/tmp/w3a/smali/aoc/kingdoms/lukasz/menusInGame/Budget/InGame_BudgetIncomeBuildings$6.smali	0
/tmp/w3a/smali/aoc/kingdoms/lukasz/menusInGame/Budget/InGame_BudgetIncomeBuildings$7.smali	0
/tmp/w3a/smali/aoc/kingdoms/lukasz/menusInGame/Budget/InGame_BudgetIncomeBuildings$8.smali	0
/tmp/w3a/smali/aoc/kingdoms/lukasz/menusInGame/Budget/InGame_BudgetIncomeBuildings$9.smali	0
/tmp/w3a/smali/aoc/kingdoms/lukasz/menusInGame/Budget/InGame_BudgetIncomeBuildings.smali	0
/tmp/w3a/smali/aoc/kingdoms/lukasz/menusInGame/Budget/InGame_BudgetIncomeEconomy$1.smali	0
/tmp/w3a/smali/aoc/kingdoms/lukasz/menusInGame/Budget/InGame_BudgetIncomeEconomy$10.smali	0
/tmp/w3a/smali/aoc/kingdoms/lukasz/menusInGame/Budget/InGame_BudgetIncomeEconomy$11.smali	0
/tmp/w3a/smali/aoc/kingdoms/lukasz/menusInGame/Budget/InGame_BudgetIncomeEconomy$12.smali	0
/tmp/w3a/smali/aoc/kingdoms/lukasz/menusInGame/Budget/InGame_BudgetIncomeEconomy$2.smali	0
/tmp/w3a/smali/aoc/kingdoms/lukasz/menusInGame/Budget/InGame_BudgetIncomeEconomy$3.smali	0
/tmp/w3a/smali/aoc/kingdoms/lukasz/menusInGame/Budget/InGame_BudgetIncomeEconomy$4.smali	0
/tmp/w3a/smali/aoc/kingdoms/lukasz/menusInGame/Budget/InGame_BudgetIncomeEconomy$5.smali	0
/tmp/w3a/smali/aoc/kingdoms/lukasz/menusInGame/Budget/InGame_BudgetIncomeEconomy$6.smali	0
/tmp/w3a/smali/aoc/kingdoms/lukasz/menusInGame/Budget/InGame_BudgetIncomeEconomy$7.smali	0
/tmp/w3a/smali/aoc/kingdoms/lukasz/menusInGame/Budget/InGame_BudgetIncomeEconomy$8.smali	0
/tmp/w3a/smali/aoc/kingdoms/lukasz/menusInGame/Budget/InGame_BudgetIncomeEconomy$9.smali	0
/tmp/w3a/smali/aoc/kingdoms/lukasz/menusInGame/Budget/InGame_BudgetIncomeEconomy.smali	0
/tmp/w3a/smali/aoc/kingdoms/lukasz/menusInGame/Budget/InGame_BudgetIncomeProduction$1.smali	0
/tmp/w3a/smali/aoc/kingdoms/lukasz/menusInGame/Budget/InGame_BudgetIncomeProduction$10.smali	0
/tmp/w3a/smali/aoc/kingdoms/lukasz/menusInGame/Budget/InGame_BudgetIncomeProduction$11.smali	0
/tmp/w3a/smali/aoc/kingdoms/lukasz/menusInGame/Budget/InGame_BudgetIncomeProduction$12.smali	0
/tmp/w3a/smali/aoc/kingdoms/lukasz/menusInGame/Budget/InGame_BudgetIncomeProduction$2.smali	0
/tmp/w3a/smali/aoc/kingdoms/lukasz/menusInGame/Budget/InGame_BudgetIncomeProduction$3.smali	0
/tmp/w3a/smali/aoc/kingdoms/lukasz/menusInGame/Budget/InGame_BudgetIncomeProduction$4.smali	0
/tmp/w3a/smali/aoc/kingdoms/lukasz/menusInGame/Budget/InGame_BudgetIncomeProduction$5.smali	0
/tmp/w3a/smali/aoc/kingdoms/lukasz/menusInGame/Budget/InGame_BudgetIncomeProduction$6.smali	0
/tmp/w3a/smali/aoc/kingdoms/lukasz/menusInGame/Budget/InGame_BudgetIncomeProduction$7.smali	0
/tmp/w3a/smali/aoc/kingdoms/lukasz/menusInGame/Budget/InGame_BudgetIncomeProduction$8.smali	0
/tmp/w3a/smali/aoc/kingdoms/lukasz/menusInGame/Budget/InGame_BudgetIncomeProduction$9.smali	0
/tmp/w3a/smali/aoc/kingdoms/lukasz/menusInGame/Budget/InGame_BudgetIncomeProduction.smali	0
/tmp/w3a/smali/aoc/kingdoms/lukasz/menusInGame/Budget/InGame_BudgetIncomeProvinces$1.smali	0
/tmp/w3a/smali/aoc/kingdoms/lukasz/menusInGame/Budget/InGame_BudgetIncomeProvinces$2.smali	0
/tmp/w3a/smali/aoc/kingdoms/lukasz/menusInGame/Budget/InGame_BudgetIncomeProvinces$3.smali	0
/tmp/w3a/smali/aoc/kingdoms/lukasz/menusInGame/Budget/InGame_BudgetIncomeProvinces$4.smali	0
/tmp/w3a/smali/aoc/kingdoms/lukasz/menusInGame/Budget/InGame_BudgetIncomeProvinces$5.smali	0
/tmp/w3a/smali/aoc/kingdoms/lukasz/menusInGame/Budget/InGame_BudgetIncomeProvinces$6.smali	0
/tmp/w3a/smali/aoc/kingdoms/lukasz/menusInGame/Budget/InGame_BudgetIncomeProvinces$7.smali	0
/tmp/w3a/smali/aoc/kingdoms/lukasz/menusInGame/Budget/InGame_BudgetIncomeProvinces$8.smali	0
/tmp/w3a/smali/aoc/kingdoms/lukasz/menusInGame/Budget/InGame_BudgetIncomeProvinces.smali	0
/tmp/w3a/smali/aoc/kingdoms/lukasz/menusInGame/Budget/InGame_BudgetIncomeTaxation$1.smali	0
/tmp/w3a/smali/aoc/kingdoms/lukasz/menusInGame/Budget/InGame_BudgetIncomeTaxation$10.smali	0
/tmp/w3a/smali/aoc/kingdoms/lukasz/menusInGame/Budget/InGame_BudgetIncomeTaxation$11.smali	0
/tmp/w3a/smali/aoc/kingdoms/lukasz/menusInGame/Budget/InGame_BudgetIncomeTaxation$12.smali	0
/tmp/w3a/smali/aoc/kingdoms/lukasz/menusInGame/Budget/InGame_BudgetIncomeTaxation$2.smali	0
/tmp/w3a/smali/aoc/kingdoms/lukasz/menusInGame/Budget/InGame_BudgetIncomeTaxation$3.smali	0
/tmp/w3a/smali/aoc/kingdoms/lukasz/menusInGame/Budget/InGame_BudgetIncomeTaxation$4.smali	0
/tmp/w3a/smali/aoc/kingdoms/lukasz/menusInGame/Budget/InGame_BudgetIncomeTaxation$5.smali	0
/tmp/w3a/smali/aoc/kingdoms/lukasz/menusInGame/Budget/InGame_BudgetIncomeTaxation$6.smali	0
/tmp/w3a/smali/aoc/kingdoms/lukasz/menusInGame/Budget/InGame_BudgetIncomeTaxation$7.smali	0
/tmp/w3a/smali/aoc/kingdoms/lukasz/menusInGame/Budget/InGame_BudgetIncomeTaxation$8.smali	0
/tmp/w3a/smali/aoc/kingdoms/lukasz/menusInGame/Budget/InGame_BudgetIncomeTaxation$9.smali	0
/tmp/w3a/smali/aoc/kingdoms/lukasz/menusInGame/Budget/InGame_BudgetIncomeTaxation.smali	0
/tmp/w3a/smali/aoc/kingdoms/lukasz/menusInGame/Buildings/InGame_Buildings$1.smali	0
/tmp/w3a/smali/aoc/kingdoms/lukasz/menusInGame/Buildings/InGame_Buildings$2.smali	0
/tmp/w3a/smali/aoc/kingdoms/lukasz/menusInGame/Buildings/InGame_Buildings$3.smali	0
/tmp/w3a/smali/aoc/kingdoms/lukasz/menusInGame/Buildings/InGame_Buildings$4.smali	0
/tmp/w3a/smali/aoc/kingdoms/lukasz/menusInGame/Buildings/InGame_Buildings.smali	0
/tmp/w3a/smali/aoc/kingdoms/lukasz/menusInGame/Buildings/InGame_BuildingsGroup$1.smali	0
/tmp/w3a/smali/aoc/kingdoms/lukasz/menusInGame/Buildings/InGame_BuildingsGroup$2.smali	0
/tmp/w3a/smali/aoc/kingdoms/lukasz/menusInGame/Buildings/InGame_BuildingsGroup$3.smali	0
/tmp/w3a/smali/aoc/kingdoms/lukasz/menusInGame/Buildings/InGame_BuildingsGroup$4.smali	0
/tmp/w3a/smali/aoc/kingdoms/lukasz/menusInGame/Buildings/InGame_BuildingsGroup$5.smali	0
/tmp/w3a/smali/aoc/kingdoms/lukasz/menusInGame/Buildings/InGame_BuildingsGroup.smali	0
/tmp/w3a/smali/aoc/kingdoms/lukasz/menusInGame/Buildings/InGame_BuildingsGroupID$1.smali	0
/tmp/w3a/smali/aoc/kingdoms/lukasz/menusInGame/Buildings/InGame_BuildingsGroupID$2.smali	0
/tmp/w3a/smali/aoc/kingdoms/lukasz/menusInGame/Buildings/InGame_BuildingsGroupID$3.smali	0
/tmp/w3a/smali/aoc/kingdoms/lukasz/menusInGame/Buildings/InGame_BuildingsGroupID$4.smali	0
/tmp/w3a/smali/aoc/kingdoms/lukasz/menusInGame/Buildings/InGame_BuildingsGroupID$5.smali	0
/tmp/w3a/smali/aoc/kingdoms/lukasz/menusInGame/Buildings/InGame_BuildingsGroupID.smali	0
/tmp/w3a/smali/aoc/kingdoms/lukasz/menusInGame/Buildings/InGame_Destroy$1.smali	0
/tmp/w3a/smali/aoc/kingdoms/lukasz/menusInGame/Buildings/InGame_Destroy$2.smali	0
/tmp/w3a/smali/aoc/kingdoms/lukasz/menusInGame/Buildings/InGame_Destroy$3.smali	0
/tmp/w3a/smali/aoc/kingdoms/lukasz/menusInGame/Buildings/InGame_Destroy.smali	0
/tmp/w3a/smali/aoc/kingdoms/lukasz/menusInGame/Buildings/wwO/BEKxdfBFwzxERe.smali	0
/tmp/w3a/smali/aoc/kingdoms/lukasz/menusInGame/Civ/InGame_Civ$1.smali	0
/tmp/w3a/smali/aoc/kingdoms/lukasz/menusInGame/Civ/InGame_Civ$10.smali	0
/tmp/w3a/smali/aoc/kingdoms/lukasz/menusInGame/Civ/InGame_Civ$100.smali	0
/tmp/w3a/smali/aoc/kingdoms/lukasz/menusInGame/Civ/InGame_Civ$101.smali	0
/tmp/w3a/smali/aoc/kingdoms/lukasz/menusInGame/Civ/InGame_Civ$102.smali	0
/tmp/w3a/smali/aoc/kingdoms/lukasz/menusInGame/Civ/InGame_Civ$103.smali	0
/tmp/w3a/smali/aoc/kingdoms/lukasz/menusInGame/Civ/InGame_Civ$11.smali	0
/tmp/w3a/smali/aoc/kingdoms/lukasz/menusInGame/Civ/InGame_Civ$12.smali	0
/tmp/w3a/smali/aoc/kingdoms/lukasz/menusInGame/Civ/InGame_Civ$13.smali	0
/tmp/w3a/smali/aoc/kingdoms/lukasz/menusInGame/Civ/InGame_Civ$14.smali	0
/tmp/w3a/smali/aoc/kingdoms/lukasz/menusInGame/Civ/InGame_Civ$15.smali	0
/tmp/w3a/smali/aoc/kingdoms/lukasz/menusInGame/Civ/InGame_Civ$16.smali	0
/tmp/w3a/smali/aoc/kingdoms/lukasz/menusInGame/Civ/InGame_Civ$17.smali	0
/tmp/w3a/smali/aoc/kingdoms/lukasz/menusInGame/Civ/InGame_Civ$18.smali	0
/tmp/w3a/smali/aoc/kingdoms/lukasz/menusInGame/Civ/InGame_Civ$19.smali	0
/tmp/w3a/smali/aoc/kingdoms/lukasz/menusInGame/Civ/InGame_Civ$2.smali	0
/tmp/w3a/smali/aoc/kingdoms/lukasz/menusInGame/Civ/InGame_Civ$20.smali	0
/tmp/w3a/smali/aoc/kingdoms/lukasz/menusInGame/Civ/InGame_Civ$21.smali	0
/tmp/w3a/smali/aoc/kingdoms/lukasz/menusInGame/Civ/InGame_Civ$22.smali	0
/tmp/w3a/smali/aoc/kingdoms/lukasz/menusInGame/Civ/InGame_Civ$23.smali	0
/tmp/w3a/smali/aoc/kingdoms/lukasz/menusInGame/Civ/InGame_Civ$24.smali	0
/tmp/w3a/smali/aoc/kingdoms/lukasz/menusInGame/Civ/InGame_Civ$25.smali	0
/tmp/w3a/smali/aoc/kingdoms/lukasz/menusInGame/Civ/InGame_Civ$26.smali	0
/tmp/w3a/smali/aoc/kingdoms/lukasz/menusInGame/Civ/InGame_Civ$27.smali	0
/tmp/w3a/smali/aoc/kingdoms/lukasz/menusInGame/Civ/InGame_Civ$28.smali	0
/tmp/w3a/smali/aoc/kingdoms/lukasz/menusInGame/Civ/InGame_Civ$29.smali	0
/tmp/w3a/smali/aoc/kingdoms/lukasz/menusInGame/Civ/InGame_Civ$3.smali	0
/tmp/w3a/smali/aoc/kingdoms/lukasz/menusInGame/Civ/InGame_Civ$30.smali	0
/tmp/w3a/smali/aoc/kingdoms/lukasz/menusInGame/Civ/InGame_Civ$31.smali	0
/tmp/w3a/smali/aoc/kingdoms/lukasz/menusInGame/Civ/InGame_Civ$32.smali	0
/tmp/w3a/smali/aoc/kingdoms/lukasz/menusInGame/Civ/InGame_Civ$33.smali	0
/tmp/w3a/smali/aoc/kingdoms/lukasz/menusInGame/Civ/InGame_Civ$34.smali	0
/tmp/w3a/smali/aoc/kingdoms/lukasz/menusInGame/Civ/InGame_Civ$35.smali	0
/tmp/w3a/smali/aoc/kingdoms/lukasz/menusInGame/Civ/InGame_Civ$36.smali	0
/tmp/w3a/smali/aoc/kingdoms/lukasz/menusInGame/Civ/InGame_Civ$37.smali	0
/tmp/w3a/smali/aoc/kingdoms/lukasz/menusInGame/Civ/InGame_Civ$38.smali	0
/tmp/w3a/smali/aoc/kingdoms/lukasz/menusInGame/Civ/InGame_Civ$39.smali	0
/tmp/w3a/smali/aoc/kingdoms/lukasz/menusInGame/Civ/InGame_Civ$4.smali	0
/tmp/w3a/smali/aoc/kingdoms/lukasz/menusInGame/Civ/InGame_Civ$40.smali	0
/tmp/w3a/smali/aoc/kingdoms/lukasz/menusInGame/Civ/InGame_Civ$41.smali	0
/tmp/w3a/smali/aoc/kingdoms/lukasz/menusInGame/Civ/InGame_Civ$42.smali	0
/tmp/w3a/smali/aoc/kingdoms/lukasz/menusInGame/Civ/InGame_Civ$43.smali	0
/tmp/w3a/smali/aoc/kingdoms/lukasz/menusInGame/Civ/InGame_Civ$44.smali	0
/tmp/w3a/smali/aoc/kingdoms/lukasz/menusInGame/Civ/InGame_Civ$45.smali	0
/tmp/w3a/smali/aoc/kingdoms/lukasz/menusInGame/Civ/InGame_Civ$46.smali	0
/tmp/w3a/smali/aoc/kingdoms/lukasz/menusInGame/Civ/InGame_Civ$47.smali	0
/tmp/w3a/smali/aoc/kingdoms/lukasz/menusInGame/Civ/InGame_Civ$48.smali	0
/tmp/w3a/smali/aoc/kingdoms/lukasz/menusInGame/Civ/InGame_Civ$49.smali	0
/tmp/w3a/smali/aoc/kingdoms/lukasz/menusInGame/Civ/InGame_Civ$5.smali	0
/tmp/w3a/smali/aoc/kingdoms/lukasz/menusInGame/Civ/InGame_Civ$50.smali	0
/tmp/w3a/smali/aoc/kingdoms/lukasz/menusInGame/Civ/InGame_Civ$51.smali	0
/tmp/w3a/smali/aoc/kingdoms/lukasz/menusInGame/Civ/InGame_Civ$52.smali	0
/tmp/w3a/smali/aoc/kingdoms/lukasz/menusInGame/Civ/InGame_Civ$53.smali	0
/tmp/w3a/smali/aoc/kingdoms/lukasz/menusInGame/Civ/InGame_Civ$54.smali	0
/tmp/w3a/smali/aoc/kingdoms/lukasz/menusInGame/Civ/InGame_Civ$55.smali	0
/tmp/w3a/smali/aoc/kingdoms/lukasz/menusInGame/Civ/InGame_Civ$56.smali	0
/tmp/w3a/smali/aoc/kingdoms/lukasz/menusInGame/Civ/InGame_Civ$57.smali	0
/tmp/w3a/smali/aoc/kingdoms/lukasz/menusInGame/Civ/InGame_Civ$58.smali	0
/tmp/w3a/smali/aoc/kingdoms/lukasz/menusInGame/Civ/InGame_Civ$59.smali	0
/tmp/w3a/smali/aoc/kingdoms/lukasz/menusInGame/Civ/InGame_Civ$6.smali	0
/tmp/w3a/smali/aoc/kingdoms/lukasz/menusInGame/Civ/InGame_Civ$60.smali	0
/tmp/w3a/smali/aoc/kingdoms/lukasz/menusInGame/Civ/InGame_Civ$61.smali	0
/tmp/w3a/smali/aoc/kingdoms/lukasz/menusInGame/Civ/InGame_Civ$62.smali	0
/tmp/w3a/smali/aoc/kingdoms/lukasz/menusInGame/Civ/InGame_Civ$63.smali	0
/tmp/w3a/smali/aoc/kingdoms/lukasz/menusInGame/Civ/InGame_Civ$64.smali	0
/tmp/w3a/smali/aoc/kingdoms/lukasz/menusInGame/Civ/InGame_Civ$65.smali	0
/tmp/w3a/smali/aoc/kingdoms/lukasz/menusInGame/Civ/InGame_Civ$66.smali	0
/tmp/w3a/smali/aoc/kingdoms/lukasz/menusInGame/Civ/InGame_Civ$67.smali	0
/tmp/w3a/smali/aoc/kingdoms/lukasz/menusInGame/Civ/InGame_Civ$68.smali	0
/tmp/w3a/smali/aoc/kingdoms/lukasz/menusInGame/Civ/InGame_Civ$69.smali	0
/tmp/w3a/smali/aoc/kingdoms/lukasz/menusInGame/Civ/InGame_Civ$7.smali	0
/tmp/w3a/smali/aoc/kingdoms/lukasz/menusInGame/Civ/InGame_Civ$70.smali	0
/tmp/w3a/smali/aoc/kingdoms/lukasz/menusInGame/Civ/InGame_Civ$71.smali	0
/tmp/w3a/smali/aoc/kingdoms/lukasz/menusInGame/Civ/InGame_Civ$72.smali	0
/tmp/w3a/smali/aoc/kingdoms/lukasz/menusInGame/Civ/InGame_Civ$73.smali	0
/tmp/w3a/smali/aoc/kingdoms/lukasz/menusInGame/Civ/InGame_Civ$74.smali	0
/tmp/w3a/smali/aoc/kingdoms/lukasz/menusInGame/Civ/InGame_Civ$75.smali	0
/tmp/w3a/smali/aoc/kingdoms/lukasz/menusInGame/Civ/InGame_Civ$76.smali	0
/tmp/w3a/smali/aoc/kingdoms/lukasz/menusInGame/Civ/InGame_Civ$77.smali	0
/tmp/w3a/smali/aoc/kingdoms/lukasz/menusInGame/Civ/InGame_Civ$78.smali	0
/tmp/w3a/smali/aoc/kingdoms/lukasz/menusInGame/Civ/InGame_Civ$79.smali	0
/tmp/w3a/smali/aoc/kingdoms/lukasz/menusInGame/Civ/InGame_Civ$8.smali	0
/tmp/w3a/smali/aoc/kingdoms/lukasz/menusInGame/Civ/InGame_Civ$80.smali	0
/tmp/w3a/smali/aoc/kingdoms/lukasz/menusInGame/Civ/InGame_Civ$81.smali	0
/tmp/w3a/smali/aoc/kingdoms/lukasz/menusInGame/Civ/InGame_Civ$82.smali	0
/tmp/w3a/smali/aoc/kingdoms/lukasz/menusInGame/Civ/InGame_Civ$83.smali	0
/tmp/w3a/smali/aoc/kingdoms/lukasz/menusInGame/Civ/InGame_Civ$84.smali	0
/tmp/w3a/smali/aoc/kingdoms/lukasz/menusInGame/Civ/InGame_Civ$85.smali	0
/tmp/w3a/smali/aoc/kingdoms/lukasz/menusInGame/Civ/InGame_Civ$86$1.smali	0
/tmp/w3a/smali/aoc/kingdoms/lukasz/menusInGame/Civ/InGame_Civ$86.smali	0
/tmp/w3a/smali/aoc/kingdoms/lukasz/menusInGame/Civ/InGame_Civ$87$1.smali	0
/tmp/w3a/smali/aoc/kingdoms/lukasz/menusInGame/Civ/InGame_Civ$87.smali	0
/tmp/w3a/smali/aoc/kingdoms/lukasz/menusInGame/Civ/InGame_Civ$88.smali	0
/tmp/w3a/smali/aoc/kingdoms/lukasz/menusInGame/Civ/InGame_Civ$89.smali	0
/tmp/w3a/smali/aoc/kingdoms/lukasz/menusInGame/Civ/InGame_Civ$9.smali	0
/tmp/w3a/smali/aoc/kingdoms/lukasz/menusInGame/Civ/InGame_Civ$90.smali	0
/tmp/w3a/smali/aoc/kingdoms/lukasz/menusInGame/Civ/InGame_Civ$92.smali	0
/tmp/w3a/smali/aoc/kingdoms/lukasz/menusInGame/Civ/InGame_Civ$93.smali	0
/tmp/w3a/smali/aoc/kingdoms/lukasz/menusInGame/Civ/InGame_Civ$94.smali	0
/tmp/w3a/smali/aoc/kingdoms/lukasz/menusInGame/Civ/InGame_Civ$95.smali	0
/tmp/w3a/smali/aoc/kingdoms/lukasz/menusInGame/Civ/InGame_Civ$96.smali	0
/tmp/w3a/smali/aoc/kingdoms/lukasz/menusInGame/Civ/InGame_Civ$97.smali	0
/tmp/w3a/smali/aoc/kingdoms/lukasz/menusInGame/Civ/InGame_Civ$98.smali	0
/tmp/w3a/smali/aoc/kingdoms/lukasz/menusInGame/Civ/InGame_Civ$99.smali	0
/tmp/w3a/smali/aoc/kingdoms/lukasz/menusInGame/Civ/InGame_Civ.smali	0
/tmp/w3a/smali/aoc/kingdoms/lukasz/menusInGame/Civ/InGame_CivRank$1.smali	0
/tmp/w3a/smali/aoc/kingdoms/lukasz/menusInGame/Civ/InGame_CivRank$2.smali	0
/tmp/w3a/smali/aoc/kingdoms/lukasz/menusInGame/Civ/InGame_CivRank$3.smali	0
/tmp/w3a/smali/aoc/kingdoms/lukasz/menusInGame/Civ/InGame_CivRank$4.smali	0
/tmp/w3a/smali/aoc/kingdoms/lukasz/menusInGame/Civ/InGame_CivRank$5.smali	0
/tmp/w3a/smali/aoc/kingdoms/lukasz/menusInGame/Civ/InGame_CivRank$6.smali	0
/tmp/w3a/smali/aoc/kingdoms/lukasz/menusInGame/Civ/InGame_CivRank.smali	0
/tmp/w3a/smali/aoc/kingdoms/lukasz/menusInGame/Civ/InGame_Civ_AI.smali	0
/tmp/w3a/smali/aoc/kingdoms/lukasz/menusInGame/Civ/InGame_Civ_AggressiveExpansion$1.smali	0
/tmp/w3a/smali/aoc/kingdoms/lukasz/menusInGame/Civ/InGame_Civ_AggressiveExpansion$10.smali	0
/tmp/w3a/smali/aoc/kingdoms/lukasz/menusInGame/Civ/InGame_Civ_AggressiveExpansion$11.smali	0
/tmp/w3a/smali/aoc/kingdoms/lukasz/menusInGame/Civ/InGame_Civ_AggressiveExpansion$12.smali	0
/tmp/w3a/smali/aoc/kingdoms/lukasz/menusInGame/Civ/InGame_Civ_AggressiveExpansion$2.smali	0
/tmp/w3a/smali/aoc/kingdoms/lukasz/menusInGame/Civ/InGame_Civ_AggressiveExpansion$3.smali	0
/tmp/w3a/smali/aoc/kingdoms/lukasz/menusInGame/Civ/InGame_Civ_AggressiveExpansion$4.smali	0
/tmp/w3a/smali/aoc/kingdoms/lukasz/menusInGame/Civ/InGame_Civ_AggressiveExpansion$5.smali	0
/tmp/w3a/smali/aoc/kingdoms/lukasz/menusInGame/Civ/InGame_Civ_AggressiveExpansion$6.smali	0
/tmp/w3a/smali/aoc/kingdoms/lukasz/menusInGame/Civ/InGame_Civ_AggressiveExpansion$7.smali	0
/tmp/w3a/smali/aoc/kingdoms/lukasz/menusInGame/Civ/InGame_Civ_AggressiveExpansion$8.smali	0
/tmp/w3a/smali/aoc/kingdoms/lukasz/menusInGame/Civ/InGame_Civ_AggressiveExpansion$9.smali	0
/tmp/w3a/smali/aoc/kingdoms/lukasz/menusInGame/Civ/InGame_Civ_AggressiveExpansion.smali	0
/tmp/w3a/smali/aoc/kingdoms/lukasz/menusInGame/Civ/InGame_Civ_ArmiesRegiments$1.smali	0
/tmp/w3a/smali/aoc/kingdoms/lukasz/menusInGame/Civ/InGame_Civ_ArmiesRegiments$10.smali	0
/tmp/w3a/smali/aoc/kingdoms/lukasz/menusInGame/Civ/InGame_Civ_ArmiesRegiments$11.smali	0
/tmp/w3a/smali/aoc/kingdoms/lukasz/menusInGame/Civ/InGame_Civ_ArmiesRegiments$12.smali	0
/tmp/w3a/smali/aoc/kingdoms/lukasz/menusInGame/Civ/InGame_Civ_ArmiesRegiments$2.smali	0
/tmp/w3a/smali/aoc/kingdoms/lukasz/menusInGame/Civ/InGame_Civ_ArmiesRegiments$3.smali	0
/tmp/w3a/smali/aoc/kingdoms/lukasz/menusInGame/Civ/InGame_Civ_ArmiesRegiments$4.smali	0
/tmp/w3a/smali/aoc/kingdoms/lukasz/menusInGame/Civ/InGame_Civ_ArmiesRegiments$5.smali	0
/tmp/w3a/smali/aoc/kingdoms/lukasz/menusInGame/Civ/InGame_Civ_ArmiesRegiments$6.smali	0
/tmp/w3a/smali/aoc/kingdoms/lukasz/menusInGame/Civ/InGame_Civ_ArmiesRegiments$7.smali	0
/tmp/w3a/smali/aoc/kingdoms/lukasz/menusInGame/Civ/InGame_Civ_ArmiesRegiments$8.smali	0
/tmp/w3a/smali/aoc/kingdoms/lukasz/menusInGame/Civ/InGame_Civ_ArmiesRegiments$9.smali	0
/tmp/w3a/smali/aoc/kingdoms/lukasz/menusInGame/Civ/InGame_Civ_ArmiesRegiments.smali	0
/tmp/w3a/smali/aoc/kingdoms/lukasz/menusInGame/Civ/InGame_Civ_CapitalCity$1.smali	0
/tmp/w3a/smali/aoc/kingdoms/lukasz/menusInGame/Civ/InGame_Civ_CapitalCity$10.smali	0
/tmp/w3a/smali/aoc/kingdoms/lukasz/menusInGame/Civ/InGame_Civ_CapitalCity$2.smali	0
/tmp/w3a/smali/aoc/kingdoms/lukasz/menusInGame/Civ/InGame_Civ_CapitalCity$3.smali	0
/tmp/w3a/smali/aoc/kingdoms/lukasz/menusInGame/Civ/InGame_Civ_CapitalCity$4.smali	0
/tmp/w3a/smali/aoc/kingdoms/lukasz/menusInGame/Civ/InGame_Civ_CapitalCity$5.smali	0
/tmp/w3a/smali/aoc/kingdoms/lukasz/menusInGame/Civ/InGame_Civ_CapitalCity$6.smali	0
/tmp/w3a/smali/aoc/kingdoms/lukasz/menusInGame/Civ/InGame_Civ_CapitalCity$7.smali	0
/tmp/w3a/smali/aoc/kingdoms/lukasz/menusInGame/Civ/InGame_Civ_CapitalCity$8.smali	0
/tmp/w3a/smali/aoc/kingdoms/lukasz/menusInGame/Civ/InGame_Civ_CapitalCity$9.smali	0
/tmp/w3a/smali/aoc/kingdoms/lukasz/menusInGame/Civ/InGame_Civ_CapitalCity.smali	0
/tmp/w3a/smali/aoc/kingdoms/lukasz/menusInGame/Civ/InGame_Civ_Compare$1.smali	0
/tmp/w3a/smali/aoc/kingdoms/lukasz/menusInGame/Civ/InGame_Civ_Compare$2.smali	0
/tmp/w3a/smali/aoc/kingdoms/lukasz/menusInGame/Civ/InGame_Civ_Compare$3.smali	0
/tmp/w3a/smali/aoc/kingdoms/lukasz/menusInGame/Civ/InGame_Civ_Compare$4.smali	0
/tmp/w3a/smali/aoc/kingdoms/lukasz/menusInGame/Civ/InGame_Civ_Compare$5.smali	0
/tmp/w3a/smali/aoc/kingdoms/lukasz/menusInGame/Civ/InGame_Civ_Compare$6.smali	0
/tmp/w3a/smali/aoc/kingdoms/lukasz/menusInGame/Civ/InGame_Civ_Compare.smali	0
/tmp/w3a/smali/aoc/kingdoms/lukasz/menusInGame/Civ/InGame_Civ_Economy$1.smali	0
/tmp/w3a/smali/aoc/kingdoms/lukasz/menusInGame/Civ/InGame_Civ_Economy$10.smali	0
/tmp/w3a/smali/aoc/kingdoms/lukasz/menusInGame/Civ/InGame_Civ_Economy$11.smali	0
/tmp/w3a/smali/aoc/kingdoms/lukasz/menusInGame/Civ/InGame_Civ_Economy$12.smali	0
/tmp/w3a/smali/aoc/kingdoms/lukasz/menusInGame/Civ/InGame_Civ_Economy$13.smali	0
/tmp/w3a/smali/aoc/kingdoms/lukasz/menusInGame/Civ/InGame_Civ_Economy$14.smali	0
/tmp/w3a/smali/aoc/kingdoms/lukasz/menusInGame/Civ/InGame_Civ_Economy$15.smali	0
/tmp/w3a/smali/aoc/kingdoms/lukasz/menusInGame/Civ/InGame_Civ_Economy$16.smali	0
/tmp/w3a/smali/aoc/kingdoms/lukasz/menusInGame/Civ/InGame_Civ_Economy$2.smali	0
/tmp/w3a/smali/aoc/kingdoms/lukasz/menusInGame/Civ/InGame_Civ_Economy$3.smali	0
/tmp/w3a/smali/aoc/kingdoms/lukasz/menusInGame/Civ/InGame_Civ_Economy$4.smali	0
/tmp/w3a/smali/aoc/kingdoms/lukasz/menusInGame/Civ/InGame_Civ_Economy$5.smali	0
/tmp/w3a/smali/aoc/kingdoms/lukasz/menusInGame/Civ/InGame_Civ_Economy$6.smali	0
/tmp/w3a/smali/aoc/kingdoms/lukasz/menusInGame/Civ/InGame_Civ_Economy$7.smali	0
/tmp/w3a/smali/aoc/kingdoms/lukasz/menusInGame/Civ/InGame_Civ_Economy$8.smali	0
/tmp/w3a/smali/aoc/kingdoms/lukasz/menusInGame/Civ/InGame_Civ_Economy$9.smali	0
/tmp/w3a/smali/aoc/kingdoms/lukasz/menusInGame/Civ/InGame_Civ_Economy.smali	0
/tmp/w3a/smali/aoc/kingdoms/lukasz/menusInGame/Civ/InGame_Civ_Government$1.smali	0
/tmp/w3a/smali/aoc/kingdoms/lukasz/menusInGame/Civ/InGame_Civ_Government$2.smali	0
/tmp/w3a/smali/aoc/kingdoms/lukasz/menusInGame/Civ/InGame_Civ_Government$3.smali	0
/tmp/w3a/smali/aoc/kingdoms/lukasz/menusInGame/Civ/InGame_Civ_Government$4.smali	0
/tmp/w3a/smali/aoc/kingdoms/lukasz/menusInGame/Civ/InGame_Civ_Government$5.smali	0
/tmp/w3a/smali/aoc/kingdoms/lukasz/menusInGame/Civ/InGame_Civ_Government$6.smali	0
/tmp/w3a/smali/aoc/kingdoms/lukasz/menusInGame/Civ/InGame_Civ_Government$7.smali	0
/tmp/w3a/smali/aoc/kingdoms/lukasz/menusInGame/Civ/InGame_Civ_Government.smali	0
/tmp/w3a/smali/aoc/kingdoms/lukasz/menusInGame/Civ/InGame_Civ_List$1.smali	0
/tmp/w3a/smali/aoc/kingdoms/lukasz/menusInGame/Civ/InGame_Civ_List$10.smali	0
/tmp/w3a/smali/aoc/kingdoms/lukasz/menusInGame/Civ/InGame_Civ_List$11.smali	0
/tmp/w3a/smali/aoc/kingdoms/lukasz/menusInGame/Civ/InGame_Civ_List$12.smali	0
/tmp/w3a/smali/aoc/kingdoms/lukasz/menusInGame/Civ/InGame_Civ_List$2.smali	0
/tmp/w3a/smali/aoc/kingdoms/lukasz/menusInGame/Civ/InGame_Civ_List$3.smali	0
/tmp/w3a/smali/aoc/kingdoms/lukasz/menusInGame/Civ/InGame_Civ_List$4.smali	0
/tmp/w3a/smali/aoc/kingdoms/lukasz/menusInGame/Civ/InGame_Civ_List$5.smali	0
/tmp/w3a/smali/aoc/kingdoms/lukasz/menusInGame/Civ/InGame_Civ_List$6.smali	0
/tmp/w3a/smali/aoc/kingdoms/lukasz/menusInGame/Civ/InGame_Civ_List$7.smali	0
/tmp/w3a/smali/aoc/kingdoms/lukasz/menusInGame/Civ/InGame_Civ_List$8.smali	0
/tmp/w3a/smali/aoc/kingdoms/lukasz/menusInGame/Civ/InGame_Civ_List$9.smali	0
/tmp/w3a/smali/aoc/kingdoms/lukasz/menusInGame/Civ/InGame_Civ_List.smali	0
/tmp/w3a/smali/aoc/kingdoms/lukasz/menusInGame/Civ/InGame_Civ_MilitaryAcademy$1.smali	0
/tmp/w3a/smali/aoc/kingdoms/lukasz/menusInGame/Civ/InGame_Civ_MilitaryAcademy$2.smali	0
/tmp/w3a/smali/aoc/kingdoms/lukasz/menusInGame/Civ/InGame_Civ_MilitaryAcademy$3.smali	0
/tmp/w3a/smali/aoc/kingdoms/lukasz/menusInGame/Civ/InGame_Civ_MilitaryAcademy$4.smali	0
/tmp/w3a/smali/aoc/kingdoms/lukasz/menusInGame/Civ/InGame_Civ_MilitaryAcademy$5.smali	0
/tmp/w3a/smali/aoc/kingdoms/lukasz/menusInGame/Civ/InGame_Civ_MilitaryAcademy$6.smali	0
/tmp/w3a/smali/aoc/kingdoms/lukasz/menusInGame/Civ/InGame_Civ_MilitaryAcademy$7.smali	0
/tmp/w3a/smali/aoc/kingdoms/lukasz/menusInGame/Civ/InGame_Civ_MilitaryAcademy$8.smali	0
/tmp/w3a/smali/aoc/kingdoms/lukasz/menusInGame/Civ/InGame_Civ_MilitaryAcademy.smali	0
/tmp/w3a/smali/aoc/kingdoms/lukasz/menusInGame/Civ/InGame_Civ_Population$1.smali	0
/tmp/w3a/smali/aoc/kingdoms/lukasz/menusInGame/Civ/InGame_Civ_Population$10.smali	0
/tmp/w3a/smali/aoc/kingdoms/lukasz/menusInGame/Civ/InGame_Civ_Population$11.smali	0
/tmp/w3a/smali/aoc/kingdoms/lukasz/menusInGame/Civ/InGame_Civ_Population$12.smali	0
/tmp/w3a/smali/aoc/kingdoms/lukasz/menusInGame/Civ/InGame_Civ_Population$13.smali	0
/tmp/w3a/smali/aoc/kingdoms/lukasz/menusInGame/Civ/InGame_Civ_Population$2.smali	0
/tmp/w3a/smali/aoc/kingdoms/lukasz/menusInGame/Civ/InGame_Civ_Population$3.smali	0
/tmp/w3a/smali/aoc/kingdoms/lukasz/menusInGame/Civ/InGame_Civ_Population$4.smali	0
/tmp/w3a/smali/aoc/kingdoms/lukasz/menusInGame/Civ/InGame_Civ_Population$5.smali	0
/tmp/w3a/smali/aoc/kingdoms/lukasz/menusInGame/Civ/InGame_Civ_Population$6.smali	0
/tmp/w3a/smali/aoc/kingdoms/lukasz/menusInGame/Civ/InGame_Civ_Population$7.smali	0
/tmp/w3a/smali/aoc/kingdoms/lukasz/menusInGame/Civ/InGame_Civ_Population$8.smali	0
/tmp/w3a/smali/aoc/kingdoms/lukasz/menusInGame/Civ/InGame_Civ_Population$9.smali	0
/tmp/w3a/smali/aoc/kingdoms/lukasz/menusInGame/Civ/InGame_Civ_Population.smali	0
/tmp/w3a/smali/aoc/kingdoms/lukasz/menusInGame/Civ/InGame_Civ_Provinces$1.smali	0
/tmp/w3a/smali/aoc/kingdoms/lukasz/menusInGame/Civ/InGame_Civ_Provinces$10.smali	0
/tmp/w3a/smali/aoc/kingdoms/lukasz/menusInGame/Civ/InGame_Civ_Provinces$11.smali	0
/tmp/w3a/smali/aoc/kingdoms/lukasz/menusInGame/Civ/InGame_Civ_Provinces$12.smali	0
/tmp/w3a/smali/aoc/kingdoms/lukasz/menusInGame/Civ/InGame_Civ_Provinces$13.smali	0
/tmp/w3a/smali/aoc/kingdoms/lukasz/menusInGame/Civ/InGame_Civ_Provinces$2.smali	0
/tmp/w3a/smali/aoc/kingdoms/lukasz/menusInGame/Civ/InGame_Civ_Provinces$3.smali	0
/tmp/w3a/smali/aoc/kingdoms/lukasz/menusInGame/Civ/InGame_Civ_Provinces$4.smali	0
/tmp/w3a/smali/aoc/kingdoms/lukasz/menusInGame/Civ/InGame_Civ_Provinces$5.smali	0
/tmp/w3a/smali/aoc/kingdoms/lukasz/menusInGame/Civ/InGame_Civ_Provinces$6.smali	0
/tmp/w3a/smali/aoc/kingdoms/lukasz/menusInGame/Civ/InGame_Civ_Provinces$7.smali	0
/tmp/w3a/smali/aoc/kingdoms/lukasz/menusInGame/Civ/InGame_Civ_Provinces$8.smali	0
/tmp/w3a/smali/aoc/kingdoms/lukasz/menusInGame/Civ/InGame_Civ_Provinces$9.smali	0
/tmp/w3a/smali/aoc/kingdoms/lukasz/menusInGame/Civ/InGame_Civ_Provinces.smali	0
/tmp/w3a/smali/aoc/kingdoms/lukasz/menusInGame/Civ/InGame_Civ_Religion$1.smali	0
/tmp/w3a/smali/aoc/kingdoms/lukasz/menusInGame/Civ/InGame_Civ_Religion$2.smali	0
/tmp/w3a/smali/aoc/kingdoms/lukasz/menusInGame/Civ/InGame_Civ_Religion$3.smali	0
/tmp/w3a/smali/aoc/kingdoms/lukasz/menusInGame/Civ/InGame_Civ_Religion$4.smali	0
/tmp/w3a/smali/aoc/kingdoms/lukasz/menusInGame/Civ/InGame_Civ_Religion$5.smali	0
/tmp/w3a/smali/aoc/kingdoms/lukasz/menusInGame/Civ/InGame_Civ_Religion$6.smali	0
/tmp/w3a/smali/aoc/kingdoms/lukasz/menusInGame/Civ/InGame_Civ_Religion$7.smali	0
/tmp/w3a/smali/aoc/kingdoms/lukasz/menusInGame/Civ/InGame_Civ_Religion.smali	0
/tmp/w3a/smali/aoc/kingdoms/lukasz/menusInGame/Civ/InGame_Civ_UnlockedTechnologies$1.smali	0
/tmp/w3a/smali/aoc/kingdoms/lukasz/menusInGame/Civ/InGame_Civ_UnlockedTechnologies$2.smali	0
/tmp/w3a/smali/aoc/kingdoms/lukasz/menusInGame/Civ/InGame_Civ_UnlockedTechnologies$3.smali	0
/tmp/w3a/smali/aoc/kingdoms/lukasz/menusInGame/Civ/InGame_Civ_UnlockedTechnologies$4.smali	0
/tmp/w3a/smali/aoc/kingdoms/lukasz/menusInGame/Civ/InGame_Civ_UnlockedTechnologies$5.smali	0
/tmp/w3a/smali/aoc/kingdoms/lukasz/menusInGame/Civ/InGame_Civ_UnlockedTechnologies$6.smali	0
/tmp/w3a/smali/aoc/kingdoms/lukasz/menusInGame/Civ/InGame_Civ_UnlockedTechnologies$7.smali	0
/tmp/w3a/smali/aoc/kingdoms/lukasz/menusInGame/Civ/InGame_Civ_UnlockedTechnologies$8.smali	0
/tmp/w3a/smali/aoc/kingdoms/lukasz/menusInGame/Civ/InGame_Civ_UnlockedTechnologies$9.smali	0
/tmp/w3a/smali/aoc/kingdoms/lukasz/menusInGame/Civ/InGame_Civ_UnlockedTechnologies.smali	0
/tmp/w3a/smali/aoc/kingdoms/lukasz/menusInGame/Court/ChangeGovernmentReligion/InGame_ChangeIdeology$1.smali	0
/tmp/w3a/smali/aoc/kingdoms/lukasz/menusInGame/Court/ChangeGovernmentReligion/InGame_ChangeIdeology$2.smali	0
/tmp/w3a/smali/aoc/kingdoms/lukasz/menusInGame/Court/ChangeGovernmentReligion/InGame_ChangeIdeology$3.smali	0
/tmp/w3a/smali/aoc/kingdoms/lukasz/menusInGame/Court/ChangeGovernmentReligion/InGame_ChangeIdeology$4.smali	0
/tmp/w3a/smali/aoc/kingdoms/lukasz/menusInGame/Court/ChangeGovernmentReligion/InGame_ChangeIdeology.smali	0
/tmp/w3a/smali/aoc/kingdoms/lukasz/menusInGame/Court/ChangeGovernmentReligion/InGame_ChangeIdeology2$1.smali	0
/tmp/w3a/smali/aoc/kingdoms/lukasz/menusInGame/Court/ChangeGovernmentReligion/InGame_ChangeIdeology2$2.smali	0
/tmp/w3a/smali/aoc/kingdoms/lukasz/menusInGame/Court/ChangeGovernmentReligion/InGame_ChangeIdeology2$3.smali	0
/tmp/w3a/smali/aoc/kingdoms/lukasz/menusInGame/Court/ChangeGovernmentReligion/InGame_ChangeIdeology2$4.smali	0
/tmp/w3a/smali/aoc/kingdoms/lukasz/menusInGame/Court/ChangeGovernmentReligion/InGame_ChangeIdeology2.smali	0
/tmp/w3a/smali/aoc/kingdoms/lukasz/menusInGame/Court/ChangeGovernmentReligion/InGame_ChangeReligion$1.smali	0
/tmp/w3a/smali/aoc/kingdoms/lukasz/menusInGame/Court/ChangeGovernmentReligion/InGame_ChangeReligion$2.smali	0
/tmp/w3a/smali/aoc/kingdoms/lukasz/menusInGame/Court/ChangeGovernmentReligion/InGame_ChangeReligion$3.smali	0
/tmp/w3a/smali/aoc/kingdoms/lukasz/menusInGame/Court/ChangeGovernmentReligion/InGame_ChangeReligion.smali	0
/tmp/w3a/smali/aoc/kingdoms/lukasz/menusInGame/Court/ChangeGovernmentReligion/InGame_ChangeReligion2$1.smali	0
/tmp/w3a/smali/aoc/kingdoms/lukasz/menusInGame/Court/ChangeGovernmentReligion/InGame_ChangeReligion2$2.smali	0
/tmp/w3a/smali/aoc/kingdoms/lukasz/menusInGame/Court/ChangeGovernmentReligion/InGame_ChangeReligion2$3.smali	0
/tmp/w3a/smali/aoc/kingdoms/lukasz/menusInGame/Court/ChangeGovernmentReligion/InGame_ChangeReligion2$4.smali	0
/tmp/w3a/smali/aoc/kingdoms/lukasz/menusInGame/Court/ChangeGovernmentReligion/InGame_ChangeReligion2.smali	0
/tmp/w3a/smali/aoc/kingdoms/lukasz/menusInGame/Court/InGame_Court$1.smali	0
/tmp/w3a/smali/aoc/kingdoms/lukasz/menusInGame/Court/InGame_Court$10.smali	0
/tmp/w3a/smali/aoc/kingdoms/lukasz/menusInGame/Court/InGame_Court$100.smali	0
/tmp/w3a/smali/aoc/kingdoms/lukasz/menusInGame/Court/InGame_Court$101.smali	0
/tmp/w3a/smali/aoc/kingdoms/lukasz/menusInGame/Court/InGame_Court$102.smali	0
/tmp/w3a/smali/aoc/kingdoms/lukasz/menusInGame/Court/InGame_Court$103.smali	0
/tmp/w3a/smali/aoc/kingdoms/lukasz/menusInGame/Court/InGame_Court$104.smali	0
/tmp/w3a/smali/aoc/kingdoms/lukasz/menusInGame/Court/InGame_Court$105.smali	0
/tmp/w3a/smali/aoc/kingdoms/lukasz/menusInGame/Court/InGame_Court$106.smali	0
/tmp/w3a/smali/aoc/kingdoms/lukasz/menusInGame/Court/InGame_Court$107.smali	0
/tmp/w3a/smali/aoc/kingdoms/lukasz/menusInGame/Court/InGame_Court$108.smali	0
/tmp/w3a/smali/aoc/kingdoms/lukasz/menusInGame/Court/InGame_Court$109.smali	0
/tmp/w3a/smali/aoc/kingdoms/lukasz/menusInGame/Court/InGame_Court$11.smali	0
/tmp/w3a/smali/aoc/kingdoms/lukasz/menusInGame/Court/InGame_Court$110.smali	0
/tmp/w3a/smali/aoc/kingdoms/lukasz/menusInGame/Court/InGame_Court$111.smali	0
/tmp/w3a/smali/aoc/kingdoms/lukasz/menusInGame/Court/InGame_Court$112.smali	0
/tmp/w3a/smali/aoc/kingdoms/lukasz/menusInGame/Court/InGame_Court$12.smali	0
/tmp/w3a/smali/aoc/kingdoms/lukasz/menusInGame/Court/InGame_Court$13.smali	0
/tmp/w3a/smali/aoc/kingdoms/lukasz/menusInGame/Court/InGame_Court$14.smali	0
/tmp/w3a/smali/aoc/kingdoms/lukasz/menusInGame/Court/InGame_Court$15.smali	0
/tmp/w3a/smali/aoc/kingdoms/lukasz/menusInGame/Court/InGame_Court$16.smali	0
/tmp/w3a/smali/aoc/kingdoms/lukasz/menusInGame/Court/InGame_Court$17.smali	0
/tmp/w3a/smali/aoc/kingdoms/lukasz/menusInGame/Court/InGame_Court$18.smali	0
/tmp/w3a/smali/aoc/kingdoms/lukasz/menusInGame/Court/InGame_Court$19.smali	0
/tmp/w3a/smali/aoc/kingdoms/lukasz/menusInGame/Court/InGame_Court$2.smali	0
/tmp/w3a/smali/aoc/kingdoms/lukasz/menusInGame/Court/InGame_Court$20.smali	0
/tmp/w3a/smali/aoc/kingdoms/lukasz/menusInGame/Court/InGame_Court$21.smali	0
/tmp/w3a/smali/aoc/kingdoms/lukasz/menusInGame/Court/InGame_Court$22.smali	0
/tmp/w3a/smali/aoc/kingdoms/lukasz/menusInGame/Court/InGame_Court$23.smali	0
/tmp/w3a/smali/aoc/kingdoms/lukasz/menusInGame/Court/InGame_Court$24.smali	0
/tmp/w3a/smali/aoc/kingdoms/lukasz/menusInGame/Court/InGame_Court$25.smali	0
/tmp/w3a/smali/aoc/kingdoms/lukasz/menusInGame/Court/InGame_Court$26.smali	0
/tmp/w3a/smali/aoc/kingdoms/lukasz/menusInGame/Court/InGame_Court$27.smali	0
/tmp/w3a/smali/aoc/kingdoms/lukasz/menusInGame/Court/InGame_Court$28.smali	0
/tmp/w3a/smali/aoc/kingdoms/lukasz/menusInGame/Court/InGame_Court$29.smali	0
/tmp/w3a/smali/aoc/kingdoms/lukasz/menusInGame/Court/InGame_Court$3.smali	0
/tmp/w3a/smali/aoc/kingdoms/lukasz/menusInGame/Court/InGame_Court$30.smali	0
/tmp/w3a/smali/aoc/kingdoms/lukasz/menusInGame/Court/InGame_Court$31.smali	0
/tmp/w3a/smali/aoc/kingdoms/lukasz/menusInGame/Court/InGame_Court$32.smali	0
/tmp/w3a/smali/aoc/kingdoms/lukasz/menusInGame/Court/InGame_Court$33.smali	0
/tmp/w3a/smali/aoc/kingdoms/lukasz/menusInGame/Court/InGame_Court$34.smali	0
/tmp/w3a/smali/aoc/kingdoms/lukasz/menusInGame/Court/InGame_Court$35.smali	0
/tmp/w3a/smali/aoc/kingdoms/lukasz/menusInGame/Court/InGame_Court$36.smali	0
/tmp/w3a/smali/aoc/kingdoms/lukasz/menusInGame/Court/InGame_Court$37.smali	0
/tmp/w3a/smali/aoc/kingdoms/lukasz/menusInGame/Court/InGame_Court$38.smali	0
/tmp/w3a/smali/aoc/kingdoms/lukasz/menusInGame/Court/InGame_Court$39.smali	0
/tmp/w3a/smali/aoc/kingdoms/lukasz/menusInGame/Court/InGame_Court$4.smali	0
/tmp/w3a/smali/aoc/kingdoms/lukasz/menusInGame/Court/InGame_Court$40.smali	0
/tmp/w3a/smali/aoc/kingdoms/lukasz/menusInGame/Court/InGame_Court$41.smali	0
/tmp/w3a/smali/aoc/kingdoms/lukasz/menusInGame/Court/InGame_Court$42.smali	0
/tmp/w3a/smali/aoc/kingdoms/lukasz/menusInGame/Court/InGame_Court$43.smali	0
/tmp/w3a/smali/aoc/kingdoms/lukasz/menusInGame/Court/InGame_Court$44.smali	0
/tmp/w3a/smali/aoc/kingdoms/lukasz/menusInGame/Court/InGame_Court$45.smali	0
/tmp/w3a/smali/aoc/kingdoms/lukasz/menusInGame/Court/InGame_Court$46.smali	0
/tmp/w3a/smali/aoc/kingdoms/lukasz/menusInGame/Court/InGame_Court$47.smali	0
/tmp/w3a/smali/aoc/kingdoms/lukasz/menusInGame/Court/InGame_Court$48.smali	0
/tmp/w3a/smali/aoc/kingdoms/lukasz/menusInGame/Court/InGame_Court$49.smali	0
/tmp/w3a/smali/aoc/kingdoms/lukasz/menusInGame/Court/InGame_Court$5.smali	0
/tmp/w3a/smali/aoc/kingdoms/lukasz/menusInGame/Court/InGame_Court$50.smali	0
/tmp/w3a/smali/aoc/kingdoms/lukasz/menusInGame/Court/InGame_Court$51.smali	0
/tmp/w3a/smali/aoc/kingdoms/lukasz/menusInGame/Court/InGame_Court$52.smali	0
/tmp/w3a/smali/aoc/kingdoms/lukasz/menusInGame/Court/InGame_Court$53.smali	0
/tmp/w3a/smali/aoc/kingdoms/lukasz/menusInGame/Court/InGame_Court$54.smali	0
/tmp/w3a/smali/aoc/kingdoms/lukasz/menusInGame/Court/InGame_Court$55.smali	0
/tmp/w3a/smali/aoc/kingdoms/lukasz/menusInGame/Court/InGame_Court$56.smali	0
/tmp/w3a/smali/aoc/kingdoms/lukasz/menusInGame/Court/InGame_Court$57.smali	0
/tmp/w3a/smali/aoc/kingdoms/lukasz/menusInGame/Court/InGame_Court$58.smali	0
/tmp/w3a/smali/aoc/kingdoms/lukasz/menusInGame/Court/InGame_Court$59.smali	0
/tmp/w3a/smali/aoc/kingdoms/lukasz/menusInGame/Court/InGame_Court$6.smali	0
/tmp/w3a/smali/aoc/kingdoms/lukasz/menusInGame/Court/InGame_Court$60.smali	0
/tmp/w3a/smali/aoc/kingdoms/lukasz/menusInGame/Court/InGame_Court$61.smali	0
/tmp/w3a/smali/aoc/kingdoms/lukasz/menusInGame/Court/InGame_Court$62.smali	0
/tmp/w3a/smali/aoc/kingdoms/lukasz/menusInGame/Court/InGame_Court$63.smali	0
/tmp/w3a/smali/aoc/kingdoms/lukasz/menusInGame/Court/InGame_Court$64.smali	0
/tmp/w3a/smali/aoc/kingdoms/lukasz/menusInGame/Court/InGame_Court$65.smali	0
/tmp/w3a/smali/aoc/kingdoms/lukasz/menusInGame/Court/InGame_Court$66.smali	0
/tmp/w3a/smali/aoc/kingdoms/lukasz/menusInGame/Court/InGame_Court$67.smali	0
/tmp/w3a/smali/aoc/kingdoms/lukasz/menusInGame/Court/InGame_Court$68.smali	0
/tmp/w3a/smali/aoc/kingdoms/lukasz/menusInGame/Court/InGame_Court$69.smali	0
/tmp/w3a/smali/aoc/kingdoms/lukasz/menusInGame/Court/InGame_Court$7.smali	0
/tmp/w3a/smali/aoc/kingdoms/lukasz/menusInGame/Court/InGame_Court$70.smali	0
/tmp/w3a/smali/aoc/kingdoms/lukasz/menusInGame/Court/InGame_Court$71.smali	0
/tmp/w3a/smali/aoc/kingdoms/lukasz/menusInGame/Court/InGame_Court$72.smali	0
/tmp/w3a/smali/aoc/kingdoms/lukasz/menusInGame/Court/InGame_Court$73.smali	0
/tmp/w3a/smali/aoc/kingdoms/lukasz/menusInGame/Court/InGame_Court$74.smali	0
/tmp/w3a/smali/aoc/kingdoms/lukasz/menusInGame/Court/InGame_Court$75.smali	0
/tmp/w3a/smali/aoc/kingdoms/lukasz/menusInGame/Court/InGame_Court$76.smali	0
/tmp/w3a/smali/aoc/kingdoms/lukasz/menusInGame/Court/InGame_Court$77.smali	0
/tmp/w3a/smali/aoc/kingdoms/lukasz/menusInGame/Court/InGame_Court$78.smali	0
/tmp/w3a/smali/aoc/kingdoms/lukasz/menusInGame/Court/InGame_Court$79.smali	0
/tmp/w3a/smali/aoc/kingdoms/lukasz/menusInGame/Court/InGame_Court$8.smali	0
/tmp/w3a/smali/aoc/kingdoms/lukasz/menusInGame/Court/InGame_Court$80.smali	0
/tmp/w3a/smali/aoc/kingdoms/lukasz/menusInGame/Court/InGame_Court$81.smali	0
/tmp/w3a/smali/aoc/kingdoms/lukasz/menusInGame/Court/InGame_Court$82.smali	0
/tmp/w3a/smali/aoc/kingdoms/lukasz/menusInGame/Court/InGame_Court$83.smali	0
/tmp/w3a/smali/aoc/kingdoms/lukasz/menusInGame/Court/InGame_Court$84$1.smali	0
/tmp/w3a/smali/aoc/kingdoms/lukasz/menusInGame/Court/InGame_Court$84.smali	0
/tmp/w3a/smali/aoc/kingdoms/lukasz/menusInGame/Court/InGame_Court$85$1.smali	0
/tmp/w3a/smali/aoc/kingdoms/lukasz/menusInGame/Court/InGame_Court$85.smali	0
/tmp/w3a/smali/aoc/kingdoms/lukasz/menusInGame/Court/InGame_Court$86$1.smali	0
/tmp/w3a/smali/aoc/kingdoms/lukasz/menusInGame/Court/InGame_Court$86.smali	0
/tmp/w3a/smali/aoc/kingdoms/lukasz/menusInGame/Court/InGame_Court$87$1.smali	0
/tmp/w3a/smali/aoc/kingdoms/lukasz/menusInGame/Court/InGame_Court$87.smali	0
/tmp/w3a/smali/aoc/kingdoms/lukasz/menusInGame/Court/InGame_Court$88.smali	0
/tmp/w3a/smali/aoc/kingdoms/lukasz/menusInGame/Court/InGame_Court$89$1.smali	0
/tmp/w3a/smali/aoc/kingdoms/lukasz/menusInGame/Court/InGame_Court$89.smali	0
/tmp/w3a/smali/aoc/kingdoms/lukasz/menusInGame/Court/InGame_Court$9.smali	0
/tmp/w3a/smali/aoc/kingdoms/lukasz/menusInGame/Court/InGame_Court$90$1.smali	0
/tmp/w3a/smali/aoc/kingdoms/lukasz/menusInGame/Court/InGame_Court$90.smali	0
/tmp/w3a/smali/aoc/kingdoms/lukasz/menusInGame/Court/InGame_Court$91$1.smali	0
/tmp/w3a/smali/aoc/kingdoms/lukasz/menusInGame/Court/InGame_Court$91.smali	0
/tmp/w3a/smali/aoc/kingdoms/lukasz/menusInGame/Court/InGame_Court$92$1.smali	0
/tmp/w3a/smali/aoc/kingdoms/lukasz/menusInGame/Court/InGame_Court$92.smali	0
/tmp/w3a/smali/aoc/kingdoms/lukasz/menusInGame/Court/InGame_Court$93$1.smali	0
/tmp/w3a/smali/aoc/kingdoms/lukasz/menusInGame/Court/InGame_Court$93.smali	0
/tmp/w3a/smali/aoc/kingdoms/lukasz/menusInGame/Court/InGame_Court$94$1.smali	0
/tmp/w3a/smali/aoc/kingdoms/lukasz/menusInGame/Court/InGame_Court$94.smali	0
/tmp/w3a/smali/aoc/kingdoms/lukasz/menusInGame/Court/InGame_Court$95.smali	0
/tmp/w3a/smali/aoc/kingdoms/lukasz/menusInGame/Court/InGame_Court$96.smali	0
/tmp/w3a/smali/aoc/kingdoms/lukasz/menusInGame/Court/InGame_Court$97.smali	0
/tmp/w3a/smali/aoc/kingdoms/lukasz/menusInGame/Court/InGame_Court$98.smali	0
/tmp/w3a/smali/aoc/kingdoms/lukasz/menusInGame/Court/InGame_Court$99.smali	0
/tmp/w3a/smali/aoc/kingdoms/lukasz/menusInGame/Court/InGame_Court.smali	0
/tmp/w3a/smali/aoc/kingdoms/lukasz/menusInGame/Court/InGame_CourtOptions$1.smali	0
/tmp/w3a/smali/aoc/kingdoms/lukasz/menusInGame/Court/InGame_CourtOptions.smali	0
/tmp/w3a/smali/aoc/kingdoms/lukasz/menusInGame/Court/InGame_CourtOptions2$1.smali	0
/tmp/w3a/smali/aoc/kingdoms/lukasz/menusInGame/Court/InGame_CourtOptions2$10.smali	0
/tmp/w3a/smali/aoc/kingdoms/lukasz/menusInGame/Court/InGame_CourtOptions2$11.smali	0
/tmp/w3a/smali/aoc/kingdoms/lukasz/menusInGame/Court/InGame_CourtOptions2$12.smali	0
/tmp/w3a/smali/aoc/kingdoms/lukasz/menusInGame/Court/InGame_CourtOptions2$13.smali	0
/tmp/w3a/smali/aoc/kingdoms/lukasz/menusInGame/Court/InGame_CourtOptions2$14.smali	0
/tmp/w3a/smali/aoc/kingdoms/lukasz/menusInGame/Court/InGame_CourtOptions2$15.smali	0
/tmp/w3a/smali/aoc/kingdoms/lukasz/menusInGame/Court/InGame_CourtOptions2$16.smali	0
/tmp/w3a/smali/aoc/kingdoms/lukasz/menusInGame/Court/InGame_CourtOptions2$17.smali	0
/tmp/w3a/smali/aoc/kingdoms/lukasz/menusInGame/Court/InGame_CourtOptions2$18.smali	1
/tmp/w3a/smali/aoc/kingdoms/lukasz/menusInGame/Court/InGame_CourtOptions2$2.smali	0
/tmp/w3a/smali/aoc/kingdoms/lukasz/menusInGame/Court/InGame_CourtOptions2$3.smali	0
/tmp/w3a/smali/aoc/kingdoms/lukasz/menusInGame/Court/InGame_CourtOptions2$4.smali	0
/tmp/w3a/smali/aoc/kingdoms/lukasz/menusInGame/Court/InGame_CourtOptions2$5.smali	0
/tmp/w3a/smali/aoc/kingdoms/lukasz/menusInGame/Court/InGame_CourtOptions2$6.smali	0
/tmp/w3a/smali/aoc/kingdoms/lukasz/menusInGame/Court/InGame_CourtOptions2$7.smali	0
/tmp/w3a/smali/aoc/kingdoms/lukasz/menusInGame/Court/InGame_CourtOptions2$8.smali	0
/tmp/w3a/smali/aoc/kingdoms/lukasz/menusInGame/Court/InGame_CourtOptions2$9.smali	0
/tmp/w3a/smali/aoc/kingdoms/lukasz/menusInGame/Court/InGame_CourtOptions2.smali	0
/tmp/w3a/smali/aoc/kingdoms/lukasz/menusInGame/Court/InGame_Court_Build$1.smali	0
/tmp/w3a/smali/aoc/kingdoms/lukasz/menusInGame/Court/InGame_Court_Build$10.smali	0
/tmp/w3a/smali/aoc/kingdoms/lukasz/menusInGame/Court/InGame_Court_Build$11.smali	0
/tmp/w3a/smali/aoc/kingdoms/lukasz/menusInGame/Court/InGame_Court_Build$12$1.smali	0
/tmp/w3a/smali/aoc/kingdoms/lukasz/menusInGame/Court/InGame_Court_Build$12.smali	0
/tmp/w3a/smali/aoc/kingdoms/lukasz/menusInGame/Court/InGame_Court_Build$13.smali	0
/tmp/w3a/smali/aoc/kingdoms/lukasz/menusInGame/Court/InGame_Court_Build$14.smali	0
/tmp/w3a/smali/aoc/kingdoms/lukasz/menusInGame/Court/InGame_Court_Build$15.smali	0
/tmp/w3a/smali/aoc/kingdoms/lukasz/menusInGame/Court/InGame_Court_Build$16.smali	0
/tmp/w3a/smali/aoc/kingdoms/lukasz/menusInGame/Court/InGame_Court_Build$2.smali	0
/tmp/w3a/smali/aoc/kingdoms/lukasz/menusInGame/Court/InGame_Court_Build$3.smali	0
/tmp/w3a/smali/aoc/kingdoms/lukasz/menusInGame/Court/InGame_Court_Build$4.smali	0
/tmp/w3a/smali/aoc/kingdoms/lukasz/menusInGame/Court/InGame_Court_Build$5.smali	0
/tmp/w3a/smali/aoc/kingdoms/lukasz/menusInGame/Court/InGame_Court_Build$6.smali	0
/tmp/w3a/smali/aoc/kingdoms/lukasz/menusInGame/Court/InGame_Court_Build$7.smali	0
/tmp/w3a/smali/aoc/kingdoms/lukasz/menusInGame/Court/InGame_Court_Build$8.smali	0
/tmp/w3a/smali/aoc/kingdoms/lukasz/menusInGame/Court/InGame_Court_Build$9.smali	0
/tmp/w3a/smali/aoc/kingdoms/lukasz/menusInGame/Court/InGame_Court_Build.smali	0
/tmp/w3a/smali/aoc/kingdoms/lukasz/menusInGame/Court/InGame_Court_Buildings2$1.smali	0
/tmp/w3a/smali/aoc/kingdoms/lukasz/menusInGame/Court/InGame_Court_Buildings2$10.smali	0
/tmp/w3a/smali/aoc/kingdoms/lukasz/menusInGame/Court/InGame_Court_Buildings2$11.smali	0
/tmp/w3a/smali/aoc/kingdoms/lukasz/menusInGame/Court/InGame_Court_Buildings2$12.smali	0
/tmp/w3a/smali/aoc/kingdoms/lukasz/menusInGame/Court/InGame_Court_Buildings2$13.smali	0
/tmp/w3a/smali/aoc/kingdoms/lukasz/menusInGame/Court/InGame_Court_Buildings2$14.smali	0
/tmp/w3a/smali/aoc/kingdoms/lukasz/menusInGame/Court/InGame_Court_Buildings2$2.smali	0
/tmp/w3a/smali/aoc/kingdoms/lukasz/menusInGame/Court/InGame_Court_Buildings2$3.smali	0
/tmp/w3a/smali/aoc/kingdoms/lukasz/menusInGame/Court/InGame_Court_Buildings2$4.smali	0
/tmp/w3a/smali/aoc/kingdoms/lukasz/menusInGame/Court/InGame_Court_Buildings2$5.smali	0
/tmp/w3a/smali/aoc/kingdoms/lukasz/menusInGame/Court/InGame_Court_Buildings2$6.smali	0
/tmp/w3a/smali/aoc/kingdoms/lukasz/menusInGame/Court/InGame_Court_Buildings2$7.smali	0
/tmp/w3a/smali/aoc/kingdoms/lukasz/menusInGame/Court/InGame_Court_Buildings2$8.smali	0
/tmp/w3a/smali/aoc/kingdoms/lukasz/menusInGame/Court/InGame_Court_Buildings2$9.smali	0
/tmp/w3a/smali/aoc/kingdoms/lukasz/menusInGame/Court/InGame_Court_Buildings2.smali	0
/tmp/w3a/smali/aoc/kingdoms/lukasz/menusInGame/Court/InGame_Court_Core$1.smali	0
/tmp/w3a/smali/aoc/kingdoms/lukasz/menusInGame/Court/InGame_Court_Core$10$1.smali	0
/tmp/w3a/smali/aoc/kingdoms/lukasz/menusInGame/Court/InGame_Court_Core$10.smali	0
/tmp/w3a/smali/aoc/kingdoms/lukasz/menusInGame/Court/InGame_Court_Core$2.smali	0
/tmp/w3a/smali/aoc/kingdoms/lukasz/menusInGame/Court/InGame_Court_Core$3.smali	0
/tmp/w3a/smali/aoc/kingdoms/lukasz/menusInGame/Court/InGame_Court_Core$4.smali	0
/tmp/w3a/smali/aoc/kingdoms/lukasz/menusInGame/Court/InGame_Court_Core$5.smali	0
/tmp/w3a/smali/aoc/kingdoms/lukasz/menusInGame/Court/InGame_Court_Core$6.smali	0
/tmp/w3a/smali/aoc/kingdoms/lukasz/menusInGame/Court/InGame_Court_Core$7.smali	0
/tmp/w3a/smali/aoc/kingdoms/lukasz/menusInGame/Court/InGame_Court_Core$8.smali	0
/tmp/w3a/smali/aoc/kingdoms/lukasz/menusInGame/Court/InGame_Court_Core$9$1.smali	0
/tmp/w3a/smali/aoc/kingdoms/lukasz/menusInGame/Court/InGame_Court_Core$9.smali	0
/tmp/w3a/smali/aoc/kingdoms/lukasz/menusInGame/Court/InGame_Court_Core.smali	0
/tmp/w3a/smali/aoc/kingdoms/lukasz/menusInGame/Court/InGame_Court_DevelopInfrastructure$1.smali	0
/tmp/w3a/smali/aoc/kingdoms/lukasz/menusInGame/Court/InGame_Court_DevelopInfrastructure$2.smali	0
/tmp/w3a/smali/aoc/kingdoms/lukasz/menusInGame/Court/InGame_Court_DevelopInfrastructure$3.smali	0
/tmp/w3a/smali/aoc/kingdoms/lukasz/menusInGame/Court/InGame_Court_DevelopInfrastructure$4.smali	0
/tmp/w3a/smali/aoc/kingdoms/lukasz/menusInGame/Court/InGame_Court_DevelopInfrastructure$5.smali	0
/tmp/w3a/smali/aoc/kingdoms/lukasz/menusInGame/Court/InGame_Court_DevelopInfrastructure$6$1.smali	0
/tmp/w3a/smali/aoc/kingdoms/lukasz/menusInGame/Court/InGame_Court_DevelopInfrastructure$6.smali	0
/tmp/w3a/smali/aoc/kingdoms/lukasz/menusInGame/Court/InGame_Court_DevelopInfrastructure$7$1.smali	0
/tmp/w3a/smali/aoc/kingdoms/lukasz/menusInGame/Court/InGame_Court_DevelopInfrastructure$7.smali	0
/tmp/w3a/smali/aoc/kingdoms/lukasz/menusInGame/Court/InGame_Court_DevelopInfrastructure.smali	0
/tmp/w3a/smali/aoc/kingdoms/lukasz/menusInGame/Court/InGame_Court_Espionage$1.smali	0
/tmp/w3a/smali/aoc/kingdoms/lukasz/menusInGame/Court/InGame_Court_Espionage$10.smali	0
/tmp/w3a/smali/aoc/kingdoms/lukasz/menusInGame/Court/InGame_Court_Espionage$11.smali	0
/tmp/w3a/smali/aoc/kingdoms/lukasz/menusInGame/Court/InGame_Court_Espionage$12.smali	0
/tmp/w3a/smali/aoc/kingdoms/lukasz/menusInGame/Court/InGame_Court_Espionage$13.smali	0
/tmp/w3a/smali/aoc/kingdoms/lukasz/menusInGame/Court/InGame_Court_Espionage$14.smali	0
/tmp/w3a/smali/aoc/kingdoms/lukasz/menusInGame/Court/InGame_Court_Espionage$15.smali	0
/tmp/w3a/smali/aoc/kingdoms/lukasz/menusInGame/Court/InGame_Court_Espionage$16.smali	0
/tmp/w3a/smali/aoc/kingdoms/lukasz/menusInGame/Court/InGame_Court_Espionage$17.smali	0
/tmp/w3a/smali/aoc/kingdoms/lukasz/menusInGame/Court/InGame_Court_Espionage$18.smali	0
/tmp/w3a/smali/aoc/kingdoms/lukasz/menusInGame/Court/InGame_Court_Espionage$19.smali	0
/tmp/w3a/smali/aoc/kingdoms/lukasz/menusInGame/Court/InGame_Court_Espionage$2.smali	0
/tmp/w3a/smali/aoc/kingdoms/lukasz/menusInGame/Court/InGame_Court_Espionage$20.smali	0
/tmp/w3a/smali/aoc/kingdoms/lukasz/menusInGame/Court/InGame_Court_Espionage$21.smali	0
/tmp/w3a/smali/aoc/kingdoms/lukasz/menusInGame/Court/InGame_Court_Espionage$22.smali	0
/tmp/w3a/smali/aoc/kingdoms/lukasz/menusInGame/Court/InGame_Court_Espionage$23.smali	0
/tmp/w3a/smali/aoc/kingdoms/lukasz/menusInGame/Court/InGame_Court_Espionage$24.smali	0
/tmp/w3a/smali/aoc/kingdoms/lukasz/menusInGame/Court/InGame_Court_Espionage$25.smali	0
/tmp/w3a/smali/aoc/kingdoms/lukasz/menusInGame/Court/InGame_Court_Espionage$26.smali	0
/tmp/w3a/smali/aoc/kingdoms/lukasz/menusInGame/Court/InGame_Court_Espionage$3.smali	0
/tmp/w3a/smali/aoc/kingdoms/lukasz/menusInGame/Court/InGame_Court_Espionage$4.smali	0
/tmp/w3a/smali/aoc/kingdoms/lukasz/menusInGame/Court/InGame_Court_Espionage$5.smali	0
/tmp/w3a/smali/aoc/kingdoms/lukasz/menusInGame/Court/InGame_Court_Espionage$6.smali	0
/tmp/w3a/smali/aoc/kingdoms/lukasz/menusInGame/Court/InGame_Court_Espionage$7.smali	0
/tmp/w3a/smali/aoc/kingdoms/lukasz/menusInGame/Court/InGame_Court_Espionage$8.smali	0
/tmp/w3a/smali/aoc/kingdoms/lukasz/menusInGame/Court/InGame_Court_Espionage$9.smali	0
/tmp/w3a/smali/aoc/kingdoms/lukasz/menusInGame/Court/InGame_Court_Espionage.smali	0
/tmp/w3a/smali/aoc/kingdoms/lukasz/menusInGame/Court/InGame_Court_ExploitEconomy$1.smali	0
/tmp/w3a/smali/aoc/kingdoms/lukasz/menusInGame/Court/InGame_Court_ExploitEconomy$2.smali	0
/tmp/w3a/smali/aoc/kingdoms/lukasz/menusInGame/Court/InGame_Court_ExploitEconomy$3.smali	0
/tmp/w3a/smali/aoc/kingdoms/lukasz/menusInGame/Court/InGame_Court_ExploitEconomy$4.smali	0
/tmp/w3a/smali/aoc/kingdoms/lukasz/menusInGame/Court/InGame_Court_ExploitEconomy$5.smali	0
/tmp/w3a/smali/aoc/kingdoms/lukasz/menusInGame/Court/InGame_Court_ExploitEconomy$6.smali	0
/tmp/w3a/smali/aoc/kingdoms/lukasz/menusInGame/Court/InGame_Court_ExploitEconomy$7.smali	0
/tmp/w3a/smali/aoc/kingdoms/lukasz/menusInGame/Court/InGame_Court_ExploitEconomy.smali	0
/tmp/w3a/smali/aoc/kingdoms/lukasz/menusInGame/Court/InGame_Court_GoldenAges$1.smali	0
/tmp/w3a/smali/aoc/kingdoms/lukasz/menusInGame/Court/InGame_Court_GoldenAges$2.smali	0
/tmp/w3a/smali/aoc/kingdoms/lukasz/menusInGame/Court/InGame_Court_GoldenAges$3.smali	0
/tmp/w3a/smali/aoc/kingdoms/lukasz/menusInGame/Court/InGame_Court_GoldenAges$4.smali	0
/tmp/w3a/smali/aoc/kingdoms/lukasz/menusInGame/Court/InGame_Court_GoldenAges$5.smali	0
/tmp/w3a/smali/aoc/kingdoms/lukasz/menusInGame/Court/InGame_Court_GoldenAges.smali	0
/tmp/w3a/smali/aoc/kingdoms/lukasz/menusInGame/Court/InGame_Court_Government$1.smali	0
/tmp/w3a/smali/aoc/kingdoms/lukasz/menusInGame/Court/InGame_Court_Government$10.smali	0
/tmp/w3a/smali/aoc/kingdoms/lukasz/menusInGame/Court/InGame_Court_Government$11.smali	0
/tmp/w3a/smali/aoc/kingdoms/lukasz/menusInGame/Court/InGame_Court_Government$12.smali	0
/tmp/w3a/smali/aoc/kingdoms/lukasz/menusInGame/Court/InGame_Court_Government$13.smali	0
/tmp/w3a/smali/aoc/kingdoms/lukasz/menusInGame/Court/InGame_Court_Government$14.smali	0
/tmp/w3a/smali/aoc/kingdoms/lukasz/menusInGame/Court/InGame_Court_Government$15.smali	0
/tmp/w3a/smali/aoc/kingdoms/lukasz/menusInGame/Court/InGame_Court_Government$16.smali	0
/tmp/w3a/smali/aoc/kingdoms/lukasz/menusInGame/Court/InGame_Court_Government$17.smali	0
/tmp/w3a/smali/aoc/kingdoms/lukasz/menusInGame/Court/InGame_Court_Government$18.smali	0
/tmp/w3a/smali/aoc/kingdoms/lukasz/menusInGame/Court/InGame_Court_Government$19.smali	0
/tmp/w3a/smali/aoc/kingdoms/lukasz/menusInGame/Court/InGame_Court_Government$2.smali	0
/tmp/w3a/smali/aoc/kingdoms/lukasz/menusInGame/Court/InGame_Court_Government$20.smali	0
/tmp/w3a/smali/aoc/kingdoms/lukasz/menusInGame/Court/InGame_Court_Government$21.smali	0
/tmp/w3a/smali/aoc/kingdoms/lukasz/menusInGame/Court/InGame_Court_Government$22.smali	0
/tmp/w3a/smali/aoc/kingdoms/lukasz/menusInGame/Court/InGame_Court_Government$23.smali	0
/tmp/w3a/smali/aoc/kingdoms/lukasz/menusInGame/Court/InGame_Court_Government$24.smali	0
/tmp/w3a/smali/aoc/kingdoms/lukasz/menusInGame/Court/InGame_Court_Government$25.smali	0
/tmp/w3a/smali/aoc/kingdoms/lukasz/menusInGame/Court/InGame_Court_Government$26.smali	0
/tmp/w3a/smali/aoc/kingdoms/lukasz/menusInGame/Court/InGame_Court_Government$27.smali	0
/tmp/w3a/smali/aoc/kingdoms/lukasz/menusInGame/Court/InGame_Court_Government$28.smali	0
/tmp/w3a/smali/aoc/kingdoms/lukasz/menusInGame/Court/InGame_Court_Government$29.smali	0
/tmp/w3a/smali/aoc/kingdoms/lukasz/menusInGame/Court/InGame_Court_Government$3.smali	0
/tmp/w3a/smali/aoc/kingdoms/lukasz/menusInGame/Court/InGame_Court_Government$30.smali	0
/tmp/w3a/smali/aoc/kingdoms/lukasz/menusInGame/Court/InGame_Court_Government$31.smali	0
/tmp/w3a/smali/aoc/kingdoms/lukasz/menusInGame/Court/InGame_Court_Government$32.smali	0
/tmp/w3a/smali/aoc/kingdoms/lukasz/menusInGame/Court/InGame_Court_Government$33.smali	0
/tmp/w3a/smali/aoc/kingdoms/lukasz/menusInGame/Court/InGame_Court_Government$34.smali	0
/tmp/w3a/smali/aoc/kingdoms/lukasz/menusInGame/Court/InGame_Court_Government$35.smali	0
/tmp/w3a/smali/aoc/kingdoms/lukasz/menusInGame/Court/InGame_Court_Government$36.smali	0
/tmp/w3a/smali/aoc/kingdoms/lukasz/menusInGame/Court/InGame_Court_Government$37.smali	0
/tmp/w3a/smali/aoc/kingdoms/lukasz/menusInGame/Court/InGame_Court_Government$38.smali	0
/tmp/w3a/smali/aoc/kingdoms/lukasz/menusInGame/Court/InGame_Court_Government$39.smali	0
/tmp/w3a/smali/aoc/kingdoms/lukasz/menusInGame/Court/InGame_Court_Government$4.smali	0
/tmp/w3a/smali/aoc/kingdoms/lukasz/menusInGame/Court/InGame_Court_Government$40.smali	0
/tmp/w3a/smali/aoc/kingdoms/lukasz/menusInGame/Court/InGame_Court_Government$5.smali	0
/tmp/w3a/smali/aoc/kingdoms/lukasz/menusInGame/Court/InGame_Court_Government$6.smali	0
/tmp/w3a/smali/aoc/kingdoms/lukasz/menusInGame/Court/InGame_Court_Government$7.smali	0
/tmp/w3a/smali/aoc/kingdoms/lukasz/menusInGame/Court/InGame_Court_Government$8.smali	0
/tmp/w3a/smali/aoc/kingdoms/lukasz/menusInGame/Court/InGame_Court_Government$9.smali	0
/tmp/w3a/smali/aoc/kingdoms/lukasz/menusInGame/Court/InGame_Court_Government.smali	0
/tmp/w3a/smali/aoc/kingdoms/lukasz/menusInGame/Court/InGame_Court_IncreaseGrowthRate$1.smali	0
/tmp/w3a/smali/aoc/kingdoms/lukasz/menusInGame/Court/InGame_Court_IncreaseGrowthRate$10.smali	0
/tmp/w3a/smali/aoc/kingdoms/lukasz/menusInGame/Court/InGame_Court_IncreaseGrowthRate$11$1.smali	0
/tmp/w3a/smali/aoc/kingdoms/lukasz/menusInGame/Court/InGame_Court_IncreaseGrowthRate$11.smali	0
/tmp/w3a/smali/aoc/kingdoms/lukasz/menusInGame/Court/InGame_Court_IncreaseGrowthRate$12$1.smali	0
/tmp/w3a/smali/aoc/kingdoms/lukasz/menusInGame/Court/InGame_Court_IncreaseGrowthRate$12.smali	0
/tmp/w3a/smali/aoc/kingdoms/lukasz/menusInGame/Court/InGame_Court_IncreaseGrowthRate$2.smali	0
/tmp/w3a/smali/aoc/kingdoms/lukasz/menusInGame/Court/InGame_Court_IncreaseGrowthRate$3.smali	0
/tmp/w3a/smali/aoc/kingdoms/lukasz/menusInGame/Court/InGame_Court_IncreaseGrowthRate$4.smali	0
/tmp/w3a/smali/aoc/kingdoms/lukasz/menusInGame/Court/InGame_Court_IncreaseGrowthRate$5.smali	0
/tmp/w3a/smali/aoc/kingdoms/lukasz/menusInGame/Court/InGame_Court_IncreaseGrowthRate$6.smali	0
/tmp/w3a/smali/aoc/kingdoms/lukasz/menusInGame/Court/InGame_Court_IncreaseGrowthRate$7.smali	0
/tmp/w3a/smali/aoc/kingdoms/lukasz/menusInGame/Court/InGame_Court_IncreaseGrowthRate$8.smali	0
/tmp/w3a/smali/aoc/kingdoms/lukasz/menusInGame/Court/InGame_Court_IncreaseGrowthRate$9.smali	0
/tmp/w3a/smali/aoc/kingdoms/lukasz/menusInGame/Court/InGame_Court_IncreaseGrowthRate.smali	0
/tmp/w3a/smali/aoc/kingdoms/lukasz/menusInGame/Court/InGame_Court_IncreaseManpower$1.smali	0
/tmp/w3a/smali/aoc/kingdoms/lukasz/menusInGame/Court/InGame_Court_IncreaseManpower$10.smali	0
/tmp/w3a/smali/aoc/kingdoms/lukasz/menusInGame/Court/InGame_Court_IncreaseManpower$11.smali	0
/tmp/w3a/smali/aoc/kingdoms/lukasz/menusInGame/Court/InGame_Court_IncreaseManpower$12.smali	0
/tmp/w3a/smali/aoc/kingdoms/lukasz/menusInGame/Court/InGame_Court_IncreaseManpower$2.smali	0
/tmp/w3a/smali/aoc/kingdoms/lukasz/menusInGame/Court/InGame_Court_IncreaseManpower$3.smali	0
/tmp/w3a/smali/aoc/kingdoms/lukasz/menusInGame/Court/InGame_Court_IncreaseManpower$4.smali	0
/tmp/w3a/smali/aoc/kingdoms/lukasz/menusInGame/Court/InGame_Court_IncreaseManpower$5.smali	0
/tmp/w3a/smali/aoc/kingdoms/lukasz/menusInGame/Court/InGame_Court_IncreaseManpower$6.smali	0
/tmp/w3a/smali/aoc/kingdoms/lukasz/menusInGame/Court/InGame_Court_IncreaseManpower$7.smali	0
/tmp/w3a/smali/aoc/kingdoms/lukasz/menusInGame/Court/InGame_Court_IncreaseManpower$8.smali	0
/tmp/w3a/smali/aoc/kingdoms/lukasz/menusInGame/Court/InGame_Court_IncreaseManpower$9.smali	0
/tmp/w3a/smali/aoc/kingdoms/lukasz/menusInGame/Court/InGame_Court_IncreaseManpower.smali	0
/tmp/w3a/smali/aoc/kingdoms/lukasz/menusInGame/Court/InGame_Court_IncreaseTaxEfficiency$1.smali	0
/tmp/w3a/smali/aoc/kingdoms/lukasz/menusInGame/Court/InGame_Court_IncreaseTaxEfficiency$10.smali	0
/tmp/w3a/smali/aoc/kingdoms/lukasz/menusInGame/Court/InGame_Court_IncreaseTaxEfficiency$11$1.smali	0
/tmp/w3a/smali/aoc/kingdoms/lukasz/menusInGame/Court/InGame_Court_IncreaseTaxEfficiency$11.smali	0
/tmp/w3a/smali/aoc/kingdoms/lukasz/menusInGame/Court/InGame_Court_IncreaseTaxEfficiency$12$1.smali	0
/tmp/w3a/smali/aoc/kingdoms/lukasz/menusInGame/Court/InGame_Court_IncreaseTaxEfficiency$12.smali	0
/tmp/w3a/smali/aoc/kingdoms/lukasz/menusInGame/Court/InGame_Court_IncreaseTaxEfficiency$13$1.smali	0
/tmp/w3a/smali/aoc/kingdoms/lukasz/menusInGame/Court/InGame_Court_IncreaseTaxEfficiency$13.smali	0
/tmp/w3a/smali/aoc/kingdoms/lukasz/menusInGame/Court/InGame_Court_IncreaseTaxEfficiency$2.smali	0
/tmp/w3a/smali/aoc/kingdoms/lukasz/menusInGame/Court/InGame_Court_IncreaseTaxEfficiency$3.smali	0
/tmp/w3a/smali/aoc/kingdoms/lukasz/menusInGame/Court/InGame_Court_IncreaseTaxEfficiency$4.smali	0
/tmp/w3a/smali/aoc/kingdoms/lukasz/menusInGame/Court/InGame_Court_IncreaseTaxEfficiency$5.smali	0
/tmp/w3a/smali/aoc/kingdoms/lukasz/menusInGame/Court/InGame_Court_IncreaseTaxEfficiency$6.smali	0
/tmp/w3a/smali/aoc/kingdoms/lukasz/menusInGame/Court/InGame_Court_IncreaseTaxEfficiency$7.smali	0
/tmp/w3a/smali/aoc/kingdoms/lukasz/menusInGame/Court/InGame_Court_IncreaseTaxEfficiency$8.smali	0
/tmp/w3a/smali/aoc/kingdoms/lukasz/menusInGame/Court/InGame_Court_IncreaseTaxEfficiency$9.smali	0
/tmp/w3a/smali/aoc/kingdoms/lukasz/menusInGame/Court/InGame_Court_IncreaseTaxEfficiency.smali	0
/tmp/w3a/smali/aoc/kingdoms/lukasz/menusInGame/Court/InGame_Court_InvestInEconomy$1.smali	0
/tmp/w3a/smali/aoc/kingdoms/lukasz/menusInGame/Court/InGame_Court_InvestInEconomy$10.smali	0
/tmp/w3a/smali/aoc/kingdoms/lukasz/menusInGame/Court/InGame_Court_InvestInEconomy$11.smali	0
/tmp/w3a/smali/aoc/kingdoms/lukasz/menusInGame/Court/InGame_Court_InvestInEconomy$12$1.smali	0
/tmp/w3a/smali/aoc/kingdoms/lukasz/menusInGame/Court/InGame_Court_InvestInEconomy$12.smali	0
/tmp/w3a/smali/aoc/kingdoms/lukasz/menusInGame/Court/InGame_Court_InvestInEconomy$13$1.smali	0
/tmp/w3a/smali/aoc/kingdoms/lukasz/menusInGame/Court/InGame_Court_InvestInEconomy$13.smali	0
/tmp/w3a/smali/aoc/kingdoms/lukasz/menusInGame/Court/InGame_Court_InvestInEconomy$14$1.smali	0
/tmp/w3a/smali/aoc/kingdoms/lukasz/menusInGame/Court/InGame_Court_InvestInEconomy$14.smali	0
/tmp/w3a/smali/aoc/kingdoms/lukasz/menusInGame/Court/InGame_Court_InvestInEconomy$15.smali	0
/tmp/w3a/smali/aoc/kingdoms/lukasz/menusInGame/Court/InGame_Court_InvestInEconomy$16.smali	0
/tmp/w3a/smali/aoc/kingdoms/lukasz/menusInGame/Court/InGame_Court_InvestInEconomy$17.smali	0
/tmp/w3a/smali/aoc/kingdoms/lukasz/menusInGame/Court/InGame_Court_InvestInEconomy$18.smali	0
/tmp/w3a/smali/aoc/kingdoms/lukasz/menusInGame/Court/InGame_Court_InvestInEconomy$19.smali	0
/tmp/w3a/smali/aoc/kingdoms/lukasz/menusInGame/Court/InGame_Court_InvestInEconomy$2.smali	0
/tmp/w3a/smali/aoc/kingdoms/lukasz/menusInGame/Court/InGame_Court_InvestInEconomy$20.smali	0
/tmp/w3a/smali/aoc/kingdoms/lukasz/menusInGame/Court/InGame_Court_InvestInEconomy$21.smali	0
/tmp/w3a/smali/aoc/kingdoms/lukasz/menusInGame/Court/InGame_Court_InvestInEconomy$22.smali	0
/tmp/w3a/smali/aoc/kingdoms/lukasz/menusInGame/Court/InGame_Court_InvestInEconomy$23$1.smali	0
/tmp/w3a/smali/aoc/kingdoms/lukasz/menusInGame/Court/InGame_Court_InvestInEconomy$23.smali	0
/tmp/w3a/smali/aoc/kingdoms/lukasz/menusInGame/Court/InGame_Court_InvestInEconomy$3.smali	0
/tmp/w3a/smali/aoc/kingdoms/lukasz/menusInGame/Court/InGame_Court_InvestInEconomy$4.smali	0
/tmp/w3a/smali/aoc/kingdoms/lukasz/menusInGame/Court/InGame_Court_InvestInEconomy$5.smali	0
/tmp/w3a/smali/aoc/kingdoms/lukasz/menusInGame/Court/InGame_Court_InvestInEconomy$6.smali	0
/tmp/w3a/smali/aoc/kingdoms/lukasz/menusInGame/Court/InGame_Court_InvestInEconomy$7.smali	0
/tmp/w3a/smali/aoc/kingdoms/lukasz/menusInGame/Court/InGame_Court_InvestInEconomy$8.smali	0
/tmp/w3a/smali/aoc/kingdoms/lukasz/menusInGame/Court/InGame_Court_InvestInEconomy$9.smali	0
/tmp/w3a/smali/aoc/kingdoms/lukasz/menusInGame/Court/InGame_Court_InvestInEconomy.smali	0
/tmp/w3a/smali/aoc/kingdoms/lukasz/menusInGame/Court/InGame_Court_Law$1.smali	0
/tmp/w3a/smali/aoc/kingdoms/lukasz/menusInGame/Court/InGame_Court_Law.smali	0
/tmp/w3a/smali/aoc/kingdoms/lukasz/menusInGame/Court/InGame_Court_Missions$1.smali	0
/tmp/w3a/smali/aoc/kingdoms/lukasz/menusInGame/Court/InGame_Court_Missions$2.smali	0
/tmp/w3a/smali/aoc/kingdoms/lukasz/menusInGame/Court/InGame_Court_Missions$3.smali	0
/tmp/w3a/smali/aoc/kingdoms/lukasz/menusInGame/Court/InGame_Court_Missions.smali	0
/tmp/w3a/smali/aoc/kingdoms/lukasz/menusInGame/Court/InGame_Court_Provinces$1.smali	0
/tmp/w3a/smali/aoc/kingdoms/lukasz/menusInGame/Court/InGame_Court_Provinces$10.smali	0
/tmp/w3a/smali/aoc/kingdoms/lukasz/menusInGame/Court/InGame_Court_Provinces$11.smali	0
/tmp/w3a/smali/aoc/kingdoms/lukasz/menusInGame/Court/InGame_Court_Provinces$12.smali	0
/tmp/w3a/smali/aoc/kingdoms/lukasz/menusInGame/Court/InGame_Court_Provinces$13.smali	0
/tmp/w3a/smali/aoc/kingdoms/lukasz/menusInGame/Court/InGame_Court_Provinces$14$1.smali	0
/tmp/w3a/smali/aoc/kingdoms/lukasz/menusInGame/Court/InGame_Court_Provinces$14.smali	0
/tmp/w3a/smali/aoc/kingdoms/lukasz/menusInGame/Court/InGame_Court_Provinces$15$1.smali	0
/tmp/w3a/smali/aoc/kingdoms/lukasz/menusInGame/Court/InGame_Court_Provinces$15.smali	0
/tmp/w3a/smali/aoc/kingdoms/lukasz/menusInGame/Court/InGame_Court_Provinces$16.smali	0
/tmp/w3a/smali/aoc/kingdoms/lukasz/menusInGame/Court/InGame_Court_Provinces$17$1.smali	0
/tmp/w3a/smali/aoc/kingdoms/lukasz/menusInGame/Court/InGame_Court_Provinces$17.smali	0
/tmp/w3a/smali/aoc/kingdoms/lukasz/menusInGame/Court/InGame_Court_Provinces$18$1.smali	0
/tmp/w3a/smali/aoc/kingdoms/lukasz/menusInGame/Court/InGame_Court_Provinces$18.smali	0
/tmp/w3a/smali/aoc/kingdoms/lukasz/menusInGame/Court/InGame_Court_Provinces$19.smali	0
/tmp/w3a/smali/aoc/kingdoms/lukasz/menusInGame/Court/InGame_Court_Provinces$2.smali	0
/tmp/w3a/smali/aoc/kingdoms/lukasz/menusInGame/Court/InGame_Court_Provinces$3.smali	0
/tmp/w3a/smali/aoc/kingdoms/lukasz/menusInGame/Court/InGame_Court_Provinces$4.smali	0
/tmp/w3a/smali/aoc/kingdoms/lukasz/menusInGame/Court/InGame_Court_Provinces$5.smali	0
/tmp/w3a/smali/aoc/kingdoms/lukasz/menusInGame/Court/InGame_Court_Provinces$6.smali	0
/tmp/w3a/smali/aoc/kingdoms/lukasz/menusInGame/Court/InGame_Court_Provinces$7.smali	0
/tmp/w3a/smali/aoc/kingdoms/lukasz/menusInGame/Court/InGame_Court_Provinces$8.smali	0
/tmp/w3a/smali/aoc/kingdoms/lukasz/menusInGame/Court/InGame_Court_Provinces$9.smali	0
/tmp/w3a/smali/aoc/kingdoms/lukasz/menusInGame/Court/InGame_Court_Provinces.smali	0
/tmp/w3a/smali/aoc/kingdoms/lukasz/menusInGame/Court/InGame_Court_Religion$1.smali	0
/tmp/w3a/smali/aoc/kingdoms/lukasz/menusInGame/Court/InGame_Court_Religion$10$1.smali	0
/tmp/w3a/smali/aoc/kingdoms/lukasz/menusInGame/Court/InGame_Court_Religion$10.smali	0
/tmp/w3a/smali/aoc/kingdoms/lukasz/menusInGame/Court/InGame_Court_Religion$11.smali	0
/tmp/w3a/smali/aoc/kingdoms/lukasz/menusInGame/Court/InGame_Court_Religion$12.smali	0
/tmp/w3a/smali/aoc/kingdoms/lukasz/menusInGame/Court/InGame_Court_Religion$2.smali	0
/tmp/w3a/smali/aoc/kingdoms/lukasz/menusInGame/Court/InGame_Court_Religion$3.smali	0
/tmp/w3a/smali/aoc/kingdoms/lukasz/menusInGame/Court/InGame_Court_Religion$4.smali	0
/tmp/w3a/smali/aoc/kingdoms/lukasz/menusInGame/Court/InGame_Court_Religion$5.smali	0
/tmp/w3a/smali/aoc/kingdoms/lukasz/menusInGame/Court/InGame_Court_Religion$6.smali	0
/tmp/w3a/smali/aoc/kingdoms/lukasz/menusInGame/Court/InGame_Court_Religion$7.smali	0
/tmp/w3a/smali/aoc/kingdoms/lukasz/menusInGame/Court/InGame_Court_Religion$8.smali	0
/tmp/w3a/smali/aoc/kingdoms/lukasz/menusInGame/Court/InGame_Court_Religion$9.smali	0
/tmp/w3a/smali/aoc/kingdoms/lukasz/menusInGame/Court/InGame_Court_Religion.smali	0
/tmp/w3a/smali/aoc/kingdoms/lukasz/menusInGame/Court/InGame_Court_Stats$1.smali	0
/tmp/w3a/smali/aoc/kingdoms/lukasz/menusInGame/Court/InGame_Court_Stats$10.smali	0
/tmp/w3a/smali/aoc/kingdoms/lukasz/menusInGame/Court/InGame_Court_Stats$11.smali	0
/tmp/w3a/smali/aoc/kingdoms/lukasz/menusInGame/Court/InGame_Court_Stats$12.smali	0
/tmp/w3a/smali/aoc/kingdoms/lukasz/menusInGame/Court/InGame_Court_Stats$2.smali	0
/tmp/w3a/smali/aoc/kingdoms/lukasz/menusInGame/Court/InGame_Court_Stats$3.smali	0
/tmp/w3a/smali/aoc/kingdoms/lukasz/menusInGame/Court/InGame_Court_Stats$4.smali	0
/tmp/w3a/smali/aoc/kingdoms/lukasz/menusInGame/Court/InGame_Court_Stats$5.smali	0
/tmp/w3a/smali/aoc/kingdoms/lukasz/menusInGame/Court/InGame_Court_Stats$6.smali	0
/tmp/w3a/smali/aoc/kingdoms/lukasz/menusInGame/Court/InGame_Court_Stats$7.smali	0
/tmp/w3a/smali/aoc/kingdoms/lukasz/menusInGame/Court/InGame_Court_Stats$8.smali	0
/tmp/w3a/smali/aoc/kingdoms/lukasz/menusInGame/Court/InGame_Court_Stats$9.smali	0
/tmp/w3a/smali/aoc/kingdoms/lukasz/menusInGame/Court/InGame_Court_Stats.smali	0
/tmp/w3a/smali/aoc/kingdoms/lukasz/menusInGame/Court/World/InGame_Court_WorldAlliances$1.smali	0
/tmp/w3a/smali/aoc/kingdoms/lukasz/menusInGame/Court/World/InGame_Court_WorldAlliances$2.smali	0
/tmp/w3a/smali/aoc/kingdoms/lukasz/menusInGame/Court/World/InGame_Court_WorldAlliances$3.smali	0
/tmp/w3a/smali/aoc/kingdoms/lukasz/menusInGame/Court/World/InGame_Court_WorldAlliances$4.smali	0
/tmp/w3a/smali/aoc/kingdoms/lukasz/menusInGame/Court/World/InGame_Court_WorldAlliances.smali	0
/tmp/w3a/smali/aoc/kingdoms/lukasz/menusInGame/Court/World/InGame_Court_WorldCivs$1.smali	0
/tmp/w3a/smali/aoc/kingdoms/lukasz/menusInGame/Court/World/InGame_Court_WorldCivs$10.smali	0
/tmp/w3a/smali/aoc/kingdoms/lukasz/menusInGame/Court/World/InGame_Court_WorldCivs$11.smali	0
/tmp/w3a/smali/aoc/kingdoms/lukasz/menusInGame/Court/World/InGame_Court_WorldCivs$12.smali	0
/tmp/w3a/smali/aoc/kingdoms/lukasz/menusInGame/Court/World/InGame_Court_WorldCivs$13.smali	0
/tmp/w3a/smali/aoc/kingdoms/lukasz/menusInGame/Court/World/InGame_Court_WorldCivs$2.smali	0
/tmp/w3a/smali/aoc/kingdoms/lukasz/menusInGame/Court/World/InGame_Court_WorldCivs$3.smali	0
/tmp/w3a/smali/aoc/kingdoms/lukasz/menusInGame/Court/World/InGame_Court_WorldCivs$4.smali	0
/tmp/w3a/smali/aoc/kingdoms/lukasz/menusInGame/Court/World/InGame_Court_WorldCivs$5.smali	0
/tmp/w3a/smali/aoc/kingdoms/lukasz/menusInGame/Court/World/InGame_Court_WorldCivs$6.smali	0
/tmp/w3a/smali/aoc/kingdoms/lukasz/menusInGame/Court/World/InGame_Court_WorldCivs$7.smali	0
/tmp/w3a/smali/aoc/kingdoms/lukasz/menusInGame/Court/World/InGame_Court_WorldCivs$8.smali	0
/tmp/w3a/smali/aoc/kingdoms/lukasz/menusInGame/Court/World/InGame_Court_WorldCivs$9.smali	0
/tmp/w3a/smali/aoc/kingdoms/lukasz/menusInGame/Court/World/InGame_Court_WorldCivs.smali	0
/tmp/w3a/smali/aoc/kingdoms/lukasz/menusInGame/Court/World/InGame_Court_WorldDefensive$1.smali	0
/tmp/w3a/smali/aoc/kingdoms/lukasz/menusInGame/Court/World/InGame_Court_WorldDefensive$2.smali	0
/tmp/w3a/smali/aoc/kingdoms/lukasz/menusInGame/Court/World/InGame_Court_WorldDefensive.smali	0
/tmp/w3a/smali/aoc/kingdoms/lukasz/menusInGame/Court/World/InGame_Court_WorldNonAggression$1.smali	0
/tmp/w3a/smali/aoc/kingdoms/lukasz/menusInGame/Court/World/InGame_Court_WorldNonAggression$2.smali	0
/tmp/w3a/smali/aoc/kingdoms/lukasz/menusInGame/Court/World/InGame_Court_WorldNonAggression.smali	0
/tmp/w3a/smali/aoc/kingdoms/lukasz/menusInGame/Court/World/InGame_Court_WorldSearch$1.smali	0
/tmp/w3a/smali/aoc/kingdoms/lukasz/menusInGame/Court/World/InGame_Court_WorldSearch$10.smali	0
/tmp/w3a/smali/aoc/kingdoms/lukasz/menusInGame/Court/World/InGame_Court_WorldSearch$11.smali	0
/tmp/w3a/smali/aoc/kingdoms/lukasz/menusInGame/Court/World/InGame_Court_WorldSearch$12.smali	0
/tmp/w3a/smali/aoc/kingdoms/lukasz/menusInGame/Court/World/InGame_Court_WorldSearch$13.smali	0
/tmp/w3a/smali/aoc/kingdoms/lukasz/menusInGame/Court/World/InGame_Court_WorldSearch$14$1.smali	0
/tmp/w3a/smali/aoc/kingdoms/lukasz/menusInGame/Court/World/InGame_Court_WorldSearch$14.smali	0
/tmp/w3a/smali/aoc/kingdoms/lukasz/menusInGame/Court/World/InGame_Court_WorldSearch$15$1.smali	0
/tmp/w3a/smali/aoc/kingdoms/lukasz/menusInGame/Court/World/InGame_Court_WorldSearch$15.smali	0
/tmp/w3a/smali/aoc/kingdoms/lukasz/menusInGame/Court/World/InGame_Court_WorldSearch$16.smali	0
/tmp/w3a/smali/aoc/kingdoms/lukasz/menusInGame/Court/World/InGame_Court_WorldSearch$17$1.smali	0
/tmp/w3a/smali/aoc/kingdoms/lukasz/menusInGame/Court/World/InGame_Court_WorldSearch$17.smali	0
/tmp/w3a/smali/aoc/kingdoms/lukasz/menusInGame/Court/World/InGame_Court_WorldSearch$18$1.smali	0
/tmp/w3a/smali/aoc/kingdoms/lukasz/menusInGame/Court/World/InGame_Court_WorldSearch$18.smali	0
/tmp/w3a/smali/aoc/kingdoms/lukasz/menusInGame/Court/World/InGame_Court_WorldSearch$19.smali	0
/tmp/w3a/smali/aoc/kingdoms/lukasz/menusInGame/Court/World/InGame_Court_WorldSearch$2.smali	0
/tmp/w3a/smali/aoc/kingdoms/lukasz/menusInGame/Court/World/InGame_Court_WorldSearch$3.smali	0
/tmp/w3a/smali/aoc/kingdoms/lukasz/menusInGame/Court/World/InGame_Court_WorldSearch$4.smali	0
/tmp/w3a/smali/aoc/kingdoms/lukasz/menusInGame/Court/World/InGame_Court_WorldSearch$5.smali	0
/tmp/w3a/smali/aoc/kingdoms/lukasz/menusInGame/Court/World/InGame_Court_WorldSearch$6.smali	0
/tmp/w3a/smali/aoc/kingdoms/lukasz/menusInGame/Court/World/InGame_Court_WorldSearch$7.smali	0
/tmp/w3a/smali/aoc/kingdoms/lukasz/menusInGame/Court/World/InGame_Court_WorldSearch$8.smali	0
/tmp/w3a/smali/aoc/kingdoms/lukasz/menusInGame/Court/World/InGame_Court_WorldSearch$9.smali	0
/tmp/w3a/smali/aoc/kingdoms/lukasz/menusInGame/Court/World/InGame_Court_WorldSearch.smali	0
/tmp/w3a/smali/aoc/kingdoms/lukasz/menusInGame/Court/World/InGame_Court_WorldTruces$1.smali	0
/tmp/w3a/smali/aoc/kingdoms/lukasz/menusInGame/Court/World/InGame_Court_WorldTruces$2.smali	0
/tmp/w3a/smali/aoc/kingdoms/lukasz/menusInGame/Court/World/InGame_Court_WorldTruces.smali	0
/tmp/w3a/smali/aoc/kingdoms/lukasz/menusInGame/Court/World/InGame_Court_WorldVassals$1.smali	0
/tmp/w3a/smali/aoc/kingdoms/lukasz/menusInGame/Court/World/InGame_Court_WorldVassals$2.smali	0
/tmp/w3a/smali/aoc/kingdoms/lukasz/menusInGame/Court/World/InGame_Court_WorldVassals.smali	0
/tmp/w3a/smali/aoc/kingdoms/lukasz/menusInGame/Court/World/InGame_Court_WorldWars$1.smali	0
/tmp/w3a/smali/aoc/kingdoms/lukasz/menusInGame/Court/World/InGame_Court_WorldWars$2.smali	0
/tmp/w3a/smali/aoc/kingdoms/lukasz/menusInGame/Court/World/InGame_Court_WorldWars$3.smali	0
/tmp/w3a/smali/aoc/kingdoms/lukasz/menusInGame/Court/World/InGame_Court_WorldWars$4.smali	0
/tmp/w3a/smali/aoc/kingdoms/lukasz/menusInGame/Court/World/InGame_Court_WorldWars$5.smali	0
/tmp/w3a/smali/aoc/kingdoms/lukasz/menusInGame/Court/World/InGame_Court_WorldWars.smali	0
/tmp/w3a/smali/aoc/kingdoms/lukasz/menusInGame/Diplomacy/InGame_Alliance$1.smali	0
/tmp/w3a/smali/aoc/kingdoms/lukasz/menusInGame/Diplomacy/InGame_Alliance$10.smali	0
/tmp/w3a/smali/aoc/kingdoms/lukasz/menusInGame/Diplomacy/InGame_Alliance$11.smali	0
/tmp/w3a/smali/aoc/kingdoms/lukasz/menusInGame/Diplomacy/InGame_Alliance$12.smali	0
/tmp/w3a/smali/aoc/kingdoms/lukasz/menusInGame/Diplomacy/InGame_Alliance$13.smali	0
/tmp/w3a/smali/aoc/kingdoms/lukasz/menusInGame/Diplomacy/InGame_Alliance$14.smali	0
/tmp/w3a/smali/aoc/kingdoms/lukasz/menusInGame/Diplomacy/InGame_Alliance$15.smali	0
/tmp/w3a/smali/aoc/kingdoms/lukasz/menusInGame/Diplomacy/InGame_Alliance$16.smali	0
/tmp/w3a/smali/aoc/kingdoms/lukasz/menusInGame/Diplomacy/InGame_Alliance$17.smali	0
/tmp/w3a/smali/aoc/kingdoms/lukasz/menusInGame/Diplomacy/InGame_Alliance$2.smali	0
/tmp/w3a/smali/aoc/kingdoms/lukasz/menusInGame/Diplomacy/InGame_Alliance$3.smali	0
/tmp/w3a/smali/aoc/kingdoms/lukasz/menusInGame/Diplomacy/InGame_Alliance$4.smali	0
/tmp/w3a/smali/aoc/kingdoms/lukasz/menusInGame/Diplomacy/InGame_Alliance$5.smali	0
/tmp/w3a/smali/aoc/kingdoms/lukasz/menusInGame/Diplomacy/InGame_Alliance$6.smali	0
/tmp/w3a/smali/aoc/kingdoms/lukasz/menusInGame/Diplomacy/InGame_Alliance$7.smali	0
/tmp/w3a/smali/aoc/kingdoms/lukasz/menusInGame/Diplomacy/InGame_Alliance$8.smali	0
/tmp/w3a/smali/aoc/kingdoms/lukasz/menusInGame/Diplomacy/InGame_Alliance$9.smali	0
/tmp/w3a/smali/aoc/kingdoms/lukasz/menusInGame/Diplomacy/InGame_Alliance.smali	0
/tmp/w3a/smali/aoc/kingdoms/lukasz/menusInGame/Diplomacy/InGame_AllianceList$1.smali	0
/tmp/w3a/smali/aoc/kingdoms/lukasz/menusInGame/Diplomacy/InGame_AllianceList$10.smali	0
/tmp/w3a/smali/aoc/kingdoms/lukasz/menusInGame/Diplomacy/InGame_AllianceList$11.smali	0
/tmp/w3a/smali/aoc/kingdoms/lukasz/menusInGame/Diplomacy/InGame_AllianceList$2.smali	0
/tmp/w3a/smali/aoc/kingdoms/lukasz/menusInGame/Diplomacy/InGame_AllianceList$3.smali	0
/tmp/w3a/smali/aoc/kingdoms/lukasz/menusInGame/Diplomacy/InGame_AllianceList$4.smali	0
/tmp/w3a/smali/aoc/kingdoms/lukasz/menusInGame/Diplomacy/InGame_AllianceList$5.smali	0
/tmp/w3a/smali/aoc/kingdoms/lukasz/menusInGame/Diplomacy/InGame_AllianceList$6.smali	0
/tmp/w3a/smali/aoc/kingdoms/lukasz/menusInGame/Diplomacy/InGame_AllianceList$7.smali	0
/tmp/w3a/smali/aoc/kingdoms/lukasz/menusInGame/Diplomacy/InGame_AllianceList$8.smali	0
/tmp/w3a/smali/aoc/kingdoms/lukasz/menusInGame/Diplomacy/InGame_AllianceList$9.smali	0
/tmp/w3a/smali/aoc/kingdoms/lukasz/menusInGame/Diplomacy/InGame_AllianceList.smali	0
/tmp/w3a/smali/aoc/kingdoms/lukasz/menusInGame/Diplomacy/InGame_CallAllies$1.smali	0
/tmp/w3a/smali/aoc/kingdoms/lukasz/menusInGame/Diplomacy/InGame_CallAllies$2.smali	0
/tmp/w3a/smali/aoc/kingdoms/lukasz/menusInGame/Diplomacy/InGame_CallAllies$3.smali	0
/tmp/w3a/smali/aoc/kingdoms/lukasz/menusInGame/Diplomacy/InGame_CallAllies$4.smali	0
/tmp/w3a/smali/aoc/kingdoms/lukasz/menusInGame/Diplomacy/InGame_CallAllies$5.smali	0
/tmp/w3a/smali/aoc/kingdoms/lukasz/menusInGame/Diplomacy/InGame_CallAllies$6.smali	0
/tmp/w3a/smali/aoc/kingdoms/lukasz/menusInGame/Diplomacy/InGame_CallAllies.smali	0
/tmp/w3a/smali/aoc/kingdoms/lukasz/menusInGame/Diplomacy/InGame_DeclareWar$1.smali	0
/tmp/w3a/smali/aoc/kingdoms/lukasz/menusInGame/Diplomacy/InGame_DeclareWar$10.smali	0
/tmp/w3a/smali/aoc/kingdoms/lukasz/menusInGame/Diplomacy/InGame_DeclareWar$11.smali	0
/tmp/w3a/smali/aoc/kingdoms/lukasz/menusInGame/Diplomacy/InGame_DeclareWar$12.smali	0
/tmp/w3a/smali/aoc/kingdoms/lukasz/menusInGame/Diplomacy/InGame_DeclareWar$13.smali	0
/tmp/w3a/smali/aoc/kingdoms/lukasz/menusInGame/Diplomacy/InGame_DeclareWar$14.smali	0
/tmp/w3a/smali/aoc/kingdoms/lukasz/menusInGame/Diplomacy/InGame_DeclareWar$15.smali	0
/tmp/w3a/smali/aoc/kingdoms/lukasz/menusInGame/Diplomacy/InGame_DeclareWar$16.smali	0
/tmp/w3a/smali/aoc/kingdoms/lukasz/menusInGame/Diplomacy/InGame_DeclareWar$17.smali	0
/tmp/w3a/smali/aoc/kingdoms/lukasz/menusInGame/Diplomacy/InGame_DeclareWar$18.smali	0
/tmp/w3a/smali/aoc/kingdoms/lukasz/menusInGame/Diplomacy/InGame_DeclareWar$19.smali	0
/tmp/w3a/smali/aoc/kingdoms/lukasz/menusInGame/Diplomacy/InGame_DeclareWar$2.smali	0
/tmp/w3a/smali/aoc/kingdoms/lukasz/menusInGame/Diplomacy/InGame_DeclareWar$3.smali	0
/tmp/w3a/smali/aoc/kingdoms/lukasz/menusInGame/Diplomacy/InGame_DeclareWar$4.smali	0
/tmp/w3a/smali/aoc/kingdoms/lukasz/menusInGame/Diplomacy/InGame_DeclareWar$5.smali	0
/tmp/w3a/smali/aoc/kingdoms/lukasz/menusInGame/Diplomacy/InGame_DeclareWar$6.smali	0
/tmp/w3a/smali/aoc/kingdoms/lukasz/menusInGame/Diplomacy/InGame_DeclareWar$7.smali	0
/tmp/w3a/smali/aoc/kingdoms/lukasz/menusInGame/Diplomacy/InGame_DeclareWar$8.smali	0
/tmp/w3a/smali/aoc/kingdoms/lukasz/menusInGame/Diplomacy/InGame_DeclareWar$9.smali	0
/tmp/w3a/smali/aoc/kingdoms/lukasz/menusInGame/Diplomacy/InGame_DeclareWar.smali	0
/tmp/w3a/smali/aoc/kingdoms/lukasz/menusInGame/Diplomacy/InGame_DefensivePact$1.smali	0
/tmp/w3a/smali/aoc/kingdoms/lukasz/menusInGame/Diplomacy/InGame_DefensivePact$10.smali	0
/tmp/w3a/smali/aoc/kingdoms/lukasz/menusInGame/Diplomacy/InGame_DefensivePact$11.smali	0
/tmp/w3a/smali/aoc/kingdoms/lukasz/menusInGame/Diplomacy/InGame_DefensivePact$12.smali	0
/tmp/w3a/smali/aoc/kingdoms/lukasz/menusInGame/Diplomacy/InGame_DefensivePact$13.smali	0
/tmp/w3a/smali/aoc/kingdoms/lukasz/menusInGame/Diplomacy/InGame_DefensivePact$14.smali	0
/tmp/w3a/smali/aoc/kingdoms/lukasz/menusInGame/Diplomacy/InGame_DefensivePact$15.smali	0
/tmp/w3a/smali/aoc/kingdoms/lukasz/menusInGame/Diplomacy/InGame_DefensivePact$2.smali	0
/tmp/w3a/smali/aoc/kingdoms/lukasz/menusInGame/Diplomacy/InGame_DefensivePact$3.smali	0
/tmp/w3a/smali/aoc/kingdoms/lukasz/menusInGame/Diplomacy/InGame_DefensivePact$4.smali	0
/tmp/w3a/smali/aoc/kingdoms/lukasz/menusInGame/Diplomacy/InGame_DefensivePact$5.smali	0
/tmp/w3a/smali/aoc/kingdoms/lukasz/menusInGame/Diplomacy/InGame_DefensivePact$6.smali	0
/tmp/w3a/smali/aoc/kingdoms/lukasz/menusInGame/Diplomacy/InGame_DefensivePact$7.smali	0
/tmp/w3a/smali/aoc/kingdoms/lukasz/menusInGame/Diplomacy/InGame_DefensivePact$8.smali	0
/tmp/w3a/smali/aoc/kingdoms/lukasz/menusInGame/Diplomacy/InGame_DefensivePact$9.smali	0
/tmp/w3a/smali/aoc/kingdoms/lukasz/menusInGame/Diplomacy/InGame_DefensivePact.smali	0
/tmp/w3a/smali/aoc/kingdoms/lukasz/menusInGame/Diplomacy/InGame_DemandMilitaryAccess$1.smali	0
/tmp/w3a/smali/aoc/kingdoms/lukasz/menusInGame/Diplomacy/InGame_DemandMilitaryAccess$10.smali	0
/tmp/w3a/smali/aoc/kingdoms/lukasz/menusInGame/Diplomacy/InGame_DemandMilitaryAccess$11.smali	0
/tmp/w3a/smali/aoc/kingdoms/lukasz/menusInGame/Diplomacy/InGame_DemandMilitaryAccess$12.smali	0
/tmp/w3a/smali/aoc/kingdoms/lukasz/menusInGame/Diplomacy/InGame_DemandMilitaryAccess$2.smali	0
/tmp/w3a/smali/aoc/kingdoms/lukasz/menusInGame/Diplomacy/InGame_DemandMilitaryAccess$3.smali	0
/tmp/w3a/smali/aoc/kingdoms/lukasz/menusInGame/Diplomacy/InGame_DemandMilitaryAccess$4.smali	0
/tmp/w3a/smali/aoc/kingdoms/lukasz/menusInGame/Diplomacy/InGame_DemandMilitaryAccess$5.smali	0
/tmp/w3a/smali/aoc/kingdoms/lukasz/menusInGame/Diplomacy/InGame_DemandMilitaryAccess$6.smali	0
/tmp/w3a/smali/aoc/kingdoms/lukasz/menusInGame/Diplomacy/InGame_DemandMilitaryAccess$7.smali	0
/tmp/w3a/smali/aoc/kingdoms/lukasz/menusInGame/Diplomacy/InGame_DemandMilitaryAccess$8.smali	0
/tmp/w3a/smali/aoc/kingdoms/lukasz/menusInGame/Diplomacy/InGame_DemandMilitaryAccess$9.smali	0
/tmp/w3a/smali/aoc/kingdoms/lukasz/menusInGame/Diplomacy/InGame_DemandMilitaryAccess.smali	0
/tmp/w3a/smali/aoc/kingdoms/lukasz/menusInGame/Diplomacy/InGame_FormCiv$1.smali	0
/tmp/w3a/smali/aoc/kingdoms/lukasz/menusInGame/Diplomacy/InGame_FormCiv$10.smali	0
/tmp/w3a/smali/aoc/kingdoms/lukasz/menusInGame/Diplomacy/InGame_FormCiv$2.smali	0
/tmp/w3a/smali/aoc/kingdoms/lukasz/menusInGame/Diplomacy/InGame_FormCiv$3.smali	0
/tmp/w3a/smali/aoc/kingdoms/lukasz/menusInGame/Diplomacy/InGame_FormCiv$4.smali	0
/tmp/w3a/smali/aoc/kingdoms/lukasz/menusInGame/Diplomacy/InGame_FormCiv$5.smali	0
/tmp/w3a/smali/aoc/kingdoms/lukasz/menusInGame/Diplomacy/InGame_FormCiv$6.smali	0
/tmp/w3a/smali/aoc/kingdoms/lukasz/menusInGame/Diplomacy/InGame_FormCiv$7.smali	0
/tmp/w3a/smali/aoc/kingdoms/lukasz/menusInGame/Diplomacy/InGame_FormCiv$8.smali	0
/tmp/w3a/smali/aoc/kingdoms/lukasz/menusInGame/Diplomacy/InGame_FormCiv$9.smali	0
/tmp/w3a/smali/aoc/kingdoms/lukasz/menusInGame/Diplomacy/InGame_FormCiv.smali	0
/tmp/w3a/smali/aoc/kingdoms/lukasz/menusInGame/Diplomacy/InGame_Guarantee$1.smali	0
/tmp/w3a/smali/aoc/kingdoms/lukasz/menusInGame/Diplomacy/InGame_Guarantee$10.smali	0
/tmp/w3a/smali/aoc/kingdoms/lukasz/menusInGame/Diplomacy/InGame_Guarantee$11.smali	0
/tmp/w3a/smali/aoc/kingdoms/lukasz/menusInGame/Diplomacy/InGame_Guarantee$12.smali	0
/tmp/w3a/smali/aoc/kingdoms/lukasz/menusInGame/Diplomacy/InGame_Guarantee$2.smali	0
/tmp/w3a/smali/aoc/kingdoms/lukasz/menusInGame/Diplomacy/InGame_Guarantee$3.smali	0
/tmp/w3a/smali/aoc/kingdoms/lukasz/menusInGame/Diplomacy/InGame_Guarantee$4.smali	0
/tmp/w3a/smali/aoc/kingdoms/lukasz/menusInGame/Diplomacy/InGame_Guarantee$5.smali	0
/tmp/w3a/smali/aoc/kingdoms/lukasz/menusInGame/Diplomacy/InGame_Guarantee$6.smali	0
/tmp/w3a/smali/aoc/kingdoms/lukasz/menusInGame/Diplomacy/InGame_Guarantee$7.smali	0
/tmp/w3a/smali/aoc/kingdoms/lukasz/menusInGame/Diplomacy/InGame_Guarantee$8.smali	0
/tmp/w3a/smali/aoc/kingdoms/lukasz/menusInGame/Diplomacy/InGame_Guarantee$9.smali	0
/tmp/w3a/smali/aoc/kingdoms/lukasz/menusInGame/Diplomacy/InGame_Guarantee.smali	0
/tmp/w3a/smali/aoc/kingdoms/lukasz/menusInGame/Diplomacy/InGame_Intervene$1.smali	0
/tmp/w3a/smali/aoc/kingdoms/lukasz/menusInGame/Diplomacy/InGame_Intervene$2.smali	0
/tmp/w3a/smali/aoc/kingdoms/lukasz/menusInGame/Diplomacy/InGame_Intervene$3.smali	0
/tmp/w3a/smali/aoc/kingdoms/lukasz/menusInGame/Diplomacy/InGame_Intervene$4.smali	0
/tmp/w3a/smali/aoc/kingdoms/lukasz/menusInGame/Diplomacy/InGame_Intervene$5.smali	0
/tmp/w3a/smali/aoc/kingdoms/lukasz/menusInGame/Diplomacy/InGame_Intervene$6.smali	0
/tmp/w3a/smali/aoc/kingdoms/lukasz/menusInGame/Diplomacy/InGame_Intervene$7.smali	0
/tmp/w3a/smali/aoc/kingdoms/lukasz/menusInGame/Diplomacy/InGame_Intervene$8.smali	0
/tmp/w3a/smali/aoc/kingdoms/lukasz/menusInGame/Diplomacy/InGame_Intervene$9.smali	0
/tmp/w3a/smali/aoc/kingdoms/lukasz/menusInGame/Diplomacy/InGame_Intervene.smali	0
/tmp/w3a/smali/aoc/kingdoms/lukasz/menusInGame/Diplomacy/InGame_LiberateCivilization$1.smali	0
/tmp/w3a/smali/aoc/kingdoms/lukasz/menusInGame/Diplomacy/InGame_LiberateCivilization$10.smali	0
/tmp/w3a/smali/aoc/kingdoms/lukasz/menusInGame/Diplomacy/InGame_LiberateCivilization$2.smali	0
/tmp/w3a/smali/aoc/kingdoms/lukasz/menusInGame/Diplomacy/InGame_LiberateCivilization$3.smali	0
/tmp/w3a/smali/aoc/kingdoms/lukasz/menusInGame/Diplomacy/InGame_LiberateCivilization$4.smali	0
/tmp/w3a/smali/aoc/kingdoms/lukasz/menusInGame/Diplomacy/InGame_LiberateCivilization$5.smali	0
/tmp/w3a/smali/aoc/kingdoms/lukasz/menusInGame/Diplomacy/InGame_LiberateCivilization$6.smali	0
/tmp/w3a/smali/aoc/kingdoms/lukasz/menusInGame/Diplomacy/InGame_LiberateCivilization$7.smali	0
/tmp/w3a/smali/aoc/kingdoms/lukasz/menusInGame/Diplomacy/InGame_LiberateCivilization$8.smali	0
/tmp/w3a/smali/aoc/kingdoms/lukasz/menusInGame/Diplomacy/InGame_LiberateCivilization$9.smali	0
/tmp/w3a/smali/aoc/kingdoms/lukasz/menusInGame/Diplomacy/InGame_LiberateCivilization.smali	0
/tmp/w3a/smali/aoc/kingdoms/lukasz/menusInGame/Diplomacy/InGame_NonAggression$1.smali	0
/tmp/w3a/smali/aoc/kingdoms/lukasz/menusInGame/Diplomacy/InGame_NonAggression$10.smali	0
/tmp/w3a/smali/aoc/kingdoms/lukasz/menusInGame/Diplomacy/InGame_NonAggression$11.smali	0
/tmp/w3a/smali/aoc/kingdoms/lukasz/menusInGame/Diplomacy/InGame_NonAggression$12.smali	0
/tmp/w3a/smali/aoc/kingdoms/lukasz/menusInGame/Diplomacy/InGame_NonAggression$13.smali	0
/tmp/w3a/smali/aoc/kingdoms/lukasz/menusInGame/Diplomacy/InGame_NonAggression$14.smali	0
/tmp/w3a/smali/aoc/kingdoms/lukasz/menusInGame/Diplomacy/InGame_NonAggression$15.smali	0
/tmp/w3a/smali/aoc/kingdoms/lukasz/menusInGame/Diplomacy/InGame_NonAggression$2.smali	0
/tmp/w3a/smali/aoc/kingdoms/lukasz/menusInGame/Diplomacy/InGame_NonAggression$3.smali	0
/tmp/w3a/smali/aoc/kingdoms/lukasz/menusInGame/Diplomacy/InGame_NonAggression$4.smali	0
/tmp/w3a/smali/aoc/kingdoms/lukasz/menusInGame/Diplomacy/InGame_NonAggression$5.smali	0
/tmp/w3a/smali/aoc/kingdoms/lukasz/menusInGame/Diplomacy/InGame_NonAggression$6.smali	0
/tmp/w3a/smali/aoc/kingdoms/lukasz/menusInGame/Diplomacy/InGame_NonAggression$7.smali	0
/tmp/w3a/smali/aoc/kingdoms/lukasz/menusInGame/Diplomacy/InGame_NonAggression$8.smali	0
/tmp/w3a/smali/aoc/kingdoms/lukasz/menusInGame/Diplomacy/InGame_NonAggression$9.smali	0
/tmp/w3a/smali/aoc/kingdoms/lukasz/menusInGame/Diplomacy/InGame_NonAggression.smali	0
/tmp/w3a/smali/aoc/kingdoms/lukasz/menusInGame/Diplomacy/InGame_OfferMilitaryAccess$1.smali	0
/tmp/w3a/smali/aoc/kingdoms/lukasz/menusInGame/Diplomacy/InGame_OfferMilitaryAccess$10.smali	0
/tmp/w3a/smali/aoc/kingdoms/lukasz/menusInGame/Diplomacy/InGame_OfferMilitaryAccess$11.smali	0
/tmp/w3a/smali/aoc/kingdoms/lukasz/menusInGame/Diplomacy/InGame_OfferMilitaryAccess$12.smali	0
/tmp/w3a/smali/aoc/kingdoms/lukasz/menusInGame/Diplomacy/InGame_OfferMilitaryAccess$2.smali	0
/tmp/w3a/smali/aoc/kingdoms/lukasz/menusInGame/Diplomacy/InGame_OfferMilitaryAccess$3.smali	0
/tmp/w3a/smali/aoc/kingdoms/lukasz/menusInGame/Diplomacy/InGame_OfferMilitaryAccess$4.smali	0
/tmp/w3a/smali/aoc/kingdoms/lukasz/menusInGame/Diplomacy/InGame_OfferMilitaryAccess$5.smali	0
/tmp/w3a/smali/aoc/kingdoms/lukasz/menusInGame/Diplomacy/InGame_OfferMilitaryAccess$6.smali	0
/tmp/w3a/smali/aoc/kingdoms/lukasz/menusInGame/Diplomacy/InGame_OfferMilitaryAccess$7.smali	0
/tmp/w3a/smali/aoc/kingdoms/lukasz/menusInGame/Diplomacy/InGame_OfferMilitaryAccess$8.smali	0
/tmp/w3a/smali/aoc/kingdoms/lukasz/menusInGame/Diplomacy/InGame_OfferMilitaryAccess$9.smali	0
/tmp/w3a/smali/aoc/kingdoms/lukasz/menusInGame/Diplomacy/InGame_OfferMilitaryAccess.smali	0
/tmp/w3a/smali/aoc/kingdoms/lukasz/menusInGame/Diplomacy/InGame_Rivals$1.smali	0
/tmp/w3a/smali/aoc/kingdoms/lukasz/menusInGame/Diplomacy/InGame_Rivals$2.smali	0
/tmp/w3a/smali/aoc/kingdoms/lukasz/menusInGame/Diplomacy/InGame_Rivals$3.smali	0
/tmp/w3a/smali/aoc/kingdoms/lukasz/menusInGame/Diplomacy/InGame_Rivals$4.smali	0
/tmp/w3a/smali/aoc/kingdoms/lukasz/menusInGame/Diplomacy/InGame_Rivals$5.smali	0
/tmp/w3a/smali/aoc/kingdoms/lukasz/menusInGame/Diplomacy/InGame_Rivals$6.smali	0
/tmp/w3a/smali/aoc/kingdoms/lukasz/menusInGame/Diplomacy/InGame_Rivals$7.smali	0
/tmp/w3a/smali/aoc/kingdoms/lukasz/menusInGame/Diplomacy/InGame_Rivals.smali	0
/tmp/w3a/smali/aoc/kingdoms/lukasz/menusInGame/Diplomacy/InGame_RivalsList$1.smali	0
/tmp/w3a/smali/aoc/kingdoms/lukasz/menusInGame/Diplomacy/InGame_RivalsList$2.smali	0
/tmp/w3a/smali/aoc/kingdoms/lukasz/menusInGame/Diplomacy/InGame_RivalsList$3.smali	0
/tmp/w3a/smali/aoc/kingdoms/lukasz/menusInGame/Diplomacy/InGame_RivalsList$4.smali	0
/tmp/w3a/smali/aoc/kingdoms/lukasz/menusInGame/Diplomacy/InGame_RivalsList$5.smali	0
/tmp/w3a/smali/aoc/kingdoms/lukasz/menusInGame/Diplomacy/InGame_RivalsList$6.smali	0
/tmp/w3a/smali/aoc/kingdoms/lukasz/menusInGame/Diplomacy/InGame_RivalsList$7.smali	0
/tmp/w3a/smali/aoc/kingdoms/lukasz/menusInGame/Diplomacy/InGame_RivalsList$8.smali	0
/tmp/w3a/smali/aoc/kingdoms/lukasz/menusInGame/Diplomacy/InGame_RivalsList$9.smali	0
/tmp/w3a/smali/aoc/kingdoms/lukasz/menusInGame/Diplomacy/InGame_RivalsList.smali	0
/tmp/w3a/smali/aoc/kingdoms/lukasz/menusInGame/Diplomacy/InGame_Rivals_End$1.smali	0
/tmp/w3a/smali/aoc/kingdoms/lukasz/menusInGame/Diplomacy/InGame_Rivals_End$2.smali	0
/tmp/w3a/smali/aoc/kingdoms/lukasz/menusInGame/Diplomacy/InGame_Rivals_End$3.smali	0
/tmp/w3a/smali/aoc/kingdoms/lukasz/menusInGame/Diplomacy/InGame_Rivals_End$4.smali	0
/tmp/w3a/smali/aoc/kingdoms/lukasz/menusInGame/Diplomacy/InGame_Rivals_End$5.smali	0
/tmp/w3a/smali/aoc/kingdoms/lukasz/menusInGame/Diplomacy/InGame_Rivals_End$6.smali	0
/tmp/w3a/smali/aoc/kingdoms/lukasz/menusInGame/Diplomacy/InGame_Rivals_End.smali	0
/tmp/w3a/smali/aoc/kingdoms/lukasz/menusInGame/Diplomacy/InGame_SellProvince$1.smali	0
/tmp/w3a/smali/aoc/kingdoms/lukasz/menusInGame/Diplomacy/InGame_SellProvince$2.smali	0
/tmp/w3a/smali/aoc/kingdoms/lukasz/menusInGame/Diplomacy/InGame_SellProvince$3.smali	0
/tmp/w3a/smali/aoc/kingdoms/lukasz/menusInGame/Diplomacy/InGame_SellProvince$4.smali	0
/tmp/w3a/smali/aoc/kingdoms/lukasz/menusInGame/Diplomacy/InGame_SellProvince$5.smali	0
/tmp/w3a/smali/aoc/kingdoms/lukasz/menusInGame/Diplomacy/InGame_SellProvince$6.smali	0
/tmp/w3a/smali/aoc/kingdoms/lukasz/menusInGame/Diplomacy/InGame_SellProvince$7.smali	0
/tmp/w3a/smali/aoc/kingdoms/lukasz/menusInGame/Diplomacy/InGame_SellProvince$8.smali	0
/tmp/w3a/smali/aoc/kingdoms/lukasz/menusInGame/Diplomacy/InGame_SellProvince.smali	0
/tmp/w3a/smali/aoc/kingdoms/lukasz/menusInGame/Diplomacy/InGame_SendGift$1.smali	0
/tmp/w3a/smali/aoc/kingdoms/lukasz/menusInGame/Diplomacy/InGame_SendGift$10.smali	0
/tmp/w3a/smali/aoc/kingdoms/lukasz/menusInGame/Diplomacy/InGame_SendGift$11.smali	0
/tmp/w3a/smali/aoc/kingdoms/lukasz/menusInGame/Diplomacy/InGame_SendGift$12.smali	0
/tmp/w3a/smali/aoc/kingdoms/lukasz/menusInGame/Diplomacy/InGame_SendGift$13.smali	0
/tmp/w3a/smali/aoc/kingdoms/lukasz/menusInGame/Diplomacy/InGame_SendGift$2.smali	0
/tmp/w3a/smali/aoc/kingdoms/lukasz/menusInGame/Diplomacy/InGame_SendGift$3.smali	0
/tmp/w3a/smali/aoc/kingdoms/lukasz/menusInGame/Diplomacy/InGame_SendGift$4.smali	0
/tmp/w3a/smali/aoc/kingdoms/lukasz/menusInGame/Diplomacy/InGame_SendGift$5.smali	0
/tmp/w3a/smali/aoc/kingdoms/lukasz/menusInGame/Diplomacy/InGame_SendGift$6.smali	0
/tmp/w3a/smali/aoc/kingdoms/lukasz/menusInGame/Diplomacy/InGame_SendGift$7.smali	0
/tmp/w3a/smali/aoc/kingdoms/lukasz/menusInGame/Diplomacy/InGame_SendGift$8.smali	0
/tmp/w3a/smali/aoc/kingdoms/lukasz/menusInGame/Diplomacy/InGame_SendGift$9.smali	0
/tmp/w3a/smali/aoc/kingdoms/lukasz/menusInGame/Diplomacy/InGame_SendGift.smali	0
/tmp/w3a/smali/aoc/kingdoms/lukasz/menusInGame/Diplomacy/InGame_SendInsult$1.smali	0
/tmp/w3a/smali/aoc/kingdoms/lukasz/menusInGame/Diplomacy/InGame_SendInsult$10.smali	0
/tmp/w3a/smali/aoc/kingdoms/lukasz/menusInGame/Diplomacy/InGame_SendInsult$11.smali	0
/tmp/w3a/smali/aoc/kingdoms/lukasz/menusInGame/Diplomacy/InGame_SendInsult$12.smali	0
/tmp/w3a/smali/aoc/kingdoms/lukasz/menusInGame/Diplomacy/InGame_SendInsult$13.smali	0
/tmp/w3a/smali/aoc/kingdoms/lukasz/menusInGame/Diplomacy/InGame_SendInsult$2.smali	0
/tmp/w3a/smali/aoc/kingdoms/lukasz/menusInGame/Diplomacy/InGame_SendInsult$3.smali	0
/tmp/w3a/smali/aoc/kingdoms/lukasz/menusInGame/Diplomacy/InGame_SendInsult$4.smali	0
/tmp/w3a/smali/aoc/kingdoms/lukasz/menusInGame/Diplomacy/InGame_SendInsult$5.smali	0
/tmp/w3a/smali/aoc/kingdoms/lukasz/menusInGame/Diplomacy/InGame_SendInsult$6.smali	0
/tmp/w3a/smali/aoc/kingdoms/lukasz/menusInGame/Diplomacy/InGame_SendInsult$7.smali	0
/tmp/w3a/smali/aoc/kingdoms/lukasz/menusInGame/Diplomacy/InGame_SendInsult$8.smali	0
/tmp/w3a/smali/aoc/kingdoms/lukasz/menusInGame/Diplomacy/InGame_SendInsult$9.smali	0
/tmp/w3a/smali/aoc/kingdoms/lukasz/menusInGame/Diplomacy/InGame_SendInsult.smali	0
/tmp/w3a/smali/aoc/kingdoms/lukasz/menusInGame/Diplomacy/InGame_SendSpy$1.smali	0
/tmp/w3a/smali/aoc/kingdoms/lukasz/menusInGame/Diplomacy/InGame_SendSpy$10.smali	0
/tmp/w3a/smali/aoc/kingdoms/lukasz/menusInGame/Diplomacy/InGame_SendSpy$2.smali	0
/tmp/w3a/smali/aoc/kingdoms/lukasz/menusInGame/Diplomacy/InGame_SendSpy$3.smali	0
/tmp/w3a/smali/aoc/kingdoms/lukasz/menusInGame/Diplomacy/InGame_SendSpy$4.smali	0
/tmp/w3a/smali/aoc/kingdoms/lukasz/menusInGame/Diplomacy/InGame_SendSpy$5.smali	0
/tmp/w3a/smali/aoc/kingdoms/lukasz/menusInGame/Diplomacy/InGame_SendSpy$6.smali	0
/tmp/w3a/smali/aoc/kingdoms/lukasz/menusInGame/Diplomacy/InGame_SendSpy$7.smali	0
/tmp/w3a/smali/aoc/kingdoms/lukasz/menusInGame/Diplomacy/InGame_SendSpy$8.smali	0
/tmp/w3a/smali/aoc/kingdoms/lukasz/menusInGame/Diplomacy/InGame_SendSpy$9.smali	0
/tmp/w3a/smali/aoc/kingdoms/lukasz/menusInGame/Diplomacy/InGame_SendSpy.smali	0
/tmp/w3a/smali/aoc/kingdoms/lukasz/menusInGame/Diplomacy/InGame_ShareTechnology$1.smali	0
/tmp/w3a/smali/aoc/kingdoms/lukasz/menusInGame/Diplomacy/InGame_ShareTechnology$2.smali	0
/tmp/w3a/smali/aoc/kingdoms/lukasz/menusInGame/Diplomacy/InGame_ShareTechnology$3.smali	0
/tmp/w3a/smali/aoc/kingdoms/lukasz/menusInGame/Diplomacy/InGame_ShareTechnology$4.smali	0
/tmp/w3a/smali/aoc/kingdoms/lukasz/menusInGame/Diplomacy/InGame_ShareTechnology$5.smali	0
/tmp/w3a/smali/aoc/kingdoms/lukasz/menusInGame/Diplomacy/InGame_ShareTechnology$6.smali	0
/tmp/w3a/smali/aoc/kingdoms/lukasz/menusInGame/Diplomacy/InGame_ShareTechnology$7.smali	0
/tmp/w3a/smali/aoc/kingdoms/lukasz/menusInGame/Diplomacy/InGame_ShareTechnology$8.smali	0
/tmp/w3a/smali/aoc/kingdoms/lukasz/menusInGame/Diplomacy/InGame_ShareTechnology$9.smali	0
/tmp/w3a/smali/aoc/kingdoms/lukasz/menusInGame/Diplomacy/InGame_ShareTechnology.smali	0
/tmp/w3a/smali/aoc/kingdoms/lukasz/menusInGame/DiplomacyMessage/InGame_MessageAlliance$1.smali	0
/tmp/w3a/smali/aoc/kingdoms/lukasz/menusInGame/DiplomacyMessage/InGame_MessageAlliance$10.smali	0
/tmp/w3a/smali/aoc/kingdoms/lukasz/menusInGame/DiplomacyMessage/InGame_MessageAlliance$2.smali	0
/tmp/w3a/smali/aoc/kingdoms/lukasz/menusInGame/DiplomacyMessage/InGame_MessageAlliance$3.smali	0
/tmp/w3a/smali/aoc/kingdoms/lukasz/menusInGame/DiplomacyMessage/InGame_MessageAlliance$4.smali	0
/tmp/w3a/smali/aoc/kingdoms/lukasz/menusInGame/DiplomacyMessage/InGame_MessageAlliance$5.smali	0
/tmp/w3a/smali/aoc/kingdoms/lukasz/menusInGame/DiplomacyMessage/InGame_MessageAlliance$6.smali	0
/tmp/w3a/smali/aoc/kingdoms/lukasz/menusInGame/DiplomacyMessage/InGame_MessageAlliance$7.smali	0
/tmp/w3a/smali/aoc/kingdoms/lukasz/menusInGame/DiplomacyMessage/InGame_MessageAlliance$8.smali	0
/tmp/w3a/smali/aoc/kingdoms/lukasz/menusInGame/DiplomacyMessage/InGame_MessageAlliance$9.smali	0
/tmp/w3a/smali/aoc/kingdoms/lukasz/menusInGame/DiplomacyMessage/InGame_MessageAlliance.smali	0
/tmp/w3a/smali/aoc/kingdoms/lukasz/menusInGame/DiplomacyMessage/InGame_MessageCallToWar$1.smali	0
/tmp/w3a/smali/aoc/kingdoms/lukasz/menusInGame/DiplomacyMessage/InGame_MessageCallToWar$10.smali	0
/tmp/w3a/smali/aoc/kingdoms/lukasz/menusInGame/DiplomacyMessage/InGame_MessageCallToWar$2.smali	0
/tmp/w3a/smali/aoc/kingdoms/lukasz/menusInGame/DiplomacyMessage/InGame_MessageCallToWar$3.smali	0
/tmp/w3a/smali/aoc/kingdoms/lukasz/menusInGame/DiplomacyMessage/InGame_MessageCallToWar$4.smali	0
/tmp/w3a/smali/aoc/kingdoms/lukasz/menusInGame/DiplomacyMessage/InGame_MessageCallToWar$5.smali	0
/tmp/w3a/smali/aoc/kingdoms/lukasz/menusInGame/DiplomacyMessage/InGame_MessageCallToWar$6.smali	0
/tmp/w3a/smali/aoc/kingdoms/lukasz/menusInGame/DiplomacyMessage/InGame_MessageCallToWar$7.smali	0
/tmp/w3a/smali/aoc/kingdoms/lukasz/menusInGame/DiplomacyMessage/InGame_MessageCallToWar$8.smali	0
/tmp/w3a/smali/aoc/kingdoms/lukasz/menusInGame/DiplomacyMessage/InGame_MessageCallToWar$9.smali	0
/tmp/w3a/smali/aoc/kingdoms/lukasz/menusInGame/DiplomacyMessage/InGame_MessageCallToWar.smali	0
/tmp/w3a/smali/aoc/kingdoms/lukasz/menusInGame/DiplomacyMessage/InGame_MessageDefensivePact$1.smali	0
/tmp/w3a/smali/aoc/kingdoms/lukasz/menusInGame/DiplomacyMessage/InGame_MessageDefensivePact$10.smali	0
/tmp/w3a/smali/aoc/kingdoms/lukasz/menusInGame/DiplomacyMessage/InGame_MessageDefensivePact$2.smali	0
/tmp/w3a/smali/aoc/kingdoms/lukasz/menusInGame/DiplomacyMessage/InGame_MessageDefensivePact$3.smali	0
/tmp/w3a/smali/aoc/kingdoms/lukasz/menusInGame/DiplomacyMessage/InGame_MessageDefensivePact$4.smali	0
/tmp/w3a/smali/aoc/kingdoms/lukasz/menusInGame/DiplomacyMessage/InGame_MessageDefensivePact$5.smali	0
/tmp/w3a/smali/aoc/kingdoms/lukasz/menusInGame/DiplomacyMessage/InGame_MessageDefensivePact$6.smali	0
/tmp/w3a/smali/aoc/kingdoms/lukasz/menusInGame/DiplomacyMessage/InGame_MessageDefensivePact$7.smali	0
/tmp/w3a/smali/aoc/kingdoms/lukasz/menusInGame/DiplomacyMessage/InGame_MessageDefensivePact$8.smali	0
/tmp/w3a/smali/aoc/kingdoms/lukasz/menusInGame/DiplomacyMessage/InGame_MessageDefensivePact$9.smali	0
/tmp/w3a/smali/aoc/kingdoms/lukasz/menusInGame/DiplomacyMessage/InGame_MessageDefensivePact.smali	0
/tmp/w3a/smali/aoc/kingdoms/lukasz/menusInGame/DiplomacyMessage/InGame_MessageDemandsMilitaryAccess$1.smali	0
/tmp/w3a/smali/aoc/kingdoms/lukasz/menusInGame/DiplomacyMessage/InGame_MessageDemandsMilitaryAccess$10.smali	0
/tmp/w3a/smali/aoc/kingdoms/lukasz/menusInGame/DiplomacyMessage/InGame_MessageDemandsMilitaryAccess$2.smali	0
/tmp/w3a/smali/aoc/kingdoms/lukasz/menusInGame/DiplomacyMessage/InGame_MessageDemandsMilitaryAccess$3.smali	0
/tmp/w3a/smali/aoc/kingdoms/lukasz/menusInGame/DiplomacyMessage/InGame_MessageDemandsMilitaryAccess$4.smali	0
/tmp/w3a/smali/aoc/kingdoms/lukasz/menusInGame/DiplomacyMessage/InGame_MessageDemandsMilitaryAccess$5.smali	0
/tmp/w3a/smali/aoc/kingdoms/lukasz/menusInGame/DiplomacyMessage/InGame_MessageDemandsMilitaryAccess$6.smali	0
/tmp/w3a/smali/aoc/kingdoms/lukasz/menusInGame/DiplomacyMessage/InGame_MessageDemandsMilitaryAccess$7.smali	0
/tmp/w3a/smali/aoc/kingdoms/lukasz/menusInGame/DiplomacyMessage/InGame_MessageDemandsMilitaryAccess$8.smali	0
/tmp/w3a/smali/aoc/kingdoms/lukasz/menusInGame/DiplomacyMessage/InGame_MessageDemandsMilitaryAccess$9.smali	0
/tmp/w3a/smali/aoc/kingdoms/lukasz/menusInGame/DiplomacyMessage/InGame_MessageDemandsMilitaryAccess.smali	0
/tmp/w3a/smali/aoc/kingdoms/lukasz/menusInGame/DiplomacyMessage/InGame_MessageGift$1.smali	0
/tmp/w3a/smali/aoc/kingdoms/lukasz/menusInGame/DiplomacyMessage/InGame_MessageGift$10.smali	0
/tmp/w3a/smali/aoc/kingdoms/lukasz/menusInGame/DiplomacyMessage/InGame_MessageGift$2.smali	0
/tmp/w3a/smali/aoc/kingdoms/lukasz/menusInGame/DiplomacyMessage/InGame_MessageGift$3.smali	0
/tmp/w3a/smali/aoc/kingdoms/lukasz/menusInGame/DiplomacyMessage/InGame_MessageGift$4.smali	0
/tmp/w3a/smali/aoc/kingdoms/lukasz/menusInGame/DiplomacyMessage/InGame_MessageGift$5.smali	0
/tmp/w3a/smali/aoc/kingdoms/lukasz/menusInGame/DiplomacyMessage/InGame_MessageGift$6.smali	0
/tmp/w3a/smali/aoc/kingdoms/lukasz/menusInGame/DiplomacyMessage/InGame_MessageGift$7.smali	0
/tmp/w3a/smali/aoc/kingdoms/lukasz/menusInGame/DiplomacyMessage/InGame_MessageGift$8.smali	0
/tmp/w3a/smali/aoc/kingdoms/lukasz/menusInGame/DiplomacyMessage/InGame_MessageGift$9.smali	0
/tmp/w3a/smali/aoc/kingdoms/lukasz/menusInGame/DiplomacyMessage/InGame_MessageGift.smali	0
/tmp/w3a/smali/aoc/kingdoms/lukasz/menusInGame/DiplomacyMessage/InGame_MessageGuarantee$1.smali	0
/tmp/w3a/smali/aoc/kingdoms/lukasz/menusInGame/DiplomacyMessage/InGame_MessageGuarantee$10.smali	0
/tmp/w3a/smali/aoc/kingdoms/lukasz/menusInGame/DiplomacyMessage/InGame_MessageGuarantee$2.smali	0
/tmp/w3a/smali/aoc/kingdoms/lukasz/menusInGame/DiplomacyMessage/InGame_MessageGuarantee$3.smali	0
/tmp/w3a/smali/aoc/kingdoms/lukasz/menusInGame/DiplomacyMessage/InGame_MessageGuarantee$4.smali	0
/tmp/w3a/smali/aoc/kingdoms/lukasz/menusInGame/DiplomacyMessage/InGame_MessageGuarantee$5.smali	0
/tmp/w3a/smali/aoc/kingdoms/lukasz/menusInGame/DiplomacyMessage/InGame_MessageGuarantee$6.smali	0
/tmp/w3a/smali/aoc/kingdoms/lukasz/menusInGame/DiplomacyMessage/InGame_MessageGuarantee$7.smali	0
/tmp/w3a/smali/aoc/kingdoms/lukasz/menusInGame/DiplomacyMessage/InGame_MessageGuarantee$8.smali	0
/tmp/w3a/smali/aoc/kingdoms/lukasz/menusInGame/DiplomacyMessage/InGame_MessageGuarantee$9.smali	0
/tmp/w3a/smali/aoc/kingdoms/lukasz/menusInGame/DiplomacyMessage/InGame_MessageGuarantee.smali	0
/tmp/w3a/smali/aoc/kingdoms/lukasz/menusInGame/DiplomacyMessage/InGame_MessageInsult$1.smali	0
/tmp/w3a/smali/aoc/kingdoms/lukasz/menusInGame/DiplomacyMessage/InGame_MessageInsult$10.smali	0
/tmp/w3a/smali/aoc/kingdoms/lukasz/menusInGame/DiplomacyMessage/InGame_MessageInsult$11.smali	0
/tmp/w3a/smali/aoc/kingdoms/lukasz/menusInGame/DiplomacyMessage/InGame_MessageInsult$2.smali	0
/tmp/w3a/smali/aoc/kingdoms/lukasz/menusInGame/DiplomacyMessage/InGame_MessageInsult$3.smali	0
/tmp/w3a/smali/aoc/kingdoms/lukasz/menusInGame/DiplomacyMessage/InGame_MessageInsult$4.smali	0
/tmp/w3a/smali/aoc/kingdoms/lukasz/menusInGame/DiplomacyMessage/InGame_MessageInsult$5.smali	0
/tmp/w3a/smali/aoc/kingdoms/lukasz/menusInGame/DiplomacyMessage/InGame_MessageInsult$6.smali	0
/tmp/w3a/smali/aoc/kingdoms/lukasz/menusInGame/DiplomacyMessage/InGame_MessageInsult$7.smali	0
/tmp/w3a/smali/aoc/kingdoms/lukasz/menusInGame/DiplomacyMessage/InGame_MessageInsult$8.smali	0
/tmp/w3a/smali/aoc/kingdoms/lukasz/menusInGame/DiplomacyMessage/InGame_MessageInsult$9.smali	0
/tmp/w3a/smali/aoc/kingdoms/lukasz/menusInGame/DiplomacyMessage/InGame_MessageInsult.smali	0
/tmp/w3a/smali/aoc/kingdoms/lukasz/menusInGame/DiplomacyMessage/InGame_MessageNonAggressionPact$1.smali	0
/tmp/w3a/smali/aoc/kingdoms/lukasz/menusInGame/DiplomacyMessage/InGame_MessageNonAggressionPact$10.smali	0
/tmp/w3a/smali/aoc/kingdoms/lukasz/menusInGame/DiplomacyMessage/InGame_MessageNonAggressionPact$2.smali	0
/tmp/w3a/smali/aoc/kingdoms/lukasz/menusInGame/DiplomacyMessage/InGame_MessageNonAggressionPact$3.smali	0
/tmp/w3a/smali/aoc/kingdoms/lukasz/menusInGame/DiplomacyMessage/InGame_MessageNonAggressionPact$4.smali	0
/tmp/w3a/smali/aoc/kingdoms/lukasz/menusInGame/DiplomacyMessage/InGame_MessageNonAggressionPact$5.smali	0
/tmp/w3a/smali/aoc/kingdoms/lukasz/menusInGame/DiplomacyMessage/InGame_MessageNonAggressionPact$6.smali	0
/tmp/w3a/smali/aoc/kingdoms/lukasz/menusInGame/DiplomacyMessage/InGame_MessageNonAggressionPact$7.smali	0
/tmp/w3a/smali/aoc/kingdoms/lukasz/menusInGame/DiplomacyMessage/InGame_MessageNonAggressionPact$8.smali	0
/tmp/w3a/smali/aoc/kingdoms/lukasz/menusInGame/DiplomacyMessage/InGame_MessageNonAggressionPact$9.smali	0
/tmp/w3a/smali/aoc/kingdoms/lukasz/menusInGame/DiplomacyMessage/InGame_MessageNonAggressionPact.smali	0
/tmp/w3a/smali/aoc/kingdoms/lukasz/menusInGame/DrawOver/InGameDrawOver.smali	0
/tmp/w3a/smali/aoc/kingdoms/lukasz/menusInGame/DrawOver/InGameDrawOver_InvasionArmy.smali	0
/tmp/w3a/smali/aoc/kingdoms/lukasz/menusInGame/DrawOver/InGameDrawOver_RecruitArmy.smali	0
/tmp/w3a/smali/aoc/kingdoms/lukasz/menusInGame/DrawOver/InGameDrawOver_RegroupArmy.smali	0
/tmp/w3a/smali/aoc/kingdoms/lukasz/menusInGame/Goods/InGame_Goods$1.smali	0
/tmp/w3a/smali/aoc/kingdoms/lukasz/menusInGame/Goods/InGame_Goods$2.smali	0
/tmp/w3a/smali/aoc/kingdoms/lukasz/menusInGame/Goods/InGame_Goods$3.smali	0
/tmp/w3a/smali/aoc/kingdoms/lukasz/menusInGame/Goods/InGame_Goods$4.smali	0
/tmp/w3a/smali/aoc/kingdoms/lukasz/menusInGame/Goods/InGame_Goods$5.smali	0
/tmp/w3a/smali/aoc/kingdoms/lukasz/menusInGame/Goods/InGame_Goods$6.smali	0
/tmp/w3a/smali/aoc/kingdoms/lukasz/menusInGame/Goods/InGame_Goods$7.smali	0
/tmp/w3a/smali/aoc/kingdoms/lukasz/menusInGame/Goods/InGame_Goods$8.smali	0
/tmp/w3a/smali/aoc/kingdoms/lukasz/menusInGame/Goods/InGame_Goods$BonusText.smali	0
/tmp/w3a/smali/aoc/kingdoms/lukasz/menusInGame/Goods/InGame_Goods.smali	0
/tmp/w3a/smali/aoc/kingdoms/lukasz/menusInGame/Goods/InGame_GoodsEmpty$1.smali	0
/tmp/w3a/smali/aoc/kingdoms/lukasz/menusInGame/Goods/InGame_GoodsEmpty.smali	0
/tmp/w3a/smali/aoc/kingdoms/lukasz/menusInGame/Goods/InGame_GoodsMarket$1.smali	0
/tmp/w3a/smali/aoc/kingdoms/lukasz/menusInGame/Goods/InGame_GoodsMarket$10.smali	0
/tmp/w3a/smali/aoc/kingdoms/lukasz/menusInGame/Goods/InGame_GoodsMarket$11.smali	0
/tmp/w3a/smali/aoc/kingdoms/lukasz/menusInGame/Goods/InGame_GoodsMarket$12.smali	0
/tmp/w3a/smali/aoc/kingdoms/lukasz/menusInGame/Goods/InGame_GoodsMarket$13.smali	0
/tmp/w3a/smali/aoc/kingdoms/lukasz/menusInGame/Goods/InGame_GoodsMarket$14.smali	0
/tmp/w3a/smali/aoc/kingdoms/lukasz/menusInGame/Goods/InGame_GoodsMarket$15.smali	0
/tmp/w3a/smali/aoc/kingdoms/lukasz/menusInGame/Goods/InGame_GoodsMarket$16.smali	0
/tmp/w3a/smali/aoc/kingdoms/lukasz/menusInGame/Goods/InGame_GoodsMarket$17.smali	0
/tmp/w3a/smali/aoc/kingdoms/lukasz/menusInGame/Goods/InGame_GoodsMarket$2.smali	0
/tmp/w3a/smali/aoc/kingdoms/lukasz/menusInGame/Goods/InGame_GoodsMarket$3.smali	0
/tmp/w3a/smali/aoc/kingdoms/lukasz/menusInGame/Goods/InGame_GoodsMarket$4.smali	0
/tmp/w3a/smali/aoc/kingdoms/lukasz/menusInGame/Goods/InGame_GoodsMarket$5.smali	0
/tmp/w3a/smali/aoc/kingdoms/lukasz/menusInGame/Goods/InGame_GoodsMarket$6.smali	0
/tmp/w3a/smali/aoc/kingdoms/lukasz/menusInGame/Goods/InGame_GoodsMarket$7.smali	0
/tmp/w3a/smali/aoc/kingdoms/lukasz/menusInGame/Goods/InGame_GoodsMarket$8.smali	0
/tmp/w3a/smali/aoc/kingdoms/lukasz/menusInGame/Goods/InGame_GoodsMarket$9.smali	0
/tmp/w3a/smali/aoc/kingdoms/lukasz/menusInGame/Goods/InGame_GoodsMarket.smali	0
/tmp/w3a/smali/aoc/kingdoms/lukasz/menusInGame/Goods/InGame_GoodsMarket_Resource$1.smali	0
/tmp/w3a/smali/aoc/kingdoms/lukasz/menusInGame/Goods/InGame_GoodsMarket_Resource$10.smali	0
/tmp/w3a/smali/aoc/kingdoms/lukasz/menusInGame/Goods/InGame_GoodsMarket_Resource$2.smali	0
/tmp/w3a/smali/aoc/kingdoms/lukasz/menusInGame/Goods/InGame_GoodsMarket_Resource$3.smali	0
/tmp/w3a/smali/aoc/kingdoms/lukasz/menusInGame/Goods/InGame_GoodsMarket_Resource$4.smali	0
/tmp/w3a/smali/aoc/kingdoms/lukasz/menusInGame/Goods/InGame_GoodsMarket_Resource$5.smali	0
/tmp/w3a/smali/aoc/kingdoms/lukasz/menusInGame/Goods/InGame_GoodsMarket_Resource$6.smali	0
/tmp/w3a/smali/aoc/kingdoms/lukasz/menusInGame/Goods/InGame_GoodsMarket_Resource$7.smali	0
/tmp/w3a/smali/aoc/kingdoms/lukasz/menusInGame/Goods/InGame_GoodsMarket_Resource$8.smali	0
/tmp/w3a/smali/aoc/kingdoms/lukasz/menusInGame/Goods/InGame_GoodsMarket_Resource$9.smali	0
/tmp/w3a/smali/aoc/kingdoms/lukasz/menusInGame/Goods/InGame_GoodsMarket_Resource.smali	0
/tmp/w3a/smali/aoc/kingdoms/lukasz/menusInGame/Goods/InGame_Goods_LargestProducers$1.smali	0
/tmp/w3a/smali/aoc/kingdoms/lukasz/menusInGame/Goods/InGame_Goods_LargestProducers$10.smali	0
/tmp/w3a/smali/aoc/kingdoms/lukasz/menusInGame/Goods/InGame_Goods_LargestProducers$11.smali	0
/tmp/w3a/smali/aoc/kingdoms/lukasz/menusInGame/Goods/InGame_Goods_LargestProducers$12.smali	0
/tmp/w3a/smali/aoc/kingdoms/lukasz/menusInGame/Goods/InGame_Goods_LargestProducers$13.smali	0
/tmp/w3a/smali/aoc/kingdoms/lukasz/menusInGame/Goods/InGame_Goods_LargestProducers$14.smali	0
/tmp/w3a/smali/aoc/kingdoms/lukasz/menusInGame/Goods/InGame_Goods_LargestProducers$2.smali	0
/tmp/w3a/smali/aoc/kingdoms/lukasz/menusInGame/Goods/InGame_Goods_LargestProducers$3.smali	0
/tmp/w3a/smali/aoc/kingdoms/lukasz/menusInGame/Goods/InGame_Goods_LargestProducers$4.smali	0
/tmp/w3a/smali/aoc/kingdoms/lukasz/menusInGame/Goods/InGame_Goods_LargestProducers$5.smali	0
/tmp/w3a/smali/aoc/kingdoms/lukasz/menusInGame/Goods/InGame_Goods_LargestProducers$6.smali	0
/tmp/w3a/smali/aoc/kingdoms/lukasz/menusInGame/Goods/InGame_Goods_LargestProducers$7.smali	0
/tmp/w3a/smali/aoc/kingdoms/lukasz/menusInGame/Goods/InGame_Goods_LargestProducers$8.smali	0
/tmp/w3a/smali/aoc/kingdoms/lukasz/menusInGame/Goods/InGame_Goods_LargestProducers$9.smali	0
/tmp/w3a/smali/aoc/kingdoms/lukasz/menusInGame/Goods/InGame_Goods_LargestProducers.smali	0
/tmp/w3a/smali/aoc/kingdoms/lukasz/menusInGame/Goods/InGame_Goods_Provinces$1.smali	0
/tmp/w3a/smali/aoc/kingdoms/lukasz/menusInGame/Goods/InGame_Goods_Provinces$10.smali	0
/tmp/w3a/smali/aoc/kingdoms/lukasz/menusInGame/Goods/InGame_Goods_Provinces$11.smali	0
/tmp/w3a/smali/aoc/kingdoms/lukasz/menusInGame/Goods/InGame_Goods_Provinces$2.smali	0
/tmp/w3a/smali/aoc/kingdoms/lukasz/menusInGame/Goods/InGame_Goods_Provinces$3.smali	0
/tmp/w3a/smali/aoc/kingdoms/lukasz/menusInGame/Goods/InGame_Goods_Provinces$4.smali	0
/tmp/w3a/smali/aoc/kingdoms/lukasz/menusInGame/Goods/InGame_Goods_Provinces$5.smali	0
/tmp/w3a/smali/aoc/kingdoms/lukasz/menusInGame/Goods/InGame_Goods_Provinces$6.smali	0
/tmp/w3a/smali/aoc/kingdoms/lukasz/menusInGame/Goods/InGame_Goods_Provinces$7.smali	0
/tmp/w3a/smali/aoc/kingdoms/lukasz/menusInGame/Goods/InGame_Goods_Provinces$8.smali	0
/tmp/w3a/smali/aoc/kingdoms/lukasz/menusInGame/Goods/InGame_Goods_Provinces$9.smali	0
/tmp/w3a/smali/aoc/kingdoms/lukasz/menusInGame/Goods/InGame_Goods_Provinces.smali	0
/tmp/w3a/smali/aoc/kingdoms/lukasz/menusInGame/Graph/InGame_GraphPopulation$1.smali	0
/tmp/w3a/smali/aoc/kingdoms/lukasz/menusInGame/Graph/InGame_GraphPopulation$10.smali	0
/tmp/w3a/smali/aoc/kingdoms/lukasz/menusInGame/Graph/InGame_GraphPopulation$11.smali	0
/tmp/w3a/smali/aoc/kingdoms/lukasz/menusInGame/Graph/InGame_GraphPopulation$12.smali	0
/tmp/w3a/smali/aoc/kingdoms/lukasz/menusInGame/Graph/InGame_GraphPopulation$13.smali	0
/tmp/w3a/smali/aoc/kingdoms/lukasz/menusInGame/Graph/InGame_GraphPopulation$14.smali	0
/tmp/w3a/smali/aoc/kingdoms/lukasz/menusInGame/Graph/InGame_GraphPopulation$15.smali	0
/tmp/w3a/smali/aoc/kingdoms/lukasz/menusInGame/Graph/InGame_GraphPopulation$2.smali	0
/tmp/w3a/smali/aoc/kingdoms/lukasz/menusInGame/Graph/InGame_GraphPopulation$3.smali	0
/tmp/w3a/smali/aoc/kingdoms/lukasz/menusInGame/Graph/InGame_GraphPopulation$4.smali	0
/tmp/w3a/smali/aoc/kingdoms/lukasz/menusInGame/Graph/InGame_GraphPopulation$5.smali	0
/tmp/w3a/smali/aoc/kingdoms/lukasz/menusInGame/Graph/InGame_GraphPopulation$6.smali	0
/tmp/w3a/smali/aoc/kingdoms/lukasz/menusInGame/Graph/InGame_GraphPopulation$7.smali	0
/tmp/w3a/smali/aoc/kingdoms/lukasz/menusInGame/Graph/InGame_GraphPopulation$8.smali	0
/tmp/w3a/smali/aoc/kingdoms/lukasz/menusInGame/Graph/InGame_GraphPopulation$9.smali	0
/tmp/w3a/smali/aoc/kingdoms/lukasz/menusInGame/Graph/InGame_GraphPopulation.smali	0
/tmp/w3a/smali/aoc/kingdoms/lukasz/menusInGame/InGame$1.smali	0
/tmp/w3a/smali/aoc/kingdoms/lukasz/menusInGame/InGame$10.smali	0
/tmp/w3a/smali/aoc/kingdoms/lukasz/menusInGame/InGame$11.smali	0
/tmp/w3a/smali/aoc/kingdoms/lukasz/menusInGame/InGame$12.smali	0
/tmp/w3a/smali/aoc/kingdoms/lukasz/menusInGame/InGame$13.smali	0
/tmp/w3a/smali/aoc/kingdoms/lukasz/menusInGame/InGame$14.smali	0
/tmp/w3a/smali/aoc/kingdoms/lukasz/menusInGame/InGame$15.smali	0
/tmp/w3a/smali/aoc/kingdoms/lukasz/menusInGame/InGame$16.smali	0
/tmp/w3a/smali/aoc/kingdoms/lukasz/menusInGame/InGame$2.smali	0
/tmp/w3a/smali/aoc/kingdoms/lukasz/menusInGame/InGame$3.smali	0
/tmp/w3a/smali/aoc/kingdoms/lukasz/menusInGame/InGame$4.smali	0
/tmp/w3a/smali/aoc/kingdoms/lukasz/menusInGame/InGame$5.smali	0
/tmp/w3a/smali/aoc/kingdoms/lukasz/menusInGame/InGame$6.smali	0
/tmp/w3a/smali/aoc/kingdoms/lukasz/menusInGame/InGame$7.smali	0
/tmp/w3a/smali/aoc/kingdoms/lukasz/menusInGame/InGame$8.smali	0
/tmp/w3a/smali/aoc/kingdoms/lukasz/menusInGame/InGame$9.smali	0
/tmp/w3a/smali/aoc/kingdoms/lukasz/menusInGame/InGame.smali	0
/tmp/w3a/smali/aoc/kingdoms/lukasz/menusInGame/InGame_AdvisorRecruit$1.smali	0
/tmp/w3a/smali/aoc/kingdoms/lukasz/menusInGame/InGame_AdvisorRecruit$2.smali	0
/tmp/w3a/smali/aoc/kingdoms/lukasz/menusInGame/InGame_AdvisorRecruit$3.smali	0
/tmp/w3a/smali/aoc/kingdoms/lukasz/menusInGame/InGame_AdvisorRecruit$4.smali	0
/tmp/w3a/smali/aoc/kingdoms/lukasz/menusInGame/InGame_AdvisorRecruit.smali	0
/tmp/w3a/smali/aoc/kingdoms/lukasz/menusInGame/InGame_Armies$1.smali	0
/tmp/w3a/smali/aoc/kingdoms/lukasz/menusInGame/InGame_Armies$10.smali	0
/tmp/w3a/smali/aoc/kingdoms/lukasz/menusInGame/InGame_Armies$11.smali	0
/tmp/w3a/smali/aoc/kingdoms/lukasz/menusInGame/InGame_Armies$12.smali	0
/tmp/w3a/smali/aoc/kingdoms/lukasz/menusInGame/InGame_Armies$13.smali	0
/tmp/w3a/smali/aoc/kingdoms/lukasz/menusInGame/InGame_Armies$2.smali	0
/tmp/w3a/smali/aoc/kingdoms/lukasz/menusInGame/InGame_Armies$3.smali	0
/tmp/w3a/smali/aoc/kingdoms/lukasz/menusInGame/InGame_Armies$4.smali	0
/tmp/w3a/smali/aoc/kingdoms/lukasz/menusInGame/InGame_Armies$5.smali	0
/tmp/w3a/smali/aoc/kingdoms/lukasz/menusInGame/InGame_Armies$6.smali	0
/tmp/w3a/smali/aoc/kingdoms/lukasz/menusInGame/InGame_Armies$7.smali	0
/tmp/w3a/smali/aoc/kingdoms/lukasz/menusInGame/InGame_Armies$8.smali	0
/tmp/w3a/smali/aoc/kingdoms/lukasz/menusInGame/InGame_Armies$9.smali	0
/tmp/w3a/smali/aoc/kingdoms/lukasz/menusInGame/InGame_Armies$SortedArmies.smali	0
/tmp/w3a/smali/aoc/kingdoms/lukasz/menusInGame/InGame_Armies.smali	0
/tmp/w3a/smali/aoc/kingdoms/lukasz/menusInGame/InGame_ArmyCustomize$1.smali	0
/tmp/w3a/smali/aoc/kingdoms/lukasz/menusInGame/InGame_ArmyCustomize$2.smali	0
/tmp/w3a/smali/aoc/kingdoms/lukasz/menusInGame/InGame_ArmyCustomize.smali	0
/tmp/w3a/smali/aoc/kingdoms/lukasz/menusInGame/InGame_Audio$1.smali	0
/tmp/w3a/smali/aoc/kingdoms/lukasz/menusInGame/InGame_Audio$2.smali	0
/tmp/w3a/smali/aoc/kingdoms/lukasz/menusInGame/InGame_Audio$3.smali	0
/tmp/w3a/smali/aoc/kingdoms/lukasz/menusInGame/InGame_Audio$4.smali	0
/tmp/w3a/smali/aoc/kingdoms/lukasz/menusInGame/InGame_Audio$5.smali	0
/tmp/w3a/smali/aoc/kingdoms/lukasz/menusInGame/InGame_Audio$6.smali	0
/tmp/w3a/smali/aoc/kingdoms/lukasz/menusInGame/InGame_Audio$7.smali	0
/tmp/w3a/smali/aoc/kingdoms/lukasz/menusInGame/InGame_Audio.smali	0
/tmp/w3a/smali/aoc/kingdoms/lukasz/menusInGame/InGame_BattleTactics$1.smali	0
/tmp/w3a/smali/aoc/kingdoms/lukasz/menusInGame/InGame_BattleTactics$2.smali	0
/tmp/w3a/smali/aoc/kingdoms/lukasz/menusInGame/InGame_BattleTactics$3.smali	0
/tmp/w3a/smali/aoc/kingdoms/lukasz/menusInGame/InGame_BattleTactics$4.smali	0
/tmp/w3a/smali/aoc/kingdoms/lukasz/menusInGame/InGame_BattleTactics.smali	0
/tmp/w3a/smali/aoc/kingdoms/lukasz/menusInGame/InGame_CivBonuses$1.smali	0
/tmp/w3a/smali/aoc/kingdoms/lukasz/menusInGame/InGame_CivBonuses$2.smali	0
/tmp/w3a/smali/aoc/kingdoms/lukasz/menusInGame/InGame_CivBonuses$3.smali	0
/tmp/w3a/smali/aoc/kingdoms/lukasz/menusInGame/InGame_CivBonuses$4.smali	0
/tmp/w3a/smali/aoc/kingdoms/lukasz/menusInGame/InGame_CivBonuses.smali	0
/tmp/w3a/smali/aoc/kingdoms/lukasz/menusInGame/InGame_CivilizationAdvantages$1.smali	0
/tmp/w3a/smali/aoc/kingdoms/lukasz/menusInGame/InGame_CivilizationAdvantages$10.smali	0
/tmp/w3a/smali/aoc/kingdoms/lukasz/menusInGame/InGame_CivilizationAdvantages$11.smali	0
/tmp/w3a/smali/aoc/kingdoms/lukasz/menusInGame/InGame_CivilizationAdvantages$12.smali	0
/tmp/w3a/smali/aoc/kingdoms/lukasz/menusInGame/InGame_CivilizationAdvantages$13.smali	0
/tmp/w3a/smali/aoc/kingdoms/lukasz/menusInGame/InGame_CivilizationAdvantages$14.smali	0
/tmp/w3a/smali/aoc/kingdoms/lukasz/menusInGame/InGame_CivilizationAdvantages$15.smali	0
/tmp/w3a/smali/aoc/kingdoms/lukasz/menusInGame/InGame_CivilizationAdvantages$16.smali	0
/tmp/w3a/smali/aoc/kingdoms/lukasz/menusInGame/InGame_CivilizationAdvantages$17.smali	0
/tmp/w3a/smali/aoc/kingdoms/lukasz/menusInGame/InGame_CivilizationAdvantages$18.smali	0
/tmp/w3a/smali/aoc/kingdoms/lukasz/menusInGame/InGame_CivilizationAdvantages$19.smali	0
/tmp/w3a/smali/aoc/kingdoms/lukasz/menusInGame/InGame_CivilizationAdvantages$2.smali	0
/tmp/w3a/smali/aoc/kingdoms/lukasz/menusInGame/InGame_CivilizationAdvantages$20.smali	0
/tmp/w3a/smali/aoc/kingdoms/lukasz/menusInGame/InGame_CivilizationAdvantages$21.smali	0
/tmp/w3a/smali/aoc/kingdoms/lukasz/menusInGame/InGame_CivilizationAdvantages$22.smali	0
/tmp/w3a/smali/aoc/kingdoms/lukasz/menusInGame/InGame_CivilizationAdvantages$23.smali	0
/tmp/w3a/smali/aoc/kingdoms/lukasz/menusInGame/InGame_CivilizationAdvantages$24.smali	0
/tmp/w3a/smali/aoc/kingdoms/lukasz/menusInGame/InGame_CivilizationAdvantages$25.smali	0
/tmp/w3a/smali/aoc/kingdoms/lukasz/menusInGame/InGame_CivilizationAdvantages$26.smali	0
/tmp/w3a/smali/aoc/kingdoms/lukasz/menusInGame/InGame_CivilizationAdvantages$27.smali	0
/tmp/w3a/smali/aoc/kingdoms/lukasz/menusInGame/InGame_CivilizationAdvantages$28.smali	0
/tmp/w3a/smali/aoc/kingdoms/lukasz/menusInGame/InGame_CivilizationAdvantages$29.smali	0
/tmp/w3a/smali/aoc/kingdoms/lukasz/menusInGame/InGame_CivilizationAdvantages$3.smali	0
/tmp/w3a/smali/aoc/kingdoms/lukasz/menusInGame/InGame_CivilizationAdvantages$30.smali	0
/tmp/w3a/smali/aoc/kingdoms/lukasz/menusInGame/InGame_CivilizationAdvantages$31.smali	0
/tmp/w3a/smali/aoc/kingdoms/lukasz/menusInGame/InGame_CivilizationAdvantages$32.smali	0
/tmp/w3a/smali/aoc/kingdoms/lukasz/menusInGame/InGame_CivilizationAdvantages$33.smali	0
/tmp/w3a/smali/aoc/kingdoms/lukasz/menusInGame/InGame_CivilizationAdvantages$34.smali	0
/tmp/w3a/smali/aoc/kingdoms/lukasz/menusInGame/InGame_CivilizationAdvantages$35.smali	0
/tmp/w3a/smali/aoc/kingdoms/lukasz/menusInGame/InGame_CivilizationAdvantages$36.smali	0
/tmp/w3a/smali/aoc/kingdoms/lukasz/menusInGame/InGame_CivilizationAdvantages$37.smali	0
/tmp/w3a/smali/aoc/kingdoms/lukasz/menusInGame/InGame_CivilizationAdvantages$38.smali	0
/tmp/w3a/smali/aoc/kingdoms/lukasz/menusInGame/InGame_CivilizationAdvantages$39.smali	0
/tmp/w3a/smali/aoc/kingdoms/lukasz/menusInGame/InGame_CivilizationAdvantages$4.smali	0
/tmp/w3a/smali/aoc/kingdoms/lukasz/menusInGame/InGame_CivilizationAdvantages$40.smali	0
/tmp/w3a/smali/aoc/kingdoms/lukasz/menusInGame/InGame_CivilizationAdvantages$41.smali	0
/tmp/w3a/smali/aoc/kingdoms/lukasz/menusInGame/InGame_CivilizationAdvantages$42.smali	0
/tmp/w3a/smali/aoc/kingdoms/lukasz/menusInGame/InGame_CivilizationAdvantages$43.smali	0
/tmp/w3a/smali/aoc/kingdoms/lukasz/menusInGame/InGame_CivilizationAdvantages$44.smali	0
/tmp/w3a/smali/aoc/kingdoms/lukasz/menusInGame/InGame_CivilizationAdvantages$45.smali	0
/tmp/w3a/smali/aoc/kingdoms/lukasz/menusInGame/InGame_CivilizationAdvantages$46.smali	0
/tmp/w3a/smali/aoc/kingdoms/lukasz/menusInGame/InGame_CivilizationAdvantages$47.smali	0
/tmp/w3a/smali/aoc/kingdoms/lukasz/menusInGame/InGame_CivilizationAdvantages$48.smali	0
/tmp/w3a/smali/aoc/kingdoms/lukasz/menusInGame/InGame_CivilizationAdvantages$49.smali	0
/tmp/w3a/smali/aoc/kingdoms/lukasz/menusInGame/InGame_CivilizationAdvantages$5.smali	0
/tmp/w3a/smali/aoc/kingdoms/lukasz/menusInGame/InGame_CivilizationAdvantages$50.smali	0
/tmp/w3a/smali/aoc/kingdoms/lukasz/menusInGame/InGame_CivilizationAdvantages$51.smali	0
/tmp/w3a/smali/aoc/kingdoms/lukasz/menusInGame/InGame_CivilizationAdvantages$52.smali	0
/tmp/w3a/smali/aoc/kingdoms/lukasz/menusInGame/InGame_CivilizationAdvantages$53.smali	0
/tmp/w3a/smali/aoc/kingdoms/lukasz/menusInGame/InGame_CivilizationAdvantages$54.smali	0
/tmp/w3a/smali/aoc/kingdoms/lukasz/menusInGame/InGame_CivilizationAdvantages$55.smali	0
/tmp/w3a/smali/aoc/kingdoms/lukasz/menusInGame/InGame_CivilizationAdvantages$56.smali	0
/tmp/w3a/smali/aoc/kingdoms/lukasz/menusInGame/InGame_CivilizationAdvantages$57.smali	0
/tmp/w3a/smali/aoc/kingdoms/lukasz/menusInGame/InGame_CivilizationAdvantages$58.smali	0
/tmp/w3a/smali/aoc/kingdoms/lukasz/menusInGame/InGame_CivilizationAdvantages$59.smali	0
/tmp/w3a/smali/aoc/kingdoms/lukasz/menusInGame/InGame_CivilizationAdvantages$6.smali	0
/tmp/w3a/smali/aoc/kingdoms/lukasz/menusInGame/InGame_CivilizationAdvantages$60.smali	0
/tmp/w3a/smali/aoc/kingdoms/lukasz/menusInGame/InGame_CivilizationAdvantages$61.smali	0
/tmp/w3a/smali/aoc/kingdoms/lukasz/menusInGame/InGame_CivilizationAdvantages$62.smali	0
/tmp/w3a/smali/aoc/kingdoms/lukasz/menusInGame/InGame_CivilizationAdvantages$63.smali	0
/tmp/w3a/smali/aoc/kingdoms/lukasz/menusInGame/InGame_CivilizationAdvantages$64.smali	0
/tmp/w3a/smali/aoc/kingdoms/lukasz/menusInGame/InGame_CivilizationAdvantages$65.smali	0
/tmp/w3a/smali/aoc/kingdoms/lukasz/menusInGame/InGame_CivilizationAdvantages$66.smali	0
/tmp/w3a/smali/aoc/kingdoms/lukasz/menusInGame/InGame_CivilizationAdvantages$67.smali	0
/tmp/w3a/smali/aoc/kingdoms/lukasz/menusInGame/InGame_CivilizationAdvantages$68.smali	0
/tmp/w3a/smali/aoc/kingdoms/lukasz/menusInGame/InGame_CivilizationAdvantages$69.smali	0
/tmp/w3a/smali/aoc/kingdoms/lukasz/menusInGame/InGame_CivilizationAdvantages$7.smali	0
/tmp/w3a/smali/aoc/kingdoms/lukasz/menusInGame/InGame_CivilizationAdvantages$70.smali	0
/tmp/w3a/smali/aoc/kingdoms/lukasz/menusInGame/InGame_CivilizationAdvantages$71.smali	0
/tmp/w3a/smali/aoc/kingdoms/lukasz/menusInGame/InGame_CivilizationAdvantages$72.smali	0
/tmp/w3a/smali/aoc/kingdoms/lukasz/menusInGame/InGame_CivilizationAdvantages$73.smali	0
/tmp/w3a/smali/aoc/kingdoms/lukasz/menusInGame/InGame_CivilizationAdvantages$74.smali	0
/tmp/w3a/smali/aoc/kingdoms/lukasz/menusInGame/InGame_CivilizationAdvantages$75.smali	0
/tmp/w3a/smali/aoc/kingdoms/lukasz/menusInGame/InGame_CivilizationAdvantages$8.smali	0
/tmp/w3a/smali/aoc/kingdoms/lukasz/menusInGame/InGame_CivilizationAdvantages$9.smali	0
/tmp/w3a/smali/aoc/kingdoms/lukasz/menusInGame/InGame_CivilizationAdvantages.smali	0
/tmp/w3a/smali/aoc/kingdoms/lukasz/menusInGame/InGame_CivilizationAdvantages2$1.smali	0
/tmp/w3a/smali/aoc/kingdoms/lukasz/menusInGame/InGame_CivilizationAdvantages2.smali	0
/tmp/w3a/smali/aoc/kingdoms/lukasz/menusInGame/InGame_Console$1.smali	0
/tmp/w3a/smali/aoc/kingdoms/lukasz/menusInGame/InGame_Console$2.smali	0
/tmp/w3a/smali/aoc/kingdoms/lukasz/menusInGame/InGame_Console.smali	0
/tmp/w3a/smali/aoc/kingdoms/lukasz/menusInGame/InGame_ConvertReligion$1.smali	0
/tmp/w3a/smali/aoc/kingdoms/lukasz/menusInGame/InGame_ConvertReligion$2.smali	0
/tmp/w3a/smali/aoc/kingdoms/lukasz/menusInGame/InGame_ConvertReligion$3.smali	0
/tmp/w3a/smali/aoc/kingdoms/lukasz/menusInGame/InGame_ConvertReligion.smali	0
/tmp/w3a/smali/aoc/kingdoms/lukasz/menusInGame/InGame_CurrentSituation$1.smali	0
/tmp/w3a/smali/aoc/kingdoms/lukasz/menusInGame/InGame_CurrentSituation$10.smali	0
/tmp/w3a/smali/aoc/kingdoms/lukasz/menusInGame/InGame_CurrentSituation$11.smali	0
/tmp/w3a/smali/aoc/kingdoms/lukasz/menusInGame/InGame_CurrentSituation$12.smali	0
/tmp/w3a/smali/aoc/kingdoms/lukasz/menusInGame/InGame_CurrentSituation$13.smali	0
/tmp/w3a/smali/aoc/kingdoms/lukasz/menusInGame/InGame_CurrentSituation$14.smali	0
/tmp/w3a/smali/aoc/kingdoms/lukasz/menusInGame/InGame_CurrentSituation$15.smali	0
/tmp/w3a/smali/aoc/kingdoms/lukasz/menusInGame/InGame_CurrentSituation$16.smali	0
/tmp/w3a/smali/aoc/kingdoms/lukasz/menusInGame/InGame_CurrentSituation$17.smali	0
/tmp/w3a/smali/aoc/kingdoms/lukasz/menusInGame/InGame_CurrentSituation$18.smali	0
/tmp/w3a/smali/aoc/kingdoms/lukasz/menusInGame/InGame_CurrentSituation$19.smali	0
/tmp/w3a/smali/aoc/kingdoms/lukasz/menusInGame/InGame_CurrentSituation$2.smali	0
/tmp/w3a/smali/aoc/kingdoms/lukasz/menusInGame/InGame_CurrentSituation$20.smali	0
/tmp/w3a/smali/aoc/kingdoms/lukasz/menusInGame/InGame_CurrentSituation$3.smali	0
/tmp/w3a/smali/aoc/kingdoms/lukasz/menusInGame/InGame_CurrentSituation$4.smali	0
/tmp/w3a/smali/aoc/kingdoms/lukasz/menusInGame/InGame_CurrentSituation$5.smali	0
/tmp/w3a/smali/aoc/kingdoms/lukasz/menusInGame/InGame_CurrentSituation$6.smali	0
/tmp/w3a/smali/aoc/kingdoms/lukasz/menusInGame/InGame_CurrentSituation$7.smali	0
/tmp/w3a/smali/aoc/kingdoms/lukasz/menusInGame/InGame_CurrentSituation$8.smali	0
/tmp/w3a/smali/aoc/kingdoms/lukasz/menusInGame/InGame_CurrentSituation$9.smali	0
/tmp/w3a/smali/aoc/kingdoms/lukasz/menusInGame/InGame_CurrentSituation.smali	0
/tmp/w3a/smali/aoc/kingdoms/lukasz/menusInGame/InGame_Disband$1.smali	0
/tmp/w3a/smali/aoc/kingdoms/lukasz/menusInGame/InGame_Disband$2.smali	0
/tmp/w3a/smali/aoc/kingdoms/lukasz/menusInGame/InGame_Disband$3.smali	0
/tmp/w3a/smali/aoc/kingdoms/lukasz/menusInGame/InGame_Disband$4.smali	0
/tmp/w3a/smali/aoc/kingdoms/lukasz/menusInGame/InGame_Disband$5.smali	0
/tmp/w3a/smali/aoc/kingdoms/lukasz/menusInGame/InGame_Disband$6.smali	0
/tmp/w3a/smali/aoc/kingdoms/lukasz/menusInGame/InGame_Disband$7.smali	0
/tmp/w3a/smali/aoc/kingdoms/lukasz/menusInGame/InGame_Disband.smali	0
/tmp/w3a/smali/aoc/kingdoms/lukasz/menusInGame/InGame_Encyclopedia$1.smali	0
/tmp/w3a/smali/aoc/kingdoms/lukasz/menusInGame/InGame_Encyclopedia$10.smali	0
/tmp/w3a/smali/aoc/kingdoms/lukasz/menusInGame/InGame_Encyclopedia$11.smali	0
/tmp/w3a/smali/aoc/kingdoms/lukasz/menusInGame/InGame_Encyclopedia$12.smali	0
/tmp/w3a/smali/aoc/kingdoms/lukasz/menusInGame/InGame_Encyclopedia$13.smali	0
/tmp/w3a/smali/aoc/kingdoms/lukasz/menusInGame/InGame_Encyclopedia$14.smali	0
/tmp/w3a/smali/aoc/kingdoms/lukasz/menusInGame/InGame_Encyclopedia$15.smali	0
/tmp/w3a/smali/aoc/kingdoms/lukasz/menusInGame/InGame_Encyclopedia$16.smali	0
/tmp/w3a/smali/aoc/kingdoms/lukasz/menusInGame/InGame_Encyclopedia$17.smali	0
/tmp/w3a/smali/aoc/kingdoms/lukasz/menusInGame/InGame_Encyclopedia$18.smali	0
/tmp/w3a/smali/aoc/kingdoms/lukasz/menusInGame/InGame_Encyclopedia$19.smali	0
/tmp/w3a/smali/aoc/kingdoms/lukasz/menusInGame/InGame_Encyclopedia$2.smali	0
/tmp/w3a/smali/aoc/kingdoms/lukasz/menusInGame/InGame_Encyclopedia$20.smali	0
/tmp/w3a/smali/aoc/kingdoms/lukasz/menusInGame/InGame_Encyclopedia$21.smali	0
/tmp/w3a/smali/aoc/kingdoms/lukasz/menusInGame/InGame_Encyclopedia$22.smali	0
/tmp/w3a/smali/aoc/kingdoms/lukasz/menusInGame/InGame_Encyclopedia$23.smali	0
/tmp/w3a/smali/aoc/kingdoms/lukasz/menusInGame/InGame_Encyclopedia$24.smali	0
/tmp/w3a/smali/aoc/kingdoms/lukasz/menusInGame/InGame_Encyclopedia$25.smali	0
/tmp/w3a/smali/aoc/kingdoms/lukasz/menusInGame/InGame_Encyclopedia$26.smali	0
/tmp/w3a/smali/aoc/kingdoms/lukasz/menusInGame/InGame_Encyclopedia$27.smali	0
/tmp/w3a/smali/aoc/kingdoms/lukasz/menusInGame/InGame_Encyclopedia$28.smali	0
/tmp/w3a/smali/aoc/kingdoms/lukasz/menusInGame/InGame_Encyclopedia$29.smali	0
/tmp/w3a/smali/aoc/kingdoms/lukasz/menusInGame/InGame_Encyclopedia$3.smali	0
/tmp/w3a/smali/aoc/kingdoms/lukasz/menusInGame/InGame_Encyclopedia$30.smali	0
/tmp/w3a/smali/aoc/kingdoms/lukasz/menusInGame/InGame_Encyclopedia$31.smali	0
/tmp/w3a/smali/aoc/kingdoms/lukasz/menusInGame/InGame_Encyclopedia$32.smali	0
/tmp/w3a/smali/aoc/kingdoms/lukasz/menusInGame/InGame_Encyclopedia$33.smali	0
/tmp/w3a/smali/aoc/kingdoms/lukasz/menusInGame/InGame_Encyclopedia$34.smali	0
/tmp/w3a/smali/aoc/kingdoms/lukasz/menusInGame/InGame_Encyclopedia$35.smali	0
/tmp/w3a/smali/aoc/kingdoms/lukasz/menusInGame/InGame_Encyclopedia$36.smali	0
/tmp/w3a/smali/aoc/kingdoms/lukasz/menusInGame/InGame_Encyclopedia$37.smali	0
/tmp/w3a/smali/aoc/kingdoms/lukasz/menusInGame/InGame_Encyclopedia$38.smali	0
/tmp/w3a/smali/aoc/kingdoms/lukasz/menusInGame/InGame_Encyclopedia$39.smali	0
/tmp/w3a/smali/aoc/kingdoms/lukasz/menusInGame/InGame_Encyclopedia$4.smali	0
/tmp/w3a/smali/aoc/kingdoms/lukasz/menusInGame/InGame_Encyclopedia$40.smali	0
/tmp/w3a/smali/aoc/kingdoms/lukasz/menusInGame/InGame_Encyclopedia$41.smali	0
/tmp/w3a/smali/aoc/kingdoms/lukasz/menusInGame/InGame_Encyclopedia$42.smali	0
/tmp/w3a/smali/aoc/kingdoms/lukasz/menusInGame/InGame_Encyclopedia$43.smali	0
/tmp/w3a/smali/aoc/kingdoms/lukasz/menusInGame/InGame_Encyclopedia$44.smali	0
/tmp/w3a/smali/aoc/kingdoms/lukasz/menusInGame/InGame_Encyclopedia$45.smali	0
/tmp/w3a/smali/aoc/kingdoms/lukasz/menusInGame/InGame_Encyclopedia$46.smali	0
/tmp/w3a/smali/aoc/kingdoms/lukasz/menusInGame/InGame_Encyclopedia$47.smali	0
/tmp/w3a/smali/aoc/kingdoms/lukasz/menusInGame/InGame_Encyclopedia$48.smali	0
/tmp/w3a/smali/aoc/kingdoms/lukasz/menusInGame/InGame_Encyclopedia$49.smali	0
/tmp/w3a/smali/aoc/kingdoms/lukasz/menusInGame/InGame_Encyclopedia$5.smali	0
/tmp/w3a/smali/aoc/kingdoms/lukasz/menusInGame/InGame_Encyclopedia$50.smali	0
/tmp/w3a/smali/aoc/kingdoms/lukasz/menusInGame/InGame_Encyclopedia$51.smali	0
/tmp/w3a/smali/aoc/kingdoms/lukasz/menusInGame/InGame_Encyclopedia$52.smali	0
/tmp/w3a/smali/aoc/kingdoms/lukasz/menusInGame/InGame_Encyclopedia$53.smali	0
/tmp/w3a/smali/aoc/kingdoms/lukasz/menusInGame/InGame_Encyclopedia$54.smali	0
/tmp/w3a/smali/aoc/kingdoms/lukasz/menusInGame/InGame_Encyclopedia$55.smali	0
/tmp/w3a/smali/aoc/kingdoms/lukasz/menusInGame/InGame_Encyclopedia$56.smali	0
/tmp/w3a/smali/aoc/kingdoms/lukasz/menusInGame/InGame_Encyclopedia$57.smali	0
/tmp/w3a/smali/aoc/kingdoms/lukasz/menusInGame/InGame_Encyclopedia$58.smali	0
/tmp/w3a/smali/aoc/kingdoms/lukasz/menusInGame/InGame_Encyclopedia$59.smali	0
/tmp/w3a/smali/aoc/kingdoms/lukasz/menusInGame/InGame_Encyclopedia$6.smali	0
/tmp/w3a/smali/aoc/kingdoms/lukasz/menusInGame/InGame_Encyclopedia$60.smali	0
/tmp/w3a/smali/aoc/kingdoms/lukasz/menusInGame/InGame_Encyclopedia$61.smali	0
/tmp/w3a/smali/aoc/kingdoms/lukasz/menusInGame/InGame_Encyclopedia$62.smali	0
/tmp/w3a/smali/aoc/kingdoms/lukasz/menusInGame/InGame_Encyclopedia$63.smali	0
/tmp/w3a/smali/aoc/kingdoms/lukasz/menusInGame/InGame_Encyclopedia$64.smali	0
/tmp/w3a/smali/aoc/kingdoms/lukasz/menusInGame/InGame_Encyclopedia$65.smali	0
/tmp/w3a/smali/aoc/kingdoms/lukasz/menusInGame/InGame_Encyclopedia$66.smali	0
/tmp/w3a/smali/aoc/kingdoms/lukasz/menusInGame/InGame_Encyclopedia$67.smali	0
/tmp/w3a/smali/aoc/kingdoms/lukasz/menusInGame/InGame_Encyclopedia$68.smali	0
/tmp/w3a/smali/aoc/kingdoms/lukasz/menusInGame/InGame_Encyclopedia$69.smali	0
/tmp/w3a/smali/aoc/kingdoms/lukasz/menusInGame/InGame_Encyclopedia$7.smali	0
/tmp/w3a/smali/aoc/kingdoms/lukasz/menusInGame/InGame_Encyclopedia$70.smali	0
/tmp/w3a/smali/aoc/kingdoms/lukasz/menusInGame/InGame_Encyclopedia$71.smali	0
/tmp/w3a/smali/aoc/kingdoms/lukasz/menusInGame/InGame_Encyclopedia$72.smali	0
/tmp/w3a/smali/aoc/kingdoms/lukasz/menusInGame/InGame_Encyclopedia$73.smali	0
/tmp/w3a/smali/aoc/kingdoms/lukasz/menusInGame/InGame_Encyclopedia$74.smali	0
/tmp/w3a/smali/aoc/kingdoms/lukasz/menusInGame/InGame_Encyclopedia$75.smali	0
/tmp/w3a/smali/aoc/kingdoms/lukasz/menusInGame/InGame_Encyclopedia$76.smali	0
/tmp/w3a/smali/aoc/kingdoms/lukasz/menusInGame/InGame_Encyclopedia$77.smali	0
/tmp/w3a/smali/aoc/kingdoms/lukasz/menusInGame/InGame_Encyclopedia$8.smali	0
/tmp/w3a/smali/aoc/kingdoms/lukasz/menusInGame/InGame_Encyclopedia$9.smali	0
/tmp/w3a/smali/aoc/kingdoms/lukasz/menusInGame/InGame_Encyclopedia.smali	0
/tmp/w3a/smali/aoc/kingdoms/lukasz/menusInGame/InGame_Escape$1$1.smali	0
/tmp/w3a/smali/aoc/kingdoms/lukasz/menusInGame/InGame_Escape$1.smali	0
/tmp/w3a/smali/aoc/kingdoms/lukasz/menusInGame/InGame_Escape$2.smali	0
/tmp/w3a/smali/aoc/kingdoms/lukasz/menusInGame/InGame_Escape$3.smali	0
/tmp/w3a/smali/aoc/kingdoms/lukasz/menusInGame/InGame_Escape$4.smali	0
/tmp/w3a/smali/aoc/kingdoms/lukasz/menusInGame/InGame_Escape$5.smali	0
/tmp/w3a/smali/aoc/kingdoms/lukasz/menusInGame/InGame_Escape$6.smali	0
/tmp/w3a/smali/aoc/kingdoms/lukasz/menusInGame/InGame_Escape.smali	0
/tmp/w3a/smali/aoc/kingdoms/lukasz/menusInGame/InGame_EscapeEmpty$1.smali	0
/tmp/w3a/smali/aoc/kingdoms/lukasz/menusInGame/InGame_EscapeEmpty.smali	0
/tmp/w3a/smali/aoc/kingdoms/lukasz/menusInGame/InGame_Event$1.smali	0
/tmp/w3a/smali/aoc/kingdoms/lukasz/menusInGame/InGame_Event$2.smali	0
/tmp/w3a/smali/aoc/kingdoms/lukasz/menusInGame/InGame_Event.smali	0
/tmp/w3a/smali/aoc/kingdoms/lukasz/menusInGame/InGame_GameLost$1.smali	0
/tmp/w3a/smali/aoc/kingdoms/lukasz/menusInGame/InGame_GameLost$2.smali	0
/tmp/w3a/smali/aoc/kingdoms/lukasz/menusInGame/InGame_GameLost$3.smali	0
/tmp/w3a/smali/aoc/kingdoms/lukasz/menusInGame/InGame_GameLost.smali	0
/tmp/w3a/smali/aoc/kingdoms/lukasz/menusInGame/InGame_GeneralRecruit$1.smali	0
/tmp/w3a/smali/aoc/kingdoms/lukasz/menusInGame/InGame_GeneralRecruit$2.smali	0
/tmp/w3a/smali/aoc/kingdoms/lukasz/menusInGame/InGame_GeneralRecruit.smali	0
/tmp/w3a/smali/aoc/kingdoms/lukasz/menusInGame/InGame_Generals$1.smali	0
/tmp/w3a/smali/aoc/kingdoms/lukasz/menusInGame/InGame_Generals$2.smali	0
/tmp/w3a/smali/aoc/kingdoms/lukasz/menusInGame/InGame_Generals$3.smali	0
/tmp/w3a/smali/aoc/kingdoms/lukasz/menusInGame/InGame_Generals$4.smali	0
/tmp/w3a/smali/aoc/kingdoms/lukasz/menusInGame/InGame_Generals$5.smali	0
/tmp/w3a/smali/aoc/kingdoms/lukasz/menusInGame/InGame_Generals$6.smali	0
/tmp/w3a/smali/aoc/kingdoms/lukasz/menusInGame/InGame_Generals$7.smali	0
/tmp/w3a/smali/aoc/kingdoms/lukasz/menusInGame/InGame_Generals.smali	0
/tmp/w3a/smali/aoc/kingdoms/lukasz/menusInGame/InGame_HideUI$1.smali	0
/tmp/w3a/smali/aoc/kingdoms/lukasz/menusInGame/InGame_HideUI$2.smali	0
/tmp/w3a/smali/aoc/kingdoms/lukasz/menusInGame/InGame_HideUI.smali	0
/tmp/w3a/smali/aoc/kingdoms/lukasz/menusInGame/InGame_Legacies$1.smali	0
/tmp/w3a/smali/aoc/kingdoms/lukasz/menusInGame/InGame_Legacies$2.smali	0
/tmp/w3a/smali/aoc/kingdoms/lukasz/menusInGame/InGame_Legacies$3.smali	0
/tmp/w3a/smali/aoc/kingdoms/lukasz/menusInGame/InGame_Legacies.smali	0
/tmp/w3a/smali/aoc/kingdoms/lukasz/menusInGame/InGame_LegaciesEmpty$1$1.smali	0
/tmp/w3a/smali/aoc/kingdoms/lukasz/menusInGame/InGame_LegaciesEmpty$1$2.smali	0
/tmp/w3a/smali/aoc/kingdoms/lukasz/menusInGame/InGame_LegaciesEmpty$1.smali	0
/tmp/w3a/smali/aoc/kingdoms/lukasz/menusInGame/InGame_LegaciesEmpty$2.smali	0
/tmp/w3a/smali/aoc/kingdoms/lukasz/menusInGame/InGame_LegaciesEmpty.smali	0
/tmp/w3a/smali/aoc/kingdoms/lukasz/menusInGame/InGame_ListOfBuildings$1.smali	0
/tmp/w3a/smali/aoc/kingdoms/lukasz/menusInGame/InGame_ListOfBuildings.smali	0
/tmp/w3a/smali/aoc/kingdoms/lukasz/menusInGame/InGame_ListOfUnits$1.smali	0
/tmp/w3a/smali/aoc/kingdoms/lukasz/menusInGame/InGame_ListOfUnits.smali	0
/tmp/w3a/smali/aoc/kingdoms/lukasz/menusInGame/InGame_Loan$1.smali	0
/tmp/w3a/smali/aoc/kingdoms/lukasz/menusInGame/InGame_Loan$2.smali	0
/tmp/w3a/smali/aoc/kingdoms/lukasz/menusInGame/InGame_Loan$3.smali	0
/tmp/w3a/smali/aoc/kingdoms/lukasz/menusInGame/InGame_Loan$4.smali	0
/tmp/w3a/smali/aoc/kingdoms/lukasz/menusInGame/InGame_Loan$5.smali	0
/tmp/w3a/smali/aoc/kingdoms/lukasz/menusInGame/InGame_Loan$6.smali	0
/tmp/w3a/smali/aoc/kingdoms/lukasz/menusInGame/InGame_Loan$7.smali	0
/tmp/w3a/smali/aoc/kingdoms/lukasz/menusInGame/InGame_Loan$8.smali	0
/tmp/w3a/smali/aoc/kingdoms/lukasz/menusInGame/InGame_Loan.smali	0
/tmp/w3a/smali/aoc/kingdoms/lukasz/menusInGame/InGame_LoanRepay$1.smali	0
/tmp/w3a/smali/aoc/kingdoms/lukasz/menusInGame/InGame_LoanRepay$2.smali	0
/tmp/w3a/smali/aoc/kingdoms/lukasz/menusInGame/InGame_LoanRepay$3.smali	0
/tmp/w3a/smali/aoc/kingdoms/lukasz/menusInGame/InGame_LoanRepay.smali	0
/tmp/w3a/smali/aoc/kingdoms/lukasz/menusInGame/InGame_MapModes$1.smali	0
/tmp/w3a/smali/aoc/kingdoms/lukasz/menusInGame/InGame_MapModes$10.smali	0
/tmp/w3a/smali/aoc/kingdoms/lukasz/menusInGame/InGame_MapModes$11.smali	0
/tmp/w3a/smali/aoc/kingdoms/lukasz/menusInGame/InGame_MapModes$12.smali	0
/tmp/w3a/smali/aoc/kingdoms/lukasz/menusInGame/InGame_MapModes$13.smali	0
/tmp/w3a/smali/aoc/kingdoms/lukasz/menusInGame/InGame_MapModes$14.smali	0
/tmp/w3a/smali/aoc/kingdoms/lukasz/menusInGame/InGame_MapModes$15.smali	0
/tmp/w3a/smali/aoc/kingdoms/lukasz/menusInGame/InGame_MapModes$16.smali	0
/tmp/w3a/smali/aoc/kingdoms/lukasz/menusInGame/InGame_MapModes$17.smali	0
/tmp/w3a/smali/aoc/kingdoms/lukasz/menusInGame/InGame_MapModes$18.smali	0
/tmp/w3a/smali/aoc/kingdoms/lukasz/menusInGame/InGame_MapModes$19.smali	0
/tmp/w3a/smali/aoc/kingdoms/lukasz/menusInGame/InGame_MapModes$2.smali	0
/tmp/w3a/smali/aoc/kingdoms/lukasz/menusInGame/InGame_MapModes$20.smali	0
/tmp/w3a/smali/aoc/kingdoms/lukasz/menusInGame/InGame_MapModes$3.smali	0
/tmp/w3a/smali/aoc/kingdoms/lukasz/menusInGame/InGame_MapModes$4.smali	0
/tmp/w3a/smali/aoc/kingdoms/lukasz/menusInGame/InGame_MapModes$5.smali	0
/tmp/w3a/smali/aoc/kingdoms/lukasz/menusInGame/InGame_MapModes$6.smali	0
/tmp/w3a/smali/aoc/kingdoms/lukasz/menusInGame/InGame_MapModes$7.smali	0
/tmp/w3a/smali/aoc/kingdoms/lukasz/menusInGame/InGame_MapModes$8.smali	0
/tmp/w3a/smali/aoc/kingdoms/lukasz/menusInGame/InGame_MapModes$9.smali	0
/tmp/w3a/smali/aoc/kingdoms/lukasz/menusInGame/InGame_MapModes.smali	0
/tmp/w3a/smali/aoc/kingdoms/lukasz/menusInGame/InGame_Messages$1$1.smali	0
/tmp/w3a/smali/aoc/kingdoms/lukasz/menusInGame/InGame_Messages$1.smali	0
/tmp/w3a/smali/aoc/kingdoms/lukasz/menusInGame/InGame_Messages.smali	0
/tmp/w3a/smali/aoc/kingdoms/lukasz/menusInGame/InGame_MessagesWars.smali	0
/tmp/w3a/smali/aoc/kingdoms/lukasz/menusInGame/InGame_MissionTree$1.smali	0
/tmp/w3a/smali/aoc/kingdoms/lukasz/menusInGame/InGame_MissionTree$TechLine.smali	0
/tmp/w3a/smali/aoc/kingdoms/lukasz/menusInGame/InGame_MissionTree.smali	0
/tmp/w3a/smali/aoc/kingdoms/lukasz/menusInGame/InGame_Missions$1.smali	0
/tmp/w3a/smali/aoc/kingdoms/lukasz/menusInGame/InGame_Missions$2.smali	0
/tmp/w3a/smali/aoc/kingdoms/lukasz/menusInGame/InGame_Missions$3.smali	0
/tmp/w3a/smali/aoc/kingdoms/lukasz/menusInGame/InGame_Missions$4.smali	0
/tmp/w3a/smali/aoc/kingdoms/lukasz/menusInGame/InGame_Missions$5.smali	0
/tmp/w3a/smali/aoc/kingdoms/lukasz/menusInGame/InGame_Missions.smali	0
/tmp/w3a/smali/aoc/kingdoms/lukasz/menusInGame/InGame_MoveCapital_PopUp$1.smali	0
/tmp/w3a/smali/aoc/kingdoms/lukasz/menusInGame/InGame_MoveCapital_PopUp$2.smali	0
/tmp/w3a/smali/aoc/kingdoms/lukasz/menusInGame/InGame_MoveCapital_PopUp$3.smali	0
/tmp/w3a/smali/aoc/kingdoms/lukasz/menusInGame/InGame_MoveCapital_PopUp$4.smali	0
/tmp/w3a/smali/aoc/kingdoms/lukasz/menusInGame/InGame_MoveCapital_PopUp$5.smali	0
/tmp/w3a/smali/aoc/kingdoms/lukasz/menusInGame/InGame_MoveCapital_PopUp$6.smali	0
/tmp/w3a/smali/aoc/kingdoms/lukasz/menusInGame/InGame_MoveCapital_PopUp.smali	0
/tmp/w3a/smali/aoc/kingdoms/lukasz/menusInGame/InGame_Notifications$1$1.smali	0
/tmp/w3a/smali/aoc/kingdoms/lukasz/menusInGame/InGame_Notifications$1.smali	0
/tmp/w3a/smali/aoc/kingdoms/lukasz/menusInGame/InGame_Notifications$10$1.smali	0
/tmp/w3a/smali/aoc/kingdoms/lukasz/menusInGame/InGame_Notifications$10.smali	0
/tmp/w3a/smali/aoc/kingdoms/lukasz/menusInGame/InGame_Notifications$11$1.smali	0
/tmp/w3a/smali/aoc/kingdoms/lukasz/menusInGame/InGame_Notifications$11.smali	0
/tmp/w3a/smali/aoc/kingdoms/lukasz/menusInGame/InGame_Notifications$12$1.smali	0
/tmp/w3a/smali/aoc/kingdoms/lukasz/menusInGame/InGame_Notifications$12.smali	0
/tmp/w3a/smali/aoc/kingdoms/lukasz/menusInGame/InGame_Notifications$13.smali	0
/tmp/w3a/smali/aoc/kingdoms/lukasz/menusInGame/InGame_Notifications$2$1.smali	0
/tmp/w3a/smali/aoc/kingdoms/lukasz/menusInGame/InGame_Notifications$2.smali	0
/tmp/w3a/smali/aoc/kingdoms/lukasz/menusInGame/InGame_Notifications$3$1.smali	0
/tmp/w3a/smali/aoc/kingdoms/lukasz/menusInGame/InGame_Notifications$3.smali	0
/tmp/w3a/smali/aoc/kingdoms/lukasz/menusInGame/InGame_Notifications$4$1.smali	0
/tmp/w3a/smali/aoc/kingdoms/lukasz/menusInGame/InGame_Notifications$4.smali	0
/tmp/w3a/smali/aoc/kingdoms/lukasz/menusInGame/InGame_Notifications$5$1.smali	0
/tmp/w3a/smali/aoc/kingdoms/lukasz/menusInGame/InGame_Notifications$5.smali	0
/tmp/w3a/smali/aoc/kingdoms/lukasz/menusInGame/InGame_Notifications$6$1.smali	0
/tmp/w3a/smali/aoc/kingdoms/lukasz/menusInGame/InGame_Notifications$6.smali	0
/tmp/w3a/smali/aoc/kingdoms/lukasz/menusInGame/InGame_Notifications$7$1.smali	0
/tmp/w3a/smali/aoc/kingdoms/lukasz/menusInGame/InGame_Notifications$7.smali	0
/tmp/w3a/smali/aoc/kingdoms/lukasz/menusInGame/InGame_Notifications$8$1.smali	0
/tmp/w3a/smali/aoc/kingdoms/lukasz/menusInGame/InGame_Notifications$8.smali	0
/tmp/w3a/smali/aoc/kingdoms/lukasz/menusInGame/InGame_Notifications$9$1.smali	0
/tmp/w3a/smali/aoc/kingdoms/lukasz/menusInGame/InGame_Notifications$9.smali	0
/tmp/w3a/smali/aoc/kingdoms/lukasz/menusInGame/InGame_Notifications.smali	0
/tmp/w3a/smali/aoc/kingdoms/lukasz/menusInGame/InGame_Ranking$1.smali	0
/tmp/w3a/smali/aoc/kingdoms/lukasz/menusInGame/InGame_Ranking$10.smali	0
/tmp/w3a/smali/aoc/kingdoms/lukasz/menusInGame/InGame_Ranking$11.smali	0
/tmp/w3a/smali/aoc/kingdoms/lukasz/menusInGame/InGame_Ranking$12.smali	0
/tmp/w3a/smali/aoc/kingdoms/lukasz/menusInGame/InGame_Ranking$2.smali	0
/tmp/w3a/smali/aoc/kingdoms/lukasz/menusInGame/InGame_Ranking$3.smali	0
/tmp/w3a/smali/aoc/kingdoms/lukasz/menusInGame/InGame_Ranking$4.smali	0
/tmp/w3a/smali/aoc/kingdoms/lukasz/menusInGame/InGame_Ranking$5.smali	0
/tmp/w3a/smali/aoc/kingdoms/lukasz/menusInGame/InGame_Ranking$6.smali	0
/tmp/w3a/smali/aoc/kingdoms/lukasz/menusInGame/InGame_Ranking$7.smali	0
/tmp/w3a/smali/aoc/kingdoms/lukasz/menusInGame/InGame_Ranking$8.smali	0
/tmp/w3a/smali/aoc/kingdoms/lukasz/menusInGame/InGame_Ranking$9.smali	0
/tmp/w3a/smali/aoc/kingdoms/lukasz/menusInGame/InGame_Ranking.smali	0
/tmp/w3a/smali/aoc/kingdoms/lukasz/menusInGame/InGame_ReleaseAVassal$1.smali	0
/tmp/w3a/smali/aoc/kingdoms/lukasz/menusInGame/InGame_ReleaseAVassal$10.smali	0
/tmp/w3a/smali/aoc/kingdoms/lukasz/menusInGame/InGame_ReleaseAVassal$11.smali	0
/tmp/w3a/smali/aoc/kingdoms/lukasz/menusInGame/InGame_ReleaseAVassal$12.smali	0
/tmp/w3a/smali/aoc/kingdoms/lukasz/menusInGame/InGame_ReleaseAVassal$2.smali	0
/tmp/w3a/smali/aoc/kingdoms/lukasz/menusInGame/InGame_ReleaseAVassal$3.smali	0
/tmp/w3a/smali/aoc/kingdoms/lukasz/menusInGame/InGame_ReleaseAVassal$4.smali	0
/tmp/w3a/smali/aoc/kingdoms/lukasz/menusInGame/InGame_ReleaseAVassal$5.smali	0
/tmp/w3a/smali/aoc/kingdoms/lukasz/menusInGame/InGame_ReleaseAVassal$6.smali	0
/tmp/w3a/smali/aoc/kingdoms/lukasz/menusInGame/InGame_ReleaseAVassal$7$1.smali	0
/tmp/w3a/smali/aoc/kingdoms/lukasz/menusInGame/InGame_ReleaseAVassal$7.smali	0
/tmp/w3a/smali/aoc/kingdoms/lukasz/menusInGame/InGame_ReleaseAVassal$8.smali	0
/tmp/w3a/smali/aoc/kingdoms/lukasz/menusInGame/InGame_ReleaseAVassal$9.smali	0
/tmp/w3a/smali/aoc/kingdoms/lukasz/menusInGame/InGame_ReleaseAVassal$ReleaseVassalData.smali	0
/tmp/w3a/smali/aoc/kingdoms/lukasz/menusInGame/InGame_ReleaseAVassal.smali	0
/tmp/w3a/smali/aoc/kingdoms/lukasz/menusInGame/InGame_ReorganizeUnits$1.smali	0
/tmp/w3a/smali/aoc/kingdoms/lukasz/menusInGame/InGame_ReorganizeUnits$2.smali	0
/tmp/w3a/smali/aoc/kingdoms/lukasz/menusInGame/InGame_ReorganizeUnits$3.smali	0
/tmp/w3a/smali/aoc/kingdoms/lukasz/menusInGame/InGame_ReorganizeUnits$4.smali	0
/tmp/w3a/smali/aoc/kingdoms/lukasz/menusInGame/InGame_ReorganizeUnits$5.smali	0
/tmp/w3a/smali/aoc/kingdoms/lukasz/menusInGame/InGame_ReorganizeUnits.smali	0
/tmp/w3a/smali/aoc/kingdoms/lukasz/menusInGame/InGame_Revolutions$1.smali	0
/tmp/w3a/smali/aoc/kingdoms/lukasz/menusInGame/InGame_Revolutions$2.smali	0
/tmp/w3a/smali/aoc/kingdoms/lukasz/menusInGame/InGame_Revolutions$3.smali	0
/tmp/w3a/smali/aoc/kingdoms/lukasz/menusInGame/InGame_Revolutions$4.smali	0
/tmp/w3a/smali/aoc/kingdoms/lukasz/menusInGame/InGame_Revolutions$5.smali	0
/tmp/w3a/smali/aoc/kingdoms/lukasz/menusInGame/InGame_Revolutions.smali	0
/tmp/w3a/smali/aoc/kingdoms/lukasz/menusInGame/InGame_Sandbox$1.smali	0
/tmp/w3a/smali/aoc/kingdoms/lukasz/menusInGame/InGame_Sandbox$10.smali	0
/tmp/w3a/smali/aoc/kingdoms/lukasz/menusInGame/InGame_Sandbox$11.smali	0
/tmp/w3a/smali/aoc/kingdoms/lukasz/menusInGame/InGame_Sandbox$12.smali	0
/tmp/w3a/smali/aoc/kingdoms/lukasz/menusInGame/InGame_Sandbox$13.smali	0
/tmp/w3a/smali/aoc/kingdoms/lukasz/menusInGame/InGame_Sandbox$14.smali	0
/tmp/w3a/smali/aoc/kingdoms/lukasz/menusInGame/InGame_Sandbox$15.smali	0
/tmp/w3a/smali/aoc/kingdoms/lukasz/menusInGame/InGame_Sandbox$16.smali	0
/tmp/w3a/smali/aoc/kingdoms/lukasz/menusInGame/InGame_Sandbox$17.smali	0
/tmp/w3a/smali/aoc/kingdoms/lukasz/menusInGame/InGame_Sandbox$18.smali	0
/tmp/w3a/smali/aoc/kingdoms/lukasz/menusInGame/InGame_Sandbox$19.smali	0
/tmp/w3a/smali/aoc/kingdoms/lukasz/menusInGame/InGame_Sandbox$2$1.smali	0
/tmp/w3a/smali/aoc/kingdoms/lukasz/menusInGame/InGame_Sandbox$2.smali	0
/tmp/w3a/smali/aoc/kingdoms/lukasz/menusInGame/InGame_Sandbox$20.smali	0
/tmp/w3a/smali/aoc/kingdoms/lukasz/menusInGame/InGame_Sandbox$21.smali	0
/tmp/w3a/smali/aoc/kingdoms/lukasz/menusInGame/InGame_Sandbox$22.smali	0
/tmp/w3a/smali/aoc/kingdoms/lukasz/menusInGame/InGame_Sandbox$23.smali	0
/tmp/w3a/smali/aoc/kingdoms/lukasz/menusInGame/InGame_Sandbox$24.smali	0
/tmp/w3a/smali/aoc/kingdoms/lukasz/menusInGame/InGame_Sandbox$25.smali	0
/tmp/w3a/smali/aoc/kingdoms/lukasz/menusInGame/InGame_Sandbox$26.smali	0
/tmp/w3a/smali/aoc/kingdoms/lukasz/menusInGame/InGame_Sandbox$27.smali	0
/tmp/w3a/smali/aoc/kingdoms/lukasz/menusInGame/InGame_Sandbox$28.smali	0
/tmp/w3a/smali/aoc/kingdoms/lukasz/menusInGame/InGame_Sandbox$29.smali	0
/tmp/w3a/smali/aoc/kingdoms/lukasz/menusInGame/InGame_Sandbox$3.smali	0
/tmp/w3a/smali/aoc/kingdoms/lukasz/menusInGame/InGame_Sandbox$30.smali	0
/tmp/w3a/smali/aoc/kingdoms/lukasz/menusInGame/InGame_Sandbox$31.smali	0
/tmp/w3a/smali/aoc/kingdoms/lukasz/menusInGame/InGame_Sandbox$32.smali	0
/tmp/w3a/smali/aoc/kingdoms/lukasz/menusInGame/InGame_Sandbox$33.smali	0
/tmp/w3a/smali/aoc/kingdoms/lukasz/menusInGame/InGame_Sandbox$4.smali	0
/tmp/w3a/smali/aoc/kingdoms/lukasz/menusInGame/InGame_Sandbox$5.smali	0
/tmp/w3a/smali/aoc/kingdoms/lukasz/menusInGame/InGame_Sandbox$6.smali	0
/tmp/w3a/smali/aoc/kingdoms/lukasz/menusInGame/InGame_Sandbox$7.smali	0
/tmp/w3a/smali/aoc/kingdoms/lukasz/menusInGame/InGame_Sandbox$8.smali	0
/tmp/w3a/smali/aoc/kingdoms/lukasz/menusInGame/InGame_Sandbox$9.smali	0
/tmp/w3a/smali/aoc/kingdoms/lukasz/menusInGame/InGame_Sandbox.smali	0
/tmp/w3a/smali/aoc/kingdoms/lukasz/menusInGame/InGame_SaveGame$1.smali	0
/tmp/w3a/smali/aoc/kingdoms/lukasz/menusInGame/InGame_SaveGame$2.smali	0
/tmp/w3a/smali/aoc/kingdoms/lukasz/menusInGame/InGame_SaveGame$3.smali	0
/tmp/w3a/smali/aoc/kingdoms/lukasz/menusInGame/InGame_SaveGame$4.smali	0
/tmp/w3a/smali/aoc/kingdoms/lukasz/menusInGame/InGame_SaveGame$5.smali	0
/tmp/w3a/smali/aoc/kingdoms/lukasz/menusInGame/InGame_SaveGame.smali	0
/tmp/w3a/smali/aoc/kingdoms/lukasz/menusInGame/InGame_SelectCivilization_Add$1.smali	0
/tmp/w3a/smali/aoc/kingdoms/lukasz/menusInGame/InGame_SelectCivilization_Add.smali	0
/tmp/w3a/smali/aoc/kingdoms/lukasz/menusInGame/InGame_SelectCivilization_Add_List$1.smali	0
/tmp/w3a/smali/aoc/kingdoms/lukasz/menusInGame/InGame_SelectCivilization_Add_List$2.smali	0
/tmp/w3a/smali/aoc/kingdoms/lukasz/menusInGame/InGame_SelectCivilization_Add_List$3.smali	0
/tmp/w3a/smali/aoc/kingdoms/lukasz/menusInGame/InGame_SelectCivilization_Add_List$4.smali	0
/tmp/w3a/smali/aoc/kingdoms/lukasz/menusInGame/InGame_SelectCivilization_Add_List$5.smali	0
/tmp/w3a/smali/aoc/kingdoms/lukasz/menusInGame/InGame_SelectCivilization_Add_List$6.smali	0
/tmp/w3a/smali/aoc/kingdoms/lukasz/menusInGame/InGame_SelectCivilization_Add_List.smali	0
/tmp/w3a/smali/aoc/kingdoms/lukasz/menusInGame/InGame_War$1.smali	0
/tmp/w3a/smali/aoc/kingdoms/lukasz/menusInGame/InGame_War$10.smali	0
/tmp/w3a/smali/aoc/kingdoms/lukasz/menusInGame/InGame_War$11.smali	0
/tmp/w3a/smali/aoc/kingdoms/lukasz/menusInGame/InGame_War$12.smali	0
/tmp/w3a/smali/aoc/kingdoms/lukasz/menusInGame/InGame_War$13.smali	0
/tmp/w3a/smali/aoc/kingdoms/lukasz/menusInGame/InGame_War$14.smali	0
/tmp/w3a/smali/aoc/kingdoms/lukasz/menusInGame/InGame_War$15.smali	0
/tmp/w3a/smali/aoc/kingdoms/lukasz/menusInGame/InGame_War$16.smali	0
/tmp/w3a/smali/aoc/kingdoms/lukasz/menusInGame/InGame_War$17.smali	0
/tmp/w3a/smali/aoc/kingdoms/lukasz/menusInGame/InGame_War$2.smali	0
/tmp/w3a/smali/aoc/kingdoms/lukasz/menusInGame/InGame_War$3.smali	0
/tmp/w3a/smali/aoc/kingdoms/lukasz/menusInGame/InGame_War$4.smali	0
/tmp/w3a/smali/aoc/kingdoms/lukasz/menusInGame/InGame_War$5.smali	0
/tmp/w3a/smali/aoc/kingdoms/lukasz/menusInGame/InGame_War$6.smali	0
/tmp/w3a/smali/aoc/kingdoms/lukasz/menusInGame/InGame_War$7.smali	0
/tmp/w3a/smali/aoc/kingdoms/lukasz/menusInGame/InGame_War$8.smali	0
/tmp/w3a/smali/aoc/kingdoms/lukasz/menusInGame/InGame_War$9.smali	0
/tmp/w3a/smali/aoc/kingdoms/lukasz/menusInGame/InGame_War.smali	0
/tmp/w3a/smali/aoc/kingdoms/lukasz/menusInGame/InGame_Wonder$1.smali	0
/tmp/w3a/smali/aoc/kingdoms/lukasz/menusInGame/InGame_Wonder$2.smali	0
/tmp/w3a/smali/aoc/kingdoms/lukasz/menusInGame/InGame_Wonder$3.smali	0
/tmp/w3a/smali/aoc/kingdoms/lukasz/menusInGame/InGame_Wonder$4.smali	0
/tmp/w3a/smali/aoc/kingdoms/lukasz/menusInGame/InGame_Wonder.smali	0
/tmp/w3a/smali/aoc/kingdoms/lukasz/menusInGame/InGame_Wonders$1.smali	0
/tmp/w3a/smali/aoc/kingdoms/lukasz/menusInGame/InGame_Wonders$2.smali	0
/tmp/w3a/smali/aoc/kingdoms/lukasz/menusInGame/InGame_Wonders$3.smali	0
/tmp/w3a/smali/aoc/kingdoms/lukasz/menusInGame/InGame_Wonders.smali	0
/tmp/w3a/smali/aoc/kingdoms/lukasz/menusInGame/Info/InGame_Info$1.smali	0
/tmp/w3a/smali/aoc/kingdoms/lukasz/menusInGame/Info/InGame_Info$2.smali	0
/tmp/w3a/smali/aoc/kingdoms/lukasz/menusInGame/Info/InGame_Info.smali	0
/tmp/w3a/smali/aoc/kingdoms/lukasz/menusInGame/Info/InGame_Info_2$1.smali	0
/tmp/w3a/smali/aoc/kingdoms/lukasz/menusInGame/Info/InGame_Info_2$2.smali	0
/tmp/w3a/smali/aoc/kingdoms/lukasz/menusInGame/Info/InGame_Info_2.smali	0
/tmp/w3a/smali/aoc/kingdoms/lukasz/menusInGame/Laws/InGame_LawReform$1.smali	0
/tmp/w3a/smali/aoc/kingdoms/lukasz/menusInGame/Laws/InGame_LawReform$2.smali	0
/tmp/w3a/smali/aoc/kingdoms/lukasz/menusInGame/Laws/InGame_LawReform$3.smali	0
/tmp/w3a/smali/aoc/kingdoms/lukasz/menusInGame/Laws/InGame_LawReform$4.smali	0
/tmp/w3a/smali/aoc/kingdoms/lukasz/menusInGame/Laws/InGame_LawReform.smali	0
/tmp/w3a/smali/aoc/kingdoms/lukasz/menusInGame/Laws/InGame_Laws$1.smali	0
/tmp/w3a/smali/aoc/kingdoms/lukasz/menusInGame/Laws/InGame_Laws$2.smali	0
/tmp/w3a/smali/aoc/kingdoms/lukasz/menusInGame/Laws/InGame_Laws$3.smali	0
/tmp/w3a/smali/aoc/kingdoms/lukasz/menusInGame/Laws/InGame_Laws$4.smali	0
/tmp/w3a/smali/aoc/kingdoms/lukasz/menusInGame/Laws/InGame_Laws.smali	0
/tmp/w3a/smali/aoc/kingdoms/lukasz/menusInGame/Peace/InGame_Peace$1.smali	0
/tmp/w3a/smali/aoc/kingdoms/lukasz/menusInGame/Peace/InGame_Peace$10.smali	0
/tmp/w3a/smali/aoc/kingdoms/lukasz/menusInGame/Peace/InGame_Peace$11.smali	0
/tmp/w3a/smali/aoc/kingdoms/lukasz/menusInGame/Peace/InGame_Peace$12.smali	0
/tmp/w3a/smali/aoc/kingdoms/lukasz/menusInGame/Peace/InGame_Peace$13.smali	0
/tmp/w3a/smali/aoc/kingdoms/lukasz/menusInGame/Peace/InGame_Peace$14.smali	0
/tmp/w3a/smali/aoc/kingdoms/lukasz/menusInGame/Peace/InGame_Peace$15.smali	0
/tmp/w3a/smali/aoc/kingdoms/lukasz/menusInGame/Peace/InGame_Peace$16.smali	0
/tmp/w3a/smali/aoc/kingdoms/lukasz/menusInGame/Peace/InGame_Peace$17.smali	0
/tmp/w3a/smali/aoc/kingdoms/lukasz/menusInGame/Peace/InGame_Peace$18.smali	0
/tmp/w3a/smali/aoc/kingdoms/lukasz/menusInGame/Peace/InGame_Peace$19.smali	0
/tmp/w3a/smali/aoc/kingdoms/lukasz/menusInGame/Peace/InGame_Peace$2.smali	0
/tmp/w3a/smali/aoc/kingdoms/lukasz/menusInGame/Peace/InGame_Peace$20.smali	0
/tmp/w3a/smali/aoc/kingdoms/lukasz/menusInGame/Peace/InGame_Peace$21.smali	0
/tmp/w3a/smali/aoc/kingdoms/lukasz/menusInGame/Peace/InGame_Peace$22.smali	0
/tmp/w3a/smali/aoc/kingdoms/lukasz/menusInGame/Peace/InGame_Peace$23.smali	0
/tmp/w3a/smali/aoc/kingdoms/lukasz/menusInGame/Peace/InGame_Peace$24.smali	0
/tmp/w3a/smali/aoc/kingdoms/lukasz/menusInGame/Peace/InGame_Peace$25.smali	0
/tmp/w3a/smali/aoc/kingdoms/lukasz/menusInGame/Peace/InGame_Peace$26.smali	0
/tmp/w3a/smali/aoc/kingdoms/lukasz/menusInGame/Peace/InGame_Peace$27.smali	0
/tmp/w3a/smali/aoc/kingdoms/lukasz/menusInGame/Peace/InGame_Peace$28.smali	0
/tmp/w3a/smali/aoc/kingdoms/lukasz/menusInGame/Peace/InGame_Peace$29.smali	0
/tmp/w3a/smali/aoc/kingdoms/lukasz/menusInGame/Peace/InGame_Peace$3.smali	0
/tmp/w3a/smali/aoc/kingdoms/lukasz/menusInGame/Peace/InGame_Peace$30.smali	0
/tmp/w3a/smali/aoc/kingdoms/lukasz/menusInGame/Peace/InGame_Peace$31.smali	0
/tmp/w3a/smali/aoc/kingdoms/lukasz/menusInGame/Peace/InGame_Peace$32.smali	0
/tmp/w3a/smali/aoc/kingdoms/lukasz/menusInGame/Peace/InGame_Peace$33.smali	0
/tmp/w3a/smali/aoc/kingdoms/lukasz/menusInGame/Peace/InGame_Peace$34.smali	0
/tmp/w3a/smali/aoc/kingdoms/lukasz/menusInGame/Peace/InGame_Peace$4.smali	0
/tmp/w3a/smali/aoc/kingdoms/lukasz/menusInGame/Peace/InGame_Peace$5.smali	0
/tmp/w3a/smali/aoc/kingdoms/lukasz/menusInGame/Peace/InGame_Peace$6.smali	0
/tmp/w3a/smali/aoc/kingdoms/lukasz/menusInGame/Peace/InGame_Peace$7.smali	0
/tmp/w3a/smali/aoc/kingdoms/lukasz/menusInGame/Peace/InGame_Peace$8.smali	0
/tmp/w3a/smali/aoc/kingdoms/lukasz/menusInGame/Peace/InGame_Peace$9.smali	0
/tmp/w3a/smali/aoc/kingdoms/lukasz/menusInGame/Peace/InGame_Peace.smali	0
/tmp/w3a/smali/aoc/kingdoms/lukasz/menusInGame/Province/InGame_ProvinceArmy$1.smali	0
/tmp/w3a/smali/aoc/kingdoms/lukasz/menusInGame/Province/InGame_ProvinceArmy$10.smali	0
/tmp/w3a/smali/aoc/kingdoms/lukasz/menusInGame/Province/InGame_ProvinceArmy$11.smali	0
/tmp/w3a/smali/aoc/kingdoms/lukasz/menusInGame/Province/InGame_ProvinceArmy$2.smali	0
/tmp/w3a/smali/aoc/kingdoms/lukasz/menusInGame/Province/InGame_ProvinceArmy$3.smali	0
/tmp/w3a/smali/aoc/kingdoms/lukasz/menusInGame/Province/InGame_ProvinceArmy$4.smali	0
/tmp/w3a/smali/aoc/kingdoms/lukasz/menusInGame/Province/InGame_ProvinceArmy$5.smali	0
/tmp/w3a/smali/aoc/kingdoms/lukasz/menusInGame/Province/InGame_ProvinceArmy$6.smali	0
/tmp/w3a/smali/aoc/kingdoms/lukasz/menusInGame/Province/InGame_ProvinceArmy$7.smali	0
/tmp/w3a/smali/aoc/kingdoms/lukasz/menusInGame/Province/InGame_ProvinceArmy$8.smali	0
/tmp/w3a/smali/aoc/kingdoms/lukasz/menusInGame/Province/InGame_ProvinceArmy$9.smali	0
/tmp/w3a/smali/aoc/kingdoms/lukasz/menusInGame/Province/InGame_ProvinceArmy.smali	0
/tmp/w3a/smali/aoc/kingdoms/lukasz/menusInGame/Province/InGame_ProvinceArmyTopBar$1.smali	0
/tmp/w3a/smali/aoc/kingdoms/lukasz/menusInGame/Province/InGame_ProvinceArmyTopBar$10.smali	0
/tmp/w3a/smali/aoc/kingdoms/lukasz/menusInGame/Province/InGame_ProvinceArmyTopBar$2.smali	0
/tmp/w3a/smali/aoc/kingdoms/lukasz/menusInGame/Province/InGame_ProvinceArmyTopBar$3.smali	0
/tmp/w3a/smali/aoc/kingdoms/lukasz/menusInGame/Province/InGame_ProvinceArmyTopBar$4.smali	0
/tmp/w3a/smali/aoc/kingdoms/lukasz/menusInGame/Province/InGame_ProvinceArmyTopBar$5.smali	0
/tmp/w3a/smali/aoc/kingdoms/lukasz/menusInGame/Province/InGame_ProvinceArmyTopBar$6.smali	0
/tmp/w3a/smali/aoc/kingdoms/lukasz/menusInGame/Province/InGame_ProvinceArmyTopBar$7.smali	0
/tmp/w3a/smali/aoc/kingdoms/lukasz/menusInGame/Province/InGame_ProvinceArmyTopBar$8.smali	0
/tmp/w3a/smali/aoc/kingdoms/lukasz/menusInGame/Province/InGame_ProvinceArmyTopBar$9.smali	0
/tmp/w3a/smali/aoc/kingdoms/lukasz/menusInGame/Province/InGame_ProvinceArmyTopBar.smali	0
/tmp/w3a/smali/aoc/kingdoms/lukasz/menusInGame/Province/InGame_ProvinceArmyUnits$1.smali	0
/tmp/w3a/smali/aoc/kingdoms/lukasz/menusInGame/Province/InGame_ProvinceArmyUnits$2.smali	0
/tmp/w3a/smali/aoc/kingdoms/lukasz/menusInGame/Province/InGame_ProvinceArmyUnits$3.smali	0
/tmp/w3a/smali/aoc/kingdoms/lukasz/menusInGame/Province/InGame_ProvinceArmyUnits.smali	0
/tmp/w3a/smali/aoc/kingdoms/lukasz/menusInGame/Province/InGame_ProvinceArmy_Invasion$1.smali	0
/tmp/w3a/smali/aoc/kingdoms/lukasz/menusInGame/Province/InGame_ProvinceArmy_Invasion$2.smali	0
/tmp/w3a/smali/aoc/kingdoms/lukasz/menusInGame/Province/InGame_ProvinceArmy_Invasion$3.smali	0
/tmp/w3a/smali/aoc/kingdoms/lukasz/menusInGame/Province/InGame_ProvinceArmy_Invasion$4.smali	0
/tmp/w3a/smali/aoc/kingdoms/lukasz/menusInGame/Province/InGame_ProvinceArmy_Invasion$5.smali	0
/tmp/w3a/smali/aoc/kingdoms/lukasz/menusInGame/Province/InGame_ProvinceArmy_Invasion.smali	0
/tmp/w3a/smali/aoc/kingdoms/lukasz/menusInGame/Province/InGame_ProvinceArmy_Move$1.smali	0
/tmp/w3a/smali/aoc/kingdoms/lukasz/menusInGame/Province/InGame_ProvinceArmy_Move.smali	0
/tmp/w3a/smali/aoc/kingdoms/lukasz/menusInGame/Province/InGame_ProvinceArmy_Regroup$1.smali	0
/tmp/w3a/smali/aoc/kingdoms/lukasz/menusInGame/Province/InGame_ProvinceArmy_Regroup$2.smali	0
/tmp/w3a/smali/aoc/kingdoms/lukasz/menusInGame/Province/InGame_ProvinceArmy_Regroup$3.smali	0
/tmp/w3a/smali/aoc/kingdoms/lukasz/menusInGame/Province/InGame_ProvinceArmy_Regroup$4.smali	0
/tmp/w3a/smali/aoc/kingdoms/lukasz/menusInGame/Province/InGame_ProvinceArmy_Regroup$5.smali	0
/tmp/w3a/smali/aoc/kingdoms/lukasz/menusInGame/Province/InGame_ProvinceArmy_Regroup.smali	0
/tmp/w3a/smali/aoc/kingdoms/lukasz/menusInGame/Province/InGame_ProvinceBonuses$1.smali	0
/tmp/w3a/smali/aoc/kingdoms/lukasz/menusInGame/Province/InGame_ProvinceBonuses$2.smali	0
/tmp/w3a/smali/aoc/kingdoms/lukasz/menusInGame/Province/InGame_ProvinceBonuses$3.smali	0
/tmp/w3a/smali/aoc/kingdoms/lukasz/menusInGame/Province/InGame_ProvinceBonuses$4.smali	0
/tmp/w3a/smali/aoc/kingdoms/lukasz/menusInGame/Province/InGame_ProvinceBonuses$5.smali	0
/tmp/w3a/smali/aoc/kingdoms/lukasz/menusInGame/Province/InGame_ProvinceBonuses.smali	0
/tmp/w3a/smali/aoc/kingdoms/lukasz/menusInGame/Province/InGame_ProvinceInfo$1.smali	0
/tmp/w3a/smali/aoc/kingdoms/lukasz/menusInGame/Province/InGame_ProvinceInfo$10$1.smali	0
/tmp/w3a/smali/aoc/kingdoms/lukasz/menusInGame/Province/InGame_ProvinceInfo$10.smali	0
/tmp/w3a/smali/aoc/kingdoms/lukasz/menusInGame/Province/InGame_ProvinceInfo$11$1.smali	0
/tmp/w3a/smali/aoc/kingdoms/lukasz/menusInGame/Province/InGame_ProvinceInfo$11.smali	0
/tmp/w3a/smali/aoc/kingdoms/lukasz/menusInGame/Province/InGame_ProvinceInfo$12.smali	0
/tmp/w3a/smali/aoc/kingdoms/lukasz/menusInGame/Province/InGame_ProvinceInfo$13.smali	0
/tmp/w3a/smali/aoc/kingdoms/lukasz/menusInGame/Province/InGame_ProvinceInfo$14.smali	0
/tmp/w3a/smali/aoc/kingdoms/lukasz/menusInGame/Province/InGame_ProvinceInfo$15$1.smali	0
/tmp/w3a/smali/aoc/kingdoms/lukasz/menusInGame/Province/InGame_ProvinceInfo$15.smali	0
/tmp/w3a/smali/aoc/kingdoms/lukasz/menusInGame/Province/InGame_ProvinceInfo$16.smali	0
/tmp/w3a/smali/aoc/kingdoms/lukasz/menusInGame/Province/InGame_ProvinceInfo$17.smali	0
/tmp/w3a/smali/aoc/kingdoms/lukasz/menusInGame/Province/InGame_ProvinceInfo$18$1.smali	0
/tmp/w3a/smali/aoc/kingdoms/lukasz/menusInGame/Province/InGame_ProvinceInfo$18.smali	0
/tmp/w3a/smali/aoc/kingdoms/lukasz/menusInGame/Province/InGame_ProvinceInfo$19.smali	0
/tmp/w3a/smali/aoc/kingdoms/lukasz/menusInGame/Province/InGame_ProvinceInfo$2.smali	0
/tmp/w3a/smali/aoc/kingdoms/lukasz/menusInGame/Province/InGame_ProvinceInfo$20$1.smali	0
/tmp/w3a/smali/aoc/kingdoms/lukasz/menusInGame/Province/InGame_ProvinceInfo$20.smali	0
/tmp/w3a/smali/aoc/kingdoms/lukasz/menusInGame/Province/InGame_ProvinceInfo$21.smali	0
/tmp/w3a/smali/aoc/kingdoms/lukasz/menusInGame/Province/InGame_ProvinceInfo$22.smali	0
/tmp/w3a/smali/aoc/kingdoms/lukasz/menusInGame/Province/InGame_ProvinceInfo$23$1.smali	0
/tmp/w3a/smali/aoc/kingdoms/lukasz/menusInGame/Province/InGame_ProvinceInfo$23.smali	0
/tmp/w3a/smali/aoc/kingdoms/lukasz/menusInGame/Province/InGame_ProvinceInfo$24$1.smali	0
/tmp/w3a/smali/aoc/kingdoms/lukasz/menusInGame/Province/InGame_ProvinceInfo$24.smali	0
/tmp/w3a/smali/aoc/kingdoms/lukasz/menusInGame/Province/InGame_ProvinceInfo$25.smali	0
/tmp/w3a/smali/aoc/kingdoms/lukasz/menusInGame/Province/InGame_ProvinceInfo$26.smali	0
/tmp/w3a/smali/aoc/kingdoms/lukasz/menusInGame/Province/InGame_ProvinceInfo$27$1.smali	0
/tmp/w3a/smali/aoc/kingdoms/lukasz/menusInGame/Province/InGame_ProvinceInfo$27.smali	0
/tmp/w3a/smali/aoc/kingdoms/lukasz/menusInGame/Province/InGame_ProvinceInfo$28$1.smali	0
/tmp/w3a/smali/aoc/kingdoms/lukasz/menusInGame/Province/InGame_ProvinceInfo$28.smali	0
/tmp/w3a/smali/aoc/kingdoms/lukasz/menusInGame/Province/InGame_ProvinceInfo$29.smali	0
/tmp/w3a/smali/aoc/kingdoms/lukasz/menusInGame/Province/InGame_ProvinceInfo$3$1.smali	0
/tmp/w3a/smali/aoc/kingdoms/lukasz/menusInGame/Province/InGame_ProvinceInfo$3.smali	0
/tmp/w3a/smali/aoc/kingdoms/lukasz/menusInGame/Province/InGame_ProvinceInfo$30.smali	0
/tmp/w3a/smali/aoc/kingdoms/lukasz/menusInGame/Province/InGame_ProvinceInfo$31.smali	0
/tmp/w3a/smali/aoc/kingdoms/lukasz/menusInGame/Province/InGame_ProvinceInfo$32.smali	0
/tmp/w3a/smali/aoc/kingdoms/lukasz/menusInGame/Province/InGame_ProvinceInfo$33$1.smali	0
/tmp/w3a/smali/aoc/kingdoms/lukasz/menusInGame/Province/InGame_ProvinceInfo$33.smali	0
/tmp/w3a/smali/aoc/kingdoms/lukasz/menusInGame/Province/InGame_ProvinceInfo$34.smali	0
/tmp/w3a/smali/aoc/kingdoms/lukasz/menusInGame/Province/InGame_ProvinceInfo$35$1.smali	0
/tmp/w3a/smali/aoc/kingdoms/lukasz/menusInGame/Province/InGame_ProvinceInfo$35.smali	0
/tmp/w3a/smali/aoc/kingdoms/lukasz/menusInGame/Province/InGame_ProvinceInfo$36.smali	0
/tmp/w3a/smali/aoc/kingdoms/lukasz/menusInGame/Province/InGame_ProvinceInfo$37.smali	0
/tmp/w3a/smali/aoc/kingdoms/lukasz/menusInGame/Province/InGame_ProvinceInfo$38.smali	0
/tmp/w3a/smali/aoc/kingdoms/lukasz/menusInGame/Province/InGame_ProvinceInfo$39.smali	0
/tmp/w3a/smali/aoc/kingdoms/lukasz/menusInGame/Province/InGame_ProvinceInfo$4.smali	0
/tmp/w3a/smali/aoc/kingdoms/lukasz/menusInGame/Province/InGame_ProvinceInfo$40.smali	0
/tmp/w3a/smali/aoc/kingdoms/lukasz/menusInGame/Province/InGame_ProvinceInfo$41.smali	0
/tmp/w3a/smali/aoc/kingdoms/lukasz/menusInGame/Province/InGame_ProvinceInfo$42.smali	0
/tmp/w3a/smali/aoc/kingdoms/lukasz/menusInGame/Province/InGame_ProvinceInfo$43.smali	0
/tmp/w3a/smali/aoc/kingdoms/lukasz/menusInGame/Province/InGame_ProvinceInfo$44.smali	0
/tmp/w3a/smali/aoc/kingdoms/lukasz/menusInGame/Province/InGame_ProvinceInfo$45.smali	0
/tmp/w3a/smali/aoc/kingdoms/lukasz/menusInGame/Province/InGame_ProvinceInfo$46.smali	0
/tmp/w3a/smali/aoc/kingdoms/lukasz/menusInGame/Province/InGame_ProvinceInfo$47.smali	0
/tmp/w3a/smali/aoc/kingdoms/lukasz/menusInGame/Province/InGame_ProvinceInfo$48.smali	0
/tmp/w3a/smali/aoc/kingdoms/lukasz/menusInGame/Province/InGame_ProvinceInfo$49.smali	0
/tmp/w3a/smali/aoc/kingdoms/lukasz/menusInGame/Province/InGame_ProvinceInfo$5.smali	0
/tmp/w3a/smali/aoc/kingdoms/lukasz/menusInGame/Province/InGame_ProvinceInfo$6$1.smali	0
/tmp/w3a/smali/aoc/kingdoms/lukasz/menusInGame/Province/InGame_ProvinceInfo$6.smali	0
/tmp/w3a/smali/aoc/kingdoms/lukasz/menusInGame/Province/InGame_ProvinceInfo$7$1.smali	0
/tmp/w3a/smali/aoc/kingdoms/lukasz/menusInGame/Province/InGame_ProvinceInfo$7.smali	0
/tmp/w3a/smali/aoc/kingdoms/lukasz/menusInGame/Province/InGame_ProvinceInfo$8.smali	0
/tmp/w3a/smali/aoc/kingdoms/lukasz/menusInGame/Province/InGame_ProvinceInfo$9.smali	0
/tmp/w3a/smali/aoc/kingdoms/lukasz/menusInGame/Province/InGame_ProvinceInfo.smali	0
/tmp/w3a/smali/aoc/kingdoms/lukasz/menusInGame/Province/InGame_ProvinceInfoBuildings$1.smali	0
/tmp/w3a/smali/aoc/kingdoms/lukasz/menusInGame/Province/InGame_ProvinceInfoBuildings$2.smali	0
/tmp/w3a/smali/aoc/kingdoms/lukasz/menusInGame/Province/InGame_ProvinceInfoBuildings$3.smali	0
/tmp/w3a/smali/aoc/kingdoms/lukasz/menusInGame/Province/InGame_ProvinceInfoBuildings$4.smali	0
/tmp/w3a/smali/aoc/kingdoms/lukasz/menusInGame/Province/InGame_ProvinceInfoBuildings$5.smali	0
/tmp/w3a/smali/aoc/kingdoms/lukasz/menusInGame/Province/InGame_ProvinceInfoBuildings.smali	0
/tmp/w3a/smali/aoc/kingdoms/lukasz/menusInGame/Province/InGame_ProvinceInfo_Army$1.smali	0
/tmp/w3a/smali/aoc/kingdoms/lukasz/menusInGame/Province/InGame_ProvinceInfo_Army.smali	0
/tmp/w3a/smali/aoc/kingdoms/lukasz/menusInGame/Province/InGame_ProvinceSiege$1.smali	0
/tmp/w3a/smali/aoc/kingdoms/lukasz/menusInGame/Province/InGame_ProvinceSiege$2.smali	0
/tmp/w3a/smali/aoc/kingdoms/lukasz/menusInGame/Province/InGame_ProvinceSiege$3.smali	0
/tmp/w3a/smali/aoc/kingdoms/lukasz/menusInGame/Province/InGame_ProvinceSiege$4.smali	0
/tmp/w3a/smali/aoc/kingdoms/lukasz/menusInGame/Province/InGame_ProvinceSiege$5.smali	0
/tmp/w3a/smali/aoc/kingdoms/lukasz/menusInGame/Province/InGame_ProvinceSiege$6.smali	0
/tmp/w3a/smali/aoc/kingdoms/lukasz/menusInGame/Province/InGame_ProvinceSiege.smali	0
/tmp/w3a/smali/aoc/kingdoms/lukasz/menusInGame/RecruitArmy/InGame_RecruitArmy$1.smali	0
/tmp/w3a/smali/aoc/kingdoms/lukasz/menusInGame/RecruitArmy/InGame_RecruitArmy$10.smali	0
/tmp/w3a/smali/aoc/kingdoms/lukasz/menusInGame/RecruitArmy/InGame_RecruitArmy$11.smali	0
/tmp/w3a/smali/aoc/kingdoms/lukasz/menusInGame/RecruitArmy/InGame_RecruitArmy$12.smali	0
/tmp/w3a/smali/aoc/kingdoms/lukasz/menusInGame/RecruitArmy/InGame_RecruitArmy$13$1.smali	0
/tmp/w3a/smali/aoc/kingdoms/lukasz/menusInGame/RecruitArmy/InGame_RecruitArmy$13.smali	0
/tmp/w3a/smali/aoc/kingdoms/lukasz/menusInGame/RecruitArmy/InGame_RecruitArmy$14.smali	0
/tmp/w3a/smali/aoc/kingdoms/lukasz/menusInGame/RecruitArmy/InGame_RecruitArmy$15.smali	0
/tmp/w3a/smali/aoc/kingdoms/lukasz/menusInGame/RecruitArmy/InGame_RecruitArmy$16$1.smali	0
/tmp/w3a/smali/aoc/kingdoms/lukasz/menusInGame/RecruitArmy/InGame_RecruitArmy$16.smali	0
/tmp/w3a/smali/aoc/kingdoms/lukasz/menusInGame/RecruitArmy/InGame_RecruitArmy$17$1.smali	0
/tmp/w3a/smali/aoc/kingdoms/lukasz/menusInGame/RecruitArmy/InGame_RecruitArmy$17.smali	0
/tmp/w3a/smali/aoc/kingdoms/lukasz/menusInGame/RecruitArmy/InGame_RecruitArmy$18$1.smali	0
/tmp/w3a/smali/aoc/kingdoms/lukasz/menusInGame/RecruitArmy/InGame_RecruitArmy$18.smali	0
/tmp/w3a/smali/aoc/kingdoms/lukasz/menusInGame/RecruitArmy/InGame_RecruitArmy$19.smali	0
/tmp/w3a/smali/aoc/kingdoms/lukasz/menusInGame/RecruitArmy/InGame_RecruitArmy$2.smali	0
/tmp/w3a/smali/aoc/kingdoms/lukasz/menusInGame/RecruitArmy/InGame_RecruitArmy$20.smali	0
/tmp/w3a/smali/aoc/kingdoms/lukasz/menusInGame/RecruitArmy/InGame_RecruitArmy$21.smali	0
/tmp/w3a/smali/aoc/kingdoms/lukasz/menusInGame/RecruitArmy/InGame_RecruitArmy$22$1.smali	0
/tmp/w3a/smali/aoc/kingdoms/lukasz/menusInGame/RecruitArmy/InGame_RecruitArmy$22.smali	0
/tmp/w3a/smali/aoc/kingdoms/lukasz/menusInGame/RecruitArmy/InGame_RecruitArmy$23.smali	0
/tmp/w3a/smali/aoc/kingdoms/lukasz/menusInGame/RecruitArmy/InGame_RecruitArmy$24$1.smali	0
/tmp/w3a/smali/aoc/kingdoms/lukasz/menusInGame/RecruitArmy/InGame_RecruitArmy$24.smali	0
/tmp/w3a/smali/aoc/kingdoms/lukasz/menusInGame/RecruitArmy/InGame_RecruitArmy$25$1.smali	0
/tmp/w3a/smali/aoc/kingdoms/lukasz/menusInGame/RecruitArmy/InGame_RecruitArmy$25.smali	0
/tmp/w3a/smali/aoc/kingdoms/lukasz/menusInGame/RecruitArmy/InGame_RecruitArmy$26.smali	0
/tmp/w3a/smali/aoc/kingdoms/lukasz/menusInGame/RecruitArmy/InGame_RecruitArmy$3.smali	0
/tmp/w3a/smali/aoc/kingdoms/lukasz/menusInGame/RecruitArmy/InGame_RecruitArmy$4.smali	0
/tmp/w3a/smali/aoc/kingdoms/lukasz/menusInGame/RecruitArmy/InGame_RecruitArmy$5.smali	0
/tmp/w3a/smali/aoc/kingdoms/lukasz/menusInGame/RecruitArmy/InGame_RecruitArmy$6$1.smali	0
/tmp/w3a/smali/aoc/kingdoms/lukasz/menusInGame/RecruitArmy/InGame_RecruitArmy$6.smali	0
/tmp/w3a/smali/aoc/kingdoms/lukasz/menusInGame/RecruitArmy/InGame_RecruitArmy$7.smali	0
/tmp/w3a/smali/aoc/kingdoms/lukasz/menusInGame/RecruitArmy/InGame_RecruitArmy$8.smali	0
/tmp/w3a/smali/aoc/kingdoms/lukasz/menusInGame/RecruitArmy/InGame_RecruitArmy$9.smali	0
/tmp/w3a/smali/aoc/kingdoms/lukasz/menusInGame/RecruitArmy/InGame_RecruitArmy.smali	0
/tmp/w3a/smali/aoc/kingdoms/lukasz/menusInGame/RecruitArmy/InGame_RecruitArmy_NewArmy$1.smali	0
/tmp/w3a/smali/aoc/kingdoms/lukasz/menusInGame/RecruitArmy/InGame_RecruitArmy_NewArmy$10.smali	0
/tmp/w3a/smali/aoc/kingdoms/lukasz/menusInGame/RecruitArmy/InGame_RecruitArmy_NewArmy$11.smali	0
/tmp/w3a/smali/aoc/kingdoms/lukasz/menusInGame/RecruitArmy/InGame_RecruitArmy_NewArmy$12.smali	0
/tmp/w3a/smali/aoc/kingdoms/lukasz/menusInGame/RecruitArmy/InGame_RecruitArmy_NewArmy$13.smali	0
/tmp/w3a/smali/aoc/kingdoms/lukasz/menusInGame/RecruitArmy/InGame_RecruitArmy_NewArmy$14.smali	0
/tmp/w3a/smali/aoc/kingdoms/lukasz/menusInGame/RecruitArmy/InGame_RecruitArmy_NewArmy$15.smali	0
/tmp/w3a/smali/aoc/kingdoms/lukasz/menusInGame/RecruitArmy/InGame_RecruitArmy_NewArmy$16.smali	0
/tmp/w3a/smali/aoc/kingdoms/lukasz/menusInGame/RecruitArmy/InGame_RecruitArmy_NewArmy$2.smali	0
/tmp/w3a/smali/aoc/kingdoms/lukasz/menusInGame/RecruitArmy/InGame_RecruitArmy_NewArmy$3.smali	0
/tmp/w3a/smali/aoc/kingdoms/lukasz/menusInGame/RecruitArmy/InGame_RecruitArmy_NewArmy$4.smali	0
/tmp/w3a/smali/aoc/kingdoms/lukasz/menusInGame/RecruitArmy/InGame_RecruitArmy_NewArmy$5.smali	0
/tmp/w3a/smali/aoc/kingdoms/lukasz/menusInGame/RecruitArmy/InGame_RecruitArmy_NewArmy$6$1.smali	0
/tmp/w3a/smali/aoc/kingdoms/lukasz/menusInGame/RecruitArmy/InGame_RecruitArmy_NewArmy$6.smali	0
/tmp/w3a/smali/aoc/kingdoms/lukasz/menusInGame/RecruitArmy/InGame_RecruitArmy_NewArmy$7.smali	0
/tmp/w3a/smali/aoc/kingdoms/lukasz/menusInGame/RecruitArmy/InGame_RecruitArmy_NewArmy$8.smali	0
/tmp/w3a/smali/aoc/kingdoms/lukasz/menusInGame/RecruitArmy/InGame_RecruitArmy_NewArmy$9.smali	0
/tmp/w3a/smali/aoc/kingdoms/lukasz/menusInGame/RecruitArmy/InGame_RecruitArmy_NewArmy$CreateNewArmy.smali	0
/tmp/w3a/smali/aoc/kingdoms/lukasz/menusInGame/RecruitArmy/InGame_RecruitArmy_NewArmy.smali	0
/tmp/w3a/smali/aoc/kingdoms/lukasz/menusInGame/RecruitArmy/InGame_RecruitArmy_NewArmy_Battlefield$1.smali	0
/tmp/w3a/smali/aoc/kingdoms/lukasz/menusInGame/RecruitArmy/InGame_RecruitArmy_NewArmy_Battlefield$10.smali	0
/tmp/w3a/smali/aoc/kingdoms/lukasz/menusInGame/RecruitArmy/InGame_RecruitArmy_NewArmy_Battlefield$2.smali	0
/tmp/w3a/smali/aoc/kingdoms/lukasz/menusInGame/RecruitArmy/InGame_RecruitArmy_NewArmy_Battlefield$3.smali	0
/tmp/w3a/smali/aoc/kingdoms/lukasz/menusInGame/RecruitArmy/InGame_RecruitArmy_NewArmy_Battlefield$4.smali	0
/tmp/w3a/smali/aoc/kingdoms/lukasz/menusInGame/RecruitArmy/InGame_RecruitArmy_NewArmy_Battlefield$5.smali	0
/tmp/w3a/smali/aoc/kingdoms/lukasz/menusInGame/RecruitArmy/InGame_RecruitArmy_NewArmy_Battlefield$6.smali	0
/tmp/w3a/smali/aoc/kingdoms/lukasz/menusInGame/RecruitArmy/InGame_RecruitArmy_NewArmy_Battlefield$7.smali	0
/tmp/w3a/smali/aoc/kingdoms/lukasz/menusInGame/RecruitArmy/InGame_RecruitArmy_NewArmy_Battlefield$8.smali	0
/tmp/w3a/smali/aoc/kingdoms/lukasz/menusInGame/RecruitArmy/InGame_RecruitArmy_NewArmy_Battlefield$9.smali	0
/tmp/w3a/smali/aoc/kingdoms/lukasz/menusInGame/RecruitArmy/InGame_RecruitArmy_NewArmy_Battlefield.smali	0
/tmp/w3a/smali/aoc/kingdoms/lukasz/menusInGame/RecruitArmy/InGame_RecruitMercenaries$1.smali	0
/tmp/w3a/smali/aoc/kingdoms/lukasz/menusInGame/RecruitArmy/InGame_RecruitMercenaries$2.smali	0
/tmp/w3a/smali/aoc/kingdoms/lukasz/menusInGame/RecruitArmy/InGame_RecruitMercenaries$3.smali	0
/tmp/w3a/smali/aoc/kingdoms/lukasz/menusInGame/RecruitArmy/InGame_RecruitMercenaries$4.smali	0
/tmp/w3a/smali/aoc/kingdoms/lukasz/menusInGame/RecruitArmy/InGame_RecruitMercenaries$5.smali	0
/tmp/w3a/smali/aoc/kingdoms/lukasz/menusInGame/RecruitArmy/InGame_RecruitMercenaries$6.smali	0
/tmp/w3a/smali/aoc/kingdoms/lukasz/menusInGame/RecruitArmy/InGame_RecruitMercenaries.smali	0
/tmp/w3a/smali/aoc/kingdoms/lukasz/menusInGame/RecruitArmy/InGame_RecruitSameType$1.smali	0
/tmp/w3a/smali/aoc/kingdoms/lukasz/menusInGame/RecruitArmy/InGame_RecruitSameType$2.smali	0
/tmp/w3a/smali/aoc/kingdoms/lukasz/menusInGame/RecruitArmy/InGame_RecruitSameType.smali	0
/tmp/w3a/smali/aoc/kingdoms/lukasz/menusInGame/Right/InGame_Right$1.smali	0
/tmp/w3a/smali/aoc/kingdoms/lukasz/menusInGame/Right/InGame_Right$2.smali	0
/tmp/w3a/smali/aoc/kingdoms/lukasz/menusInGame/Right/InGame_Right$3.smali	0
/tmp/w3a/smali/aoc/kingdoms/lukasz/menusInGame/Right/InGame_Right$4.smali	0
/tmp/w3a/smali/aoc/kingdoms/lukasz/menusInGame/Right/InGame_Right$5.smali	0
/tmp/w3a/smali/aoc/kingdoms/lukasz/menusInGame/Right/InGame_Right$6.smali	0
/tmp/w3a/smali/aoc/kingdoms/lukasz/menusInGame/Right/InGame_Right.smali	0
/tmp/w3a/smali/aoc/kingdoms/lukasz/menusInGame/Right/InGame_RightEconomy$1.smali	0
/tmp/w3a/smali/aoc/kingdoms/lukasz/menusInGame/Right/InGame_RightEconomy$10.smali	0
/tmp/w3a/smali/aoc/kingdoms/lukasz/menusInGame/Right/InGame_RightEconomy$11.smali	0
/tmp/w3a/smali/aoc/kingdoms/lukasz/menusInGame/Right/InGame_RightEconomy$12.smali	0
/tmp/w3a/smali/aoc/kingdoms/lukasz/menusInGame/Right/InGame_RightEconomy$13.smali	0
/tmp/w3a/smali/aoc/kingdoms/lukasz/menusInGame/Right/InGame_RightEconomy$2.smali	0
/tmp/w3a/smali/aoc/kingdoms/lukasz/menusInGame/Right/InGame_RightEconomy$3.smali	0
/tmp/w3a/smali/aoc/kingdoms/lukasz/menusInGame/Right/InGame_RightEconomy$4.smali	0
/tmp/w3a/smali/aoc/kingdoms/lukasz/menusInGame/Right/InGame_RightEconomy$5.smali	0
/tmp/w3a/smali/aoc/kingdoms/lukasz/menusInGame/Right/InGame_RightEconomy$6.smali	0
/tmp/w3a/smali/aoc/kingdoms/lukasz/menusInGame/Right/InGame_RightEconomy$7.smali	0
/tmp/w3a/smali/aoc/kingdoms/lukasz/menusInGame/Right/InGame_RightEconomy$8.smali	0
/tmp/w3a/smali/aoc/kingdoms/lukasz/menusInGame/Right/InGame_RightEconomy$9.smali	0
/tmp/w3a/smali/aoc/kingdoms/lukasz/menusInGame/Right/InGame_RightEconomy.smali	0
/tmp/w3a/smali/aoc/kingdoms/lukasz/menusInGame/Right/InGame_RightGoods$1.smali	0
/tmp/w3a/smali/aoc/kingdoms/lukasz/menusInGame/Right/InGame_RightGoods$10.smali	0
/tmp/w3a/smali/aoc/kingdoms/lukasz/menusInGame/Right/InGame_RightGoods$11.smali	0
/tmp/w3a/smali/aoc/kingdoms/lukasz/menusInGame/Right/InGame_RightGoods$2.smali	0
/tmp/w3a/smali/aoc/kingdoms/lukasz/menusInGame/Right/InGame_RightGoods$3.smali	0
/tmp/w3a/smali/aoc/kingdoms/lukasz/menusInGame/Right/InGame_RightGoods$4.smali	0
/tmp/w3a/smali/aoc/kingdoms/lukasz/menusInGame/Right/InGame_RightGoods$5.smali	0
/tmp/w3a/smali/aoc/kingdoms/lukasz/menusInGame/Right/InGame_RightGoods$6.smali	0
/tmp/w3a/smali/aoc/kingdoms/lukasz/menusInGame/Right/InGame_RightGoods$7.smali	0
/tmp/w3a/smali/aoc/kingdoms/lukasz/menusInGame/Right/InGame_RightGoods$8.smali	0
/tmp/w3a/smali/aoc/kingdoms/lukasz/menusInGame/Right/InGame_RightGoods$9.smali	0
/tmp/w3a/smali/aoc/kingdoms/lukasz/menusInGame/Right/InGame_RightGoods.smali	0
/tmp/w3a/smali/aoc/kingdoms/lukasz/menusInGame/Right/InGame_RightGoodsProvinces$1.smali	0
/tmp/w3a/smali/aoc/kingdoms/lukasz/menusInGame/Right/InGame_RightGoodsProvinces$2.smali	0
/tmp/w3a/smali/aoc/kingdoms/lukasz/menusInGame/Right/InGame_RightGoodsProvinces$3.smali	0
/tmp/w3a/smali/aoc/kingdoms/lukasz/menusInGame/Right/InGame_RightGoodsProvinces$4.smali	0
/tmp/w3a/smali/aoc/kingdoms/lukasz/menusInGame/Right/InGame_RightGoodsProvinces$5.smali	0
/tmp/w3a/smali/aoc/kingdoms/lukasz/menusInGame/Right/InGame_RightGoodsProvinces$6.smali	0
/tmp/w3a/smali/aoc/kingdoms/lukasz/menusInGame/Right/InGame_RightGoodsProvinces$7.smali	0
/tmp/w3a/smali/aoc/kingdoms/lukasz/menusInGame/Right/InGame_RightGoodsProvinces.smali	0
/tmp/w3a/smali/aoc/kingdoms/lukasz/menusInGame/Right/InGame_RightGovernment$1.smali	0
/tmp/w3a/smali/aoc/kingdoms/lukasz/menusInGame/Right/InGame_RightGovernment$10.smali	0
/tmp/w3a/smali/aoc/kingdoms/lukasz/menusInGame/Right/InGame_RightGovernment$11.smali	0
/tmp/w3a/smali/aoc/kingdoms/lukasz/menusInGame/Right/InGame_RightGovernment$12.smali	0
/tmp/w3a/smali/aoc/kingdoms/lukasz/menusInGame/Right/InGame_RightGovernment$13.smali	0
/tmp/w3a/smali/aoc/kingdoms/lukasz/menusInGame/Right/InGame_RightGovernment$14.smali	0
/tmp/w3a/smali/aoc/kingdoms/lukasz/menusInGame/Right/InGame_RightGovernment$15.smali	0
/tmp/w3a/smali/aoc/kingdoms/lukasz/menusInGame/Right/InGame_RightGovernment$16.smali	0
/tmp/w3a/smali/aoc/kingdoms/lukasz/menusInGame/Right/InGame_RightGovernment$2.smali	0
/tmp/w3a/smali/aoc/kingdoms/lukasz/menusInGame/Right/InGame_RightGovernment$3.smali	0
/tmp/w3a/smali/aoc/kingdoms/lukasz/menusInGame/Right/InGame_RightGovernment$4.smali	0
/tmp/w3a/smali/aoc/kingdoms/lukasz/menusInGame/Right/InGame_RightGovernment$5.smali	0
/tmp/w3a/smali/aoc/kingdoms/lukasz/menusInGame/Right/InGame_RightGovernment$6.smali	0
/tmp/w3a/smali/aoc/kingdoms/lukasz/menusInGame/Right/InGame_RightGovernment$7.smali	0
/tmp/w3a/smali/aoc/kingdoms/lukasz/menusInGame/Right/InGame_RightGovernment$8.smali	0
/tmp/w3a/smali/aoc/kingdoms/lukasz/menusInGame/Right/InGame_RightGovernment$9.smali	0
/tmp/w3a/smali/aoc/kingdoms/lukasz/menusInGame/Right/InGame_RightGovernment.smali	0
/tmp/w3a/smali/aoc/kingdoms/lukasz/menusInGame/Right/InGame_RightInfrastructure$1.smali	0
/tmp/w3a/smali/aoc/kingdoms/lukasz/menusInGame/Right/InGame_RightInfrastructure$10.smali	0
/tmp/w3a/smali/aoc/kingdoms/lukasz/menusInGame/Right/InGame_RightInfrastructure$11.smali	0
/tmp/w3a/smali/aoc/kingdoms/lukasz/menusInGame/Right/InGame_RightInfrastructure$12.smali	0
/tmp/w3a/smali/aoc/kingdoms/lukasz/menusInGame/Right/InGame_RightInfrastructure$13.smali	0
/tmp/w3a/smali/aoc/kingdoms/lukasz/menusInGame/Right/InGame_RightInfrastructure$2.smali	0
/tmp/w3a/smali/aoc/kingdoms/lukasz/menusInGame/Right/InGame_RightInfrastructure$3.smali	0
/tmp/w3a/smali/aoc/kingdoms/lukasz/menusInGame/Right/InGame_RightInfrastructure$4.smali	0
/tmp/w3a/smali/aoc/kingdoms/lukasz/menusInGame/Right/InGame_RightInfrastructure$5.smali	0
/tmp/w3a/smali/aoc/kingdoms/lukasz/menusInGame/Right/InGame_RightInfrastructure$6.smali	0
/tmp/w3a/smali/aoc/kingdoms/lukasz/menusInGame/Right/InGame_RightInfrastructure$7.smali	0
/tmp/w3a/smali/aoc/kingdoms/lukasz/menusInGame/Right/InGame_RightInfrastructure$8.smali	0
/tmp/w3a/smali/aoc/kingdoms/lukasz/menusInGame/Right/InGame_RightInfrastructure$9.smali	0
/tmp/w3a/smali/aoc/kingdoms/lukasz/menusInGame/Right/InGame_RightInfrastructure.smali	0
/tmp/w3a/smali/aoc/kingdoms/lukasz/menusInGame/Right/InGame_RightPopulation$1.smali	0
/tmp/w3a/smali/aoc/kingdoms/lukasz/menusInGame/Right/InGame_RightPopulation$10.smali	0
/tmp/w3a/smali/aoc/kingdoms/lukasz/menusInGame/Right/InGame_RightPopulation$11.smali	0
/tmp/w3a/smali/aoc/kingdoms/lukasz/menusInGame/Right/InGame_RightPopulation$12.smali	0
/tmp/w3a/smali/aoc/kingdoms/lukasz/menusInGame/Right/InGame_RightPopulation$13.smali	0
/tmp/w3a/smali/aoc/kingdoms/lukasz/menusInGame/Right/InGame_RightPopulation$2.smali	0
/tmp/w3a/smali/aoc/kingdoms/lukasz/menusInGame/Right/InGame_RightPopulation$3.smali	0
/tmp/w3a/smali/aoc/kingdoms/lukasz/menusInGame/Right/InGame_RightPopulation$4.smali	0
/tmp/w3a/smali/aoc/kingdoms/lukasz/menusInGame/Right/InGame_RightPopulation$5.smali	0
/tmp/w3a/smali/aoc/kingdoms/lukasz/menusInGame/Right/InGame_RightPopulation$6.smali	0
/tmp/w3a/smali/aoc/kingdoms/lukasz/menusInGame/Right/InGame_RightPopulation$7.smali	0
/tmp/w3a/smali/aoc/kingdoms/lukasz/menusInGame/Right/InGame_RightPopulation$8.smali	0
/tmp/w3a/smali/aoc/kingdoms/lukasz/menusInGame/Right/InGame_RightPopulation$9.smali	0
/tmp/w3a/smali/aoc/kingdoms/lukasz/menusInGame/Right/InGame_RightPopulation.smali	0
/tmp/w3a/smali/aoc/kingdoms/lukasz/menusInGame/Right/InGame_RightProvinceIncome$1.smali	0
/tmp/w3a/smali/aoc/kingdoms/lukasz/menusInGame/Right/InGame_RightProvinceIncome$10.smali	0
/tmp/w3a/smali/aoc/kingdoms/lukasz/menusInGame/Right/InGame_RightProvinceIncome$11.smali	0
/tmp/w3a/smali/aoc/kingdoms/lukasz/menusInGame/Right/InGame_RightProvinceIncome$12.smali	0
/tmp/w3a/smali/aoc/kingdoms/lukasz/menusInGame/Right/InGame_RightProvinceIncome$2.smali	0
/tmp/w3a/smali/aoc/kingdoms/lukasz/menusInGame/Right/InGame_RightProvinceIncome$3.smali	0
/tmp/w3a/smali/aoc/kingdoms/lukasz/menusInGame/Right/InGame_RightProvinceIncome$4.smali	0
/tmp/w3a/smali/aoc/kingdoms/lukasz/menusInGame/Right/InGame_RightProvinceIncome$5.smali	0
/tmp/w3a/smali/aoc/kingdoms/lukasz/menusInGame/Right/InGame_RightProvinceIncome$6.smali	0
/tmp/w3a/smali/aoc/kingdoms/lukasz/menusInGame/Right/InGame_RightProvinceIncome$7.smali	0
/tmp/w3a/smali/aoc/kingdoms/lukasz/menusInGame/Right/InGame_RightProvinceIncome$8.smali	0
/tmp/w3a/smali/aoc/kingdoms/lukasz/menusInGame/Right/InGame_RightProvinceIncome$9.smali	0
/tmp/w3a/smali/aoc/kingdoms/lukasz/menusInGame/Right/InGame_RightProvinceIncome.smali	0
/tmp/w3a/smali/aoc/kingdoms/lukasz/menusInGame/Right/InGame_RightQueue.smali	0
/tmp/w3a/smali/aoc/kingdoms/lukasz/menusInGame/Right/InGame_RightReligion$1.smali	0
/tmp/w3a/smali/aoc/kingdoms/lukasz/menusInGame/Right/InGame_RightReligion$10.smali	0
/tmp/w3a/smali/aoc/kingdoms/lukasz/menusInGame/Right/InGame_RightReligion$11.smali	0
/tmp/w3a/smali/aoc/kingdoms/lukasz/menusInGame/Right/InGame_RightReligion$12.smali	0
/tmp/w3a/smali/aoc/kingdoms/lukasz/menusInGame/Right/InGame_RightReligion$13.smali	0
/tmp/w3a/smali/aoc/kingdoms/lukasz/menusInGame/Right/InGame_RightReligion$14.smali	0
/tmp/w3a/smali/aoc/kingdoms/lukasz/menusInGame/Right/InGame_RightReligion$15.smali	0
/tmp/w3a/smali/aoc/kingdoms/lukasz/menusInGame/Right/InGame_RightReligion$2.smali	0
/tmp/w3a/smali/aoc/kingdoms/lukasz/menusInGame/Right/InGame_RightReligion$3.smali	0
/tmp/w3a/smali/aoc/kingdoms/lukasz/menusInGame/Right/InGame_RightReligion$4.smali	0
/tmp/w3a/smali/aoc/kingdoms/lukasz/menusInGame/Right/InGame_RightReligion$5.smali	0
/tmp/w3a/smali/aoc/kingdoms/lukasz/menusInGame/Right/InGame_RightReligion$6.smali	0
/tmp/w3a/smali/aoc/kingdoms/lukasz/menusInGame/Right/InGame_RightReligion$7.smali	0
/tmp/w3a/smali/aoc/kingdoms/lukasz/menusInGame/Right/InGame_RightReligion$8.smali	0
/tmp/w3a/smali/aoc/kingdoms/lukasz/menusInGame/Right/InGame_RightReligion$9.smali	0
/tmp/w3a/smali/aoc/kingdoms/lukasz/menusInGame/Right/InGame_RightReligion.smali	0
/tmp/w3a/smali/aoc/kingdoms/lukasz/menusInGame/Right/InGame_RightTaxEfficiency$1.smali	0
/tmp/w3a/smali/aoc/kingdoms/lukasz/menusInGame/Right/InGame_RightTaxEfficiency$10.smali	0
/tmp/w3a/smali/aoc/kingdoms/lukasz/menusInGame/Right/InGame_RightTaxEfficiency$11.smali	0
/tmp/w3a/smali/aoc/kingdoms/lukasz/menusInGame/Right/InGame_RightTaxEfficiency$12.smali	0
/tmp/w3a/smali/aoc/kingdoms/lukasz/menusInGame/Right/InGame_RightTaxEfficiency$2.smali	0
/tmp/w3a/smali/aoc/kingdoms/lukasz/menusInGame/Right/InGame_RightTaxEfficiency$3.smali	0
/tmp/w3a/smali/aoc/kingdoms/lukasz/menusInGame/Right/InGame_RightTaxEfficiency$4.smali	0
/tmp/w3a/smali/aoc/kingdoms/lukasz/menusInGame/Right/InGame_RightTaxEfficiency$5.smali	0
/tmp/w3a/smali/aoc/kingdoms/lukasz/menusInGame/Right/InGame_RightTaxEfficiency$6.smali	0
/tmp/w3a/smali/aoc/kingdoms/lukasz/menusInGame/Right/InGame_RightTaxEfficiency$7.smali	0
/tmp/w3a/smali/aoc/kingdoms/lukasz/menusInGame/Right/InGame_RightTaxEfficiency$8.smali	0
/tmp/w3a/smali/aoc/kingdoms/lukasz/menusInGame/Right/InGame_RightTaxEfficiency$9.smali	0
/tmp/w3a/smali/aoc/kingdoms/lukasz/menusInGame/Right/InGame_RightTaxEfficiency.smali	0
/tmp/w3a/smali/aoc/kingdoms/lukasz/menusInGame/Right/InGame_RightWonders$1.smali	0
/tmp/w3a/smali/aoc/kingdoms/lukasz/menusInGame/Right/InGame_RightWonders$2.smali	0
/tmp/w3a/smali/aoc/kingdoms/lukasz/menusInGame/Right/InGame_RightWonders$3.smali	0
/tmp/w3a/smali/aoc/kingdoms/lukasz/menusInGame/Right/InGame_RightWonders$4.smali	0
/tmp/w3a/smali/aoc/kingdoms/lukasz/menusInGame/Right/InGame_RightWonders$5.smali	0
/tmp/w3a/smali/aoc/kingdoms/lukasz/menusInGame/Right/InGame_RightWonders$6.smali	0
/tmp/w3a/smali/aoc/kingdoms/lukasz/menusInGame/Right/InGame_RightWonders.smali	0
/tmp/w3a/smali/aoc/kingdoms/lukasz/menusInGame/Technology/InGame_TechnologyChoose$1.smali	0
/tmp/w3a/smali/aoc/kingdoms/lukasz/menusInGame/Technology/InGame_TechnologyChoose$10.smali	0
/tmp/w3a/smali/aoc/kingdoms/lukasz/menusInGame/Technology/InGame_TechnologyChoose$2.smali	0
/tmp/w3a/smali/aoc/kingdoms/lukasz/menusInGame/Technology/InGame_TechnologyChoose$3.smali	0
/tmp/w3a/smali/aoc/kingdoms/lukasz/menusInGame/Technology/InGame_TechnologyChoose$4.smali	0
/tmp/w3a/smali/aoc/kingdoms/lukasz/menusInGame/Technology/InGame_TechnologyChoose$5.smali	0
/tmp/w3a/smali/aoc/kingdoms/lukasz/menusInGame/Technology/InGame_TechnologyChoose$6.smali	0
/tmp/w3a/smali/aoc/kingdoms/lukasz/menusInGame/Technology/InGame_TechnologyChoose$7.smali	0
/tmp/w3a/smali/aoc/kingdoms/lukasz/menusInGame/Technology/InGame_TechnologyChoose$8.smali	0
/tmp/w3a/smali/aoc/kingdoms/lukasz/menusInGame/Technology/InGame_TechnologyChoose$9.smali	0
/tmp/w3a/smali/aoc/kingdoms/lukasz/menusInGame/Technology/InGame_TechnologyChoose.smali	0
/tmp/w3a/smali/aoc/kingdoms/lukasz/menusInGame/Technology/InGame_TechnologyTree$1.smali	0
/tmp/w3a/smali/aoc/kingdoms/lukasz/menusInGame/Technology/InGame_TechnologyTree$TechLine.smali	0
/tmp/w3a/smali/aoc/kingdoms/lukasz/menusInGame/Technology/InGame_TechnologyTree.smali	0
/tmp/w3a/smali/aoc/kingdoms/lukasz/menusInGame/Technology/InGame_TechnologyTreeEmpty$1.smali	0
/tmp/w3a/smali/aoc/kingdoms/lukasz/menusInGame/Technology/InGame_TechnologyTreeEmpty.smali	0
/tmp/w3a/smali/aoc/kingdoms/lukasz/menusInGame/Upgrade/InGame_UpgradeCapital$1.smali	0
/tmp/w3a/smali/aoc/kingdoms/lukasz/menusInGame/Upgrade/InGame_UpgradeCapital$2.smali	0
/tmp/w3a/smali/aoc/kingdoms/lukasz/menusInGame/Upgrade/InGame_UpgradeCapital$3.smali	0
/tmp/w3a/smali/aoc/kingdoms/lukasz/menusInGame/Upgrade/InGame_UpgradeCapital$4.smali	0
/tmp/w3a/smali/aoc/kingdoms/lukasz/menusInGame/Upgrade/InGame_UpgradeCapital.smali	0
/tmp/w3a/smali/aoc/kingdoms/lukasz/menusInGame/Upgrade/InGame_UpgradeMilitaryAcademy$1.smali	0
/tmp/w3a/smali/aoc/kingdoms/lukasz/menusInGame/Upgrade/InGame_UpgradeMilitaryAcademy$2.smali	0
/tmp/w3a/smali/aoc/kingdoms/lukasz/menusInGame/Upgrade/InGame_UpgradeMilitaryAcademy$3.smali	0
/tmp/w3a/smali/aoc/kingdoms/lukasz/menusInGame/Upgrade/InGame_UpgradeMilitaryAcademy$4.smali	0
/tmp/w3a/smali/aoc/kingdoms/lukasz/menusInGame/Upgrade/InGame_UpgradeMilitaryAcademy.smali	0
/tmp/w3a/smali/aoc/kingdoms/lukasz/menusInGame/Upgrade/InGame_UpgradeMilitaryAcademyForGenerals$1.smali	0
/tmp/w3a/smali/aoc/kingdoms/lukasz/menusInGame/Upgrade/InGame_UpgradeMilitaryAcademyForGenerals$2.smali	0
/tmp/w3a/smali/aoc/kingdoms/lukasz/menusInGame/Upgrade/InGame_UpgradeMilitaryAcademyForGenerals$3.smali	0
/tmp/w3a/smali/aoc/kingdoms/lukasz/menusInGame/Upgrade/InGame_UpgradeMilitaryAcademyForGenerals$4.smali	0
/tmp/w3a/smali/aoc/kingdoms/lukasz/menusInGame/Upgrade/InGame_UpgradeMilitaryAcademyForGenerals.smali	0
/tmp/w3a/smali/aoc/kingdoms/lukasz/menusInGame/Upgrade/InGame_UpgradeNuclearReactor$1.smali	0
/tmp/w3a/smali/aoc/kingdoms/lukasz/menusInGame/Upgrade/InGame_UpgradeNuclearReactor$2.smali	0
/tmp/w3a/smali/aoc/kingdoms/lukasz/menusInGame/Upgrade/InGame_UpgradeNuclearReactor$3.smali	0
/tmp/w3a/smali/aoc/kingdoms/lukasz/menusInGame/Upgrade/InGame_UpgradeNuclearReactor.smali	0
/tmp/w3a/smali/aoc/kingdoms/lukasz/menusInGame/Upgrade/InGame_UpgradeSupremeCourt$1.smali	0
/tmp/w3a/smali/aoc/kingdoms/lukasz/menusInGame/Upgrade/InGame_UpgradeSupremeCourt$2.smali	0
/tmp/w3a/smali/aoc/kingdoms/lukasz/menusInGame/Upgrade/InGame_UpgradeSupremeCourt$3.smali	0
/tmp/w3a/smali/aoc/kingdoms/lukasz/menusInGame/Upgrade/InGame_UpgradeSupremeCourt$4.smali	0
/tmp/w3a/smali/aoc/kingdoms/lukasz/menusInGame/Upgrade/InGame_UpgradeSupremeCourt$5.smali	0
/tmp/w3a/smali/aoc/kingdoms/lukasz/menusInGame/Upgrade/InGame_UpgradeSupremeCourt.smali	0
/tmp/w3a/smali/aoc/kingdoms/lukasz/menusMapEditor/EditorMapArmyPosition$1.smali	0
/tmp/w3a/smali/aoc/kingdoms/lukasz/menusMapEditor/EditorMapArmyPosition$2.smali	0
/tmp/w3a/smali/aoc/kingdoms/lukasz/menusMapEditor/EditorMapArmyPosition.smali	0
/tmp/w3a/smali/aoc/kingdoms/lukasz/menusMapEditor/EditorMapContinents$1.smali	0
/tmp/w3a/smali/aoc/kingdoms/lukasz/menusMapEditor/EditorMapContinents$2.smali	0
/tmp/w3a/smali/aoc/kingdoms/lukasz/menusMapEditor/EditorMapContinents$3.smali	0
/tmp/w3a/smali/aoc/kingdoms/lukasz/menusMapEditor/EditorMapContinents$4.smali	0
/tmp/w3a/smali/aoc/kingdoms/lukasz/menusMapEditor/EditorMapContinents$UndoContinent.smali	0
/tmp/w3a/smali/aoc/kingdoms/lukasz/menusMapEditor/EditorMapContinents.smali	0
/tmp/w3a/smali/aoc/kingdoms/lukasz/menusMapEditor/EditorMapContinentsList$1.smali	0
/tmp/w3a/smali/aoc/kingdoms/lukasz/menusMapEditor/EditorMapContinentsList.smali	0
/tmp/w3a/smali/aoc/kingdoms/lukasz/menusMapEditor/EditorMapEconomy$1.smali	0
/tmp/w3a/smali/aoc/kingdoms/lukasz/menusMapEditor/EditorMapEconomy$2.smali	0
/tmp/w3a/smali/aoc/kingdoms/lukasz/menusMapEditor/EditorMapEconomy$3.smali	0
/tmp/w3a/smali/aoc/kingdoms/lukasz/menusMapEditor/EditorMapEconomy$4.smali	0
/tmp/w3a/smali/aoc/kingdoms/lukasz/menusMapEditor/EditorMapEconomy$5.smali	0
/tmp/w3a/smali/aoc/kingdoms/lukasz/menusMapEditor/EditorMapEconomy$6.smali	0
/tmp/w3a/smali/aoc/kingdoms/lukasz/menusMapEditor/EditorMapEconomy$7.smali	0
/tmp/w3a/smali/aoc/kingdoms/lukasz/menusMapEditor/EditorMapEconomy$8.smali	0
/tmp/w3a/smali/aoc/kingdoms/lukasz/menusMapEditor/EditorMapEconomy.smali	0
/tmp/w3a/smali/aoc/kingdoms/lukasz/menusMapEditor/EditorMapEconomy_Random$1.smali	0
/tmp/w3a/smali/aoc/kingdoms/lukasz/menusMapEditor/EditorMapEconomy_Random.smali	0
/tmp/w3a/smali/aoc/kingdoms/lukasz/menusMapEditor/EditorMapEdit$1.smali	0
/tmp/w3a/smali/aoc/kingdoms/lukasz/menusMapEditor/EditorMapEdit$10.smali	0
/tmp/w3a/smali/aoc/kingdoms/lukasz/menusMapEditor/EditorMapEdit$11.smali	0
/tmp/w3a/smali/aoc/kingdoms/lukasz/menusMapEditor/EditorMapEdit$12.smali	0
/tmp/w3a/smali/aoc/kingdoms/lukasz/menusMapEditor/EditorMapEdit$13.smali	0
/tmp/w3a/smali/aoc/kingdoms/lukasz/menusMapEditor/EditorMapEdit$14.smali	0
/tmp/w3a/smali/aoc/kingdoms/lukasz/menusMapEditor/EditorMapEdit$15.smali	0
/tmp/w3a/smali/aoc/kingdoms/lukasz/menusMapEditor/EditorMapEdit$16.smali	0
/tmp/w3a/smali/aoc/kingdoms/lukasz/menusMapEditor/EditorMapEdit$17.smali	0
/tmp/w3a/smali/aoc/kingdoms/lukasz/menusMapEditor/EditorMapEdit$18.smali	0
/tmp/w3a/smali/aoc/kingdoms/lukasz/menusMapEditor/EditorMapEdit$19.smali	0
/tmp/w3a/smali/aoc/kingdoms/lukasz/menusMapEditor/EditorMapEdit$2.smali	0
/tmp/w3a/smali/aoc/kingdoms/lukasz/menusMapEditor/EditorMapEdit$20.smali	0
/tmp/w3a/smali/aoc/kingdoms/lukasz/menusMapEditor/EditorMapEdit$21.smali	0
/tmp/w3a/smali/aoc/kingdoms/lukasz/menusMapEditor/EditorMapEdit$22.smali	0
/tmp/w3a/smali/aoc/kingdoms/lukasz/menusMapEditor/EditorMapEdit$3.smali	0
/tmp/w3a/smali/aoc/kingdoms/lukasz/menusMapEditor/EditorMapEdit$4.smali	0
/tmp/w3a/smali/aoc/kingdoms/lukasz/menusMapEditor/EditorMapEdit$5.smali	0
/tmp/w3a/smali/aoc/kingdoms/lukasz/menusMapEditor/EditorMapEdit$6.smali	0
/tmp/w3a/smali/aoc/kingdoms/lukasz/menusMapEditor/EditorMapEdit$7.smali	0
/tmp/w3a/smali/aoc/kingdoms/lukasz/menusMapEditor/EditorMapEdit$8.smali	0
/tmp/w3a/smali/aoc/kingdoms/lukasz/menusMapEditor/EditorMapEdit$9.smali	0
/tmp/w3a/smali/aoc/kingdoms/lukasz/menusMapEditor/EditorMapEdit.smali	0
/tmp/w3a/smali/aoc/kingdoms/lukasz/menusMapEditor/EditorMapGeoRegions$1.smali	0
/tmp/w3a/smali/aoc/kingdoms/lukasz/menusMapEditor/EditorMapGeoRegions$2.smali	0
/tmp/w3a/smali/aoc/kingdoms/lukasz/menusMapEditor/EditorMapGeoRegions$3.smali	0
/tmp/w3a/smali/aoc/kingdoms/lukasz/menusMapEditor/EditorMapGeoRegions$4.smali	0
/tmp/w3a/smali/aoc/kingdoms/lukasz/menusMapEditor/EditorMapGeoRegions$UndoGeoRegion.smali	0
/tmp/w3a/smali/aoc/kingdoms/lukasz/menusMapEditor/EditorMapGeoRegions.smali	0
/tmp/w3a/smali/aoc/kingdoms/lukasz/menusMapEditor/EditorMapGeoRegionsList$1.smali	0
/tmp/w3a/smali/aoc/kingdoms/lukasz/menusMapEditor/EditorMapGeoRegionsList.smali	0
/tmp/w3a/smali/aoc/kingdoms/lukasz/menusMapEditor/EditorMapGrowthRate$1.smali	0
/tmp/w3a/smali/aoc/kingdoms/lukasz/menusMapEditor/EditorMapGrowthRate$2.smali	0
/tmp/w3a/smali/aoc/kingdoms/lukasz/menusMapEditor/EditorMapGrowthRate$3.smali	0
/tmp/w3a/smali/aoc/kingdoms/lukasz/menusMapEditor/EditorMapGrowthRate$4.smali	0
/tmp/w3a/smali/aoc/kingdoms/lukasz/menusMapEditor/EditorMapGrowthRate$5.smali	0
/tmp/w3a/smali/aoc/kingdoms/lukasz/menusMapEditor/EditorMapGrowthRate$6.smali	0
/tmp/w3a/smali/aoc/kingdoms/lukasz/menusMapEditor/EditorMapGrowthRate$7.smali	0
/tmp/w3a/smali/aoc/kingdoms/lukasz/menusMapEditor/EditorMapGrowthRate$8.smali	0
/tmp/w3a/smali/aoc/kingdoms/lukasz/menusMapEditor/EditorMapGrowthRate$UndoGrowthRate.smali	0
/tmp/w3a/smali/aoc/kingdoms/lukasz/menusMapEditor/EditorMapGrowthRate.smali	0
/tmp/w3a/smali/aoc/kingdoms/lukasz/menusMapEditor/EditorMapGrowthRate_Random$1.smali	0
/tmp/w3a/smali/aoc/kingdoms/lukasz/menusMapEditor/EditorMapGrowthRate_Random.smali	0
/tmp/w3a/smali/aoc/kingdoms/lukasz/menusMapEditor/EditorMapLines$1.smali	0
/tmp/w3a/smali/aoc/kingdoms/lukasz/menusMapEditor/EditorMapLines$2.smali	0
/tmp/w3a/smali/aoc/kingdoms/lukasz/menusMapEditor/EditorMapLines.smali	0
/tmp/w3a/smali/aoc/kingdoms/lukasz/menusMapEditor/EditorMapLinesWaves$1.smali	0
/tmp/w3a/smali/aoc/kingdoms/lukasz/menusMapEditor/EditorMapLinesWaves$2.smali	0
/tmp/w3a/smali/aoc/kingdoms/lukasz/menusMapEditor/EditorMapLinesWaves.smali	0
/tmp/w3a/smali/aoc/kingdoms/lukasz/menusMapEditor/EditorMapOptimizationRegions$1.smali	0
/tmp/w3a/smali/aoc/kingdoms/lukasz/menusMapEditor/EditorMapOptimizationRegions$2.smali	0
/tmp/w3a/smali/aoc/kingdoms/lukasz/menusMapEditor/EditorMapOptimizationRegions$3.smali	0
/tmp/w3a/smali/aoc/kingdoms/lukasz/menusMapEditor/EditorMapOptimizationRegions$4.smali	0
/tmp/w3a/smali/aoc/kingdoms/lukasz/menusMapEditor/EditorMapOptimizationRegions$5.smali	0
/tmp/w3a/smali/aoc/kingdoms/lukasz/menusMapEditor/EditorMapOptimizationRegions$6.smali	0
/tmp/w3a/smali/aoc/kingdoms/lukasz/menusMapEditor/EditorMapOptimizationRegions$7.smali	0
/tmp/w3a/smali/aoc/kingdoms/lukasz/menusMapEditor/EditorMapOptimizationRegions$UndoOptimizationRegions.smali	0
/tmp/w3a/smali/aoc/kingdoms/lukasz/menusMapEditor/EditorMapOptimizationRegions.smali	0
/tmp/w3a/smali/aoc/kingdoms/lukasz/menusMapEditor/EditorMapPortPosition$1.smali	0
/tmp/w3a/smali/aoc/kingdoms/lukasz/menusMapEditor/EditorMapPortPosition.smali	0
/tmp/w3a/smali/aoc/kingdoms/lukasz/menusMapEditor/EditorMapProvinceConnections$1.smali	0
/tmp/w3a/smali/aoc/kingdoms/lukasz/menusMapEditor/EditorMapProvinceConnections$2.smali	0
/tmp/w3a/smali/aoc/kingdoms/lukasz/menusMapEditor/EditorMapProvinceConnections.smali	0
/tmp/w3a/smali/aoc/kingdoms/lukasz/menusMapEditor/EditorMapProvinceConnectionsList$1.smali	0
/tmp/w3a/smali/aoc/kingdoms/lukasz/menusMapEditor/EditorMapProvinceConnectionsList$2.smali	0
/tmp/w3a/smali/aoc/kingdoms/lukasz/menusMapEditor/EditorMapProvinceConnectionsList.smali	0
/tmp/w3a/smali/aoc/kingdoms/lukasz/menusMapEditor/EditorMapProvinceNamePoints$1.smali	0
/tmp/w3a/smali/aoc/kingdoms/lukasz/menusMapEditor/EditorMapProvinceNamePoints$2.smali	0
/tmp/w3a/smali/aoc/kingdoms/lukasz/menusMapEditor/EditorMapProvinceNamePoints$3.smali	0
/tmp/w3a/smali/aoc/kingdoms/lukasz/menusMapEditor/EditorMapProvinceNamePoints.smali	0
/tmp/w3a/smali/aoc/kingdoms/lukasz/menusMapEditor/EditorMapResources$1.smali	0
/tmp/w3a/smali/aoc/kingdoms/lukasz/menusMapEditor/EditorMapResources$2.smali	0
/tmp/w3a/smali/aoc/kingdoms/lukasz/menusMapEditor/EditorMapResources$3.smali	0
/tmp/w3a/smali/aoc/kingdoms/lukasz/menusMapEditor/EditorMapResources$4.smali	0
/tmp/w3a/smali/aoc/kingdoms/lukasz/menusMapEditor/EditorMapResources$5.smali	0
/tmp/w3a/smali/aoc/kingdoms/lukasz/menusMapEditor/EditorMapResources$UndoResource.smali	0
/tmp/w3a/smali/aoc/kingdoms/lukasz/menusMapEditor/EditorMapResources.smali	0
/tmp/w3a/smali/aoc/kingdoms/lukasz/menusMapEditor/EditorMapResourcesList$1.smali	0
/tmp/w3a/smali/aoc/kingdoms/lukasz/menusMapEditor/EditorMapResourcesList.smali	0
/tmp/w3a/smali/aoc/kingdoms/lukasz/menusMapEditor/EditorMapSeaProvinces$1.smali	0
/tmp/w3a/smali/aoc/kingdoms/lukasz/menusMapEditor/EditorMapSeaProvinces$2.smali	0
/tmp/w3a/smali/aoc/kingdoms/lukasz/menusMapEditor/EditorMapSeaProvinces.smali	0
/tmp/w3a/smali/aoc/kingdoms/lukasz/menusMapEditor/EditorMapTerrainType$1.smali	0
/tmp/w3a/smali/aoc/kingdoms/lukasz/menusMapEditor/EditorMapTerrainType$2.smali	0
/tmp/w3a/smali/aoc/kingdoms/lukasz/menusMapEditor/EditorMapTerrainType$3.smali	0
/tmp/w3a/smali/aoc/kingdoms/lukasz/menusMapEditor/EditorMapTerrainType$4.smali	0
/tmp/w3a/smali/aoc/kingdoms/lukasz/menusMapEditor/EditorMapTerrainType$5.smali	0
/tmp/w3a/smali/aoc/kingdoms/lukasz/menusMapEditor/EditorMapTerrainType$UndoTerrain.smali	0
/tmp/w3a/smali/aoc/kingdoms/lukasz/menusMapEditor/EditorMapTerrainType.smali	0
/tmp/w3a/smali/aoc/kingdoms/lukasz/menusMapEditor/EditorMapTerrainTypeList$1.smali	0
/tmp/w3a/smali/aoc/kingdoms/lukasz/menusMapEditor/EditorMapTerrainTypeList.smali	0
/tmp/w3a/smali/aoc/kingdoms/lukasz/menusMapEditor/EditorMap_CivSelect$1.smali	0
/tmp/w3a/smali/aoc/kingdoms/lukasz/menusMapEditor/EditorMap_CivSelect$2.smali	0
/tmp/w3a/smali/aoc/kingdoms/lukasz/menusMapEditor/EditorMap_CivSelect$3.smali	0
/tmp/w3a/smali/aoc/kingdoms/lukasz/menusMapEditor/EditorMap_CivSelect$4.smali	0
/tmp/w3a/smali/aoc/kingdoms/lukasz/menusMapEditor/EditorMap_CivSelect$5.smali	0
/tmp/w3a/smali/aoc/kingdoms/lukasz/menusMapEditor/EditorMap_CivSelect$6.smali	0
/tmp/w3a/smali/aoc/kingdoms/lukasz/menusMapEditor/EditorMap_CivSelect$SelectMode.smali	0
/tmp/w3a/smali/aoc/kingdoms/lukasz/menusMapEditor/EditorMap_CivSelect.smali	0
/tmp/w3a/smali/aoc/kingdoms/lukasz/menusMapEditor/EditorMap_FormableCiv$1.smali	0
/tmp/w3a/smali/aoc/kingdoms/lukasz/menusMapEditor/EditorMap_FormableCiv$2.smali	0
/tmp/w3a/smali/aoc/kingdoms/lukasz/menusMapEditor/EditorMap_FormableCiv$3.smali	0
/tmp/w3a/smali/aoc/kingdoms/lukasz/menusMapEditor/EditorMap_FormableCiv$4.smali	0
/tmp/w3a/smali/aoc/kingdoms/lukasz/menusMapEditor/EditorMap_FormableCiv$5.smali	0
/tmp/w3a/smali/aoc/kingdoms/lukasz/menusMapEditor/EditorMap_FormableCiv.smali	0
/tmp/w3a/smali/aoc/kingdoms/lukasz/menusMapEditor/EditorMap_FormableCivClaimants$1.smali	0
/tmp/w3a/smali/aoc/kingdoms/lukasz/menusMapEditor/EditorMap_FormableCivClaimants$2.smali	0
/tmp/w3a/smali/aoc/kingdoms/lukasz/menusMapEditor/EditorMap_FormableCivClaimants$3.smali	0
/tmp/w3a/smali/aoc/kingdoms/lukasz/menusMapEditor/EditorMap_FormableCivClaimants.smali	0
/tmp/w3a/smali/aoc/kingdoms/lukasz/menusMapEditor/EditorMap_FormableCivFormable$1.smali	0
/tmp/w3a/smali/aoc/kingdoms/lukasz/menusMapEditor/EditorMap_FormableCivFormable$2.smali	0
/tmp/w3a/smali/aoc/kingdoms/lukasz/menusMapEditor/EditorMap_FormableCivFormable$3.smali	0
/tmp/w3a/smali/aoc/kingdoms/lukasz/menusMapEditor/EditorMap_FormableCivFormable$4.smali	0
/tmp/w3a/smali/aoc/kingdoms/lukasz/menusMapEditor/EditorMap_FormableCivFormable.smali	0
/tmp/w3a/smali/aoc/kingdoms/lukasz/menusMapEditor/EditorMap_FormableCivs$1.smali	0
/tmp/w3a/smali/aoc/kingdoms/lukasz/menusMapEditor/EditorMap_FormableCivs$2.smali	0
/tmp/w3a/smali/aoc/kingdoms/lukasz/menusMapEditor/EditorMap_FormableCivs$3.smali	0
/tmp/w3a/smali/aoc/kingdoms/lukasz/menusMapEditor/EditorMap_FormableCivs.smali	0
/tmp/w3a/smali/aoc/kingdoms/lukasz/menusMapEditor/EditorMap_GenerateSuggestedCivilizations$1$1.smali	0
/tmp/w3a/smali/aoc/kingdoms/lukasz/menusMapEditor/EditorMap_GenerateSuggestedCivilizations$1.smali	0
/tmp/w3a/smali/aoc/kingdoms/lukasz/menusMapEditor/EditorMap_GenerateSuggestedCivilizations.smali	0
/tmp/w3a/smali/aoc/kingdoms/lukasz/menusMapEditor/EditorMap_PrintMap.smali	0
/tmp/w3a/smali/aoc/kingdoms/lukasz/menusMapEditor/EditorMaps$1.smali	0
/tmp/w3a/smali/aoc/kingdoms/lukasz/menusMapEditor/EditorMaps$2.smali	0
/tmp/w3a/smali/aoc/kingdoms/lukasz/menusMapEditor/EditorMaps$3.smali	0
/tmp/w3a/smali/aoc/kingdoms/lukasz/menusMapEditor/EditorMaps.smali	0
/tmp/w3a/smali/aoc/kingdoms/lukasz/menusMapEditor/EditorSelectProvinces$1.smali	0
/tmp/w3a/smali/aoc/kingdoms/lukasz/menusMapEditor/EditorSelectProvinces$2.smali	0
/tmp/w3a/smali/aoc/kingdoms/lukasz/menusMapEditor/EditorSelectProvinces$3.smali	0
/tmp/w3a/smali/aoc/kingdoms/lukasz/menusMapEditor/EditorSelectProvinces$4.smali	0
/tmp/w3a/smali/aoc/kingdoms/lukasz/menusMapEditor/EditorSelectProvinces$5.smali	0
/tmp/w3a/smali/aoc/kingdoms/lukasz/menusMapEditor/EditorSelectProvinces.smali	0
/tmp/w3a/smali/aoc/kingdoms/lukasz/menusScenarioEditor/Diplomacy/ScenarioAlliances$1.smali	0
/tmp/w3a/smali/aoc/kingdoms/lukasz/menusScenarioEditor/Diplomacy/ScenarioAlliances$2.smali	0
/tmp/w3a/smali/aoc/kingdoms/lukasz/menusScenarioEditor/Diplomacy/ScenarioAlliances$3.smali	0
/tmp/w3a/smali/aoc/kingdoms/lukasz/menusScenarioEditor/Diplomacy/ScenarioAlliances.smali	0
/tmp/w3a/smali/aoc/kingdoms/lukasz/menusScenarioEditor/Diplomacy/ScenarioAlliancesList$1.smali	0
/tmp/w3a/smali/aoc/kingdoms/lukasz/menusScenarioEditor/Diplomacy/ScenarioAlliancesList$2.smali	0
/tmp/w3a/smali/aoc/kingdoms/lukasz/menusScenarioEditor/Diplomacy/ScenarioAlliancesList$3.smali	0
/tmp/w3a/smali/aoc/kingdoms/lukasz/menusScenarioEditor/Diplomacy/ScenarioAlliancesList$4.smali	0
/tmp/w3a/smali/aoc/kingdoms/lukasz/menusScenarioEditor/Diplomacy/ScenarioAlliancesList.smali	0
/tmp/w3a/smali/aoc/kingdoms/lukasz/menusScenarioEditor/Diplomacy/ScenarioDeclareWar$1.smali	0
/tmp/w3a/smali/aoc/kingdoms/lukasz/menusScenarioEditor/Diplomacy/ScenarioDeclareWar$2.smali	0
/tmp/w3a/smali/aoc/kingdoms/lukasz/menusScenarioEditor/Diplomacy/ScenarioDeclareWar$3.smali	0
/tmp/w3a/smali/aoc/kingdoms/lukasz/menusScenarioEditor/Diplomacy/ScenarioDeclareWar.smali	0
/tmp/w3a/smali/aoc/kingdoms/lukasz/menusScenarioEditor/Diplomacy/ScenarioDeclareWarList$1.smali	0
/tmp/w3a/smali/aoc/kingdoms/lukasz/menusScenarioEditor/Diplomacy/ScenarioDeclareWarList$2.smali	0
/tmp/w3a/smali/aoc/kingdoms/lukasz/menusScenarioEditor/Diplomacy/ScenarioDeclareWarList$3.smali	0
/tmp/w3a/smali/aoc/kingdoms/lukasz/menusScenarioEditor/Diplomacy/ScenarioDeclareWarList.smali	0
/tmp/w3a/smali/aoc/kingdoms/lukasz/menusScenarioEditor/Diplomacy/ScenarioDefensive$1.smali	0
/tmp/w3a/smali/aoc/kingdoms/lukasz/menusScenarioEditor/Diplomacy/ScenarioDefensive$2.smali	0
/tmp/w3a/smali/aoc/kingdoms/lukasz/menusScenarioEditor/Diplomacy/ScenarioDefensive$3.smali	0
/tmp/w3a/smali/aoc/kingdoms/lukasz/menusScenarioEditor/Diplomacy/ScenarioDefensive.smali	0
/tmp/w3a/smali/aoc/kingdoms/lukasz/menusScenarioEditor/Diplomacy/ScenarioDefensiveList$1.smali	0
/tmp/w3a/smali/aoc/kingdoms/lukasz/menusScenarioEditor/Diplomacy/ScenarioDefensiveList$2.smali	0
/tmp/w3a/smali/aoc/kingdoms/lukasz/menusScenarioEditor/Diplomacy/ScenarioDefensiveList$3.smali	0
/tmp/w3a/smali/aoc/kingdoms/lukasz/menusScenarioEditor/Diplomacy/ScenarioDefensiveList$4.smali	0
/tmp/w3a/smali/aoc/kingdoms/lukasz/menusScenarioEditor/Diplomacy/ScenarioDefensiveList.smali	0
/tmp/w3a/smali/aoc/kingdoms/lukasz/menusScenarioEditor/Diplomacy/ScenarioDiplomacy.smali	0
/tmp/w3a/smali/aoc/kingdoms/lukasz/menusScenarioEditor/Diplomacy/ScenarioGuarantee$1.smali	0
/tmp/w3a/smali/aoc/kingdoms/lukasz/menusScenarioEditor/Diplomacy/ScenarioGuarantee$2.smali	0
/tmp/w3a/smali/aoc/kingdoms/lukasz/menusScenarioEditor/Diplomacy/ScenarioGuarantee$3.smali	0
/tmp/w3a/smali/aoc/kingdoms/lukasz/menusScenarioEditor/Diplomacy/ScenarioGuarantee.smali	0
/tmp/w3a/smali/aoc/kingdoms/lukasz/menusScenarioEditor/Diplomacy/ScenarioGuaranteeList$1.smali	0
/tmp/w3a/smali/aoc/kingdoms/lukasz/menusScenarioEditor/Diplomacy/ScenarioGuaranteeList$2.smali	0
/tmp/w3a/smali/aoc/kingdoms/lukasz/menusScenarioEditor/Diplomacy/ScenarioGuaranteeList$3.smali	0
/tmp/w3a/smali/aoc/kingdoms/lukasz/menusScenarioEditor/Diplomacy/ScenarioGuaranteeList$4.smali	0
/tmp/w3a/smali/aoc/kingdoms/lukasz/menusScenarioEditor/Diplomacy/ScenarioGuaranteeList$5.smali	0
/tmp/w3a/smali/aoc/kingdoms/lukasz/menusScenarioEditor/Diplomacy/ScenarioGuaranteeList.smali	0
/tmp/w3a/smali/aoc/kingdoms/lukasz/menusScenarioEditor/Diplomacy/ScenarioMilitaryAccess$1.smali	0
/tmp/w3a/smali/aoc/kingdoms/lukasz/menusScenarioEditor/Diplomacy/ScenarioMilitaryAccess$2.smali	0
/tmp/w3a/smali/aoc/kingdoms/lukasz/menusScenarioEditor/Diplomacy/ScenarioMilitaryAccess$3.smali	0
/tmp/w3a/smali/aoc/kingdoms/lukasz/menusScenarioEditor/Diplomacy/ScenarioMilitaryAccess.smali	0
/tmp/w3a/smali/aoc/kingdoms/lukasz/menusScenarioEditor/Diplomacy/ScenarioMilitaryAccessList$1.smali	0
/tmp/w3a/smali/aoc/kingdoms/lukasz/menusScenarioEditor/Diplomacy/ScenarioMilitaryAccessList$2.smali	0
/tmp/w3a/smali/aoc/kingdoms/lukasz/menusScenarioEditor/Diplomacy/ScenarioMilitaryAccessList$3.smali	0
/tmp/w3a/smali/aoc/kingdoms/lukasz/menusScenarioEditor/Diplomacy/ScenarioMilitaryAccessList$4.smali	0
/tmp/w3a/smali/aoc/kingdoms/lukasz/menusScenarioEditor/Diplomacy/ScenarioMilitaryAccessList.smali	0
/tmp/w3a/smali/aoc/kingdoms/lukasz/menusScenarioEditor/Diplomacy/ScenarioNonAggression$1.smali	0
/tmp/w3a/smali/aoc/kingdoms/lukasz/menusScenarioEditor/Diplomacy/ScenarioNonAggression$2.smali	0
/tmp/w3a/smali/aoc/kingdoms/lukasz/menusScenarioEditor/Diplomacy/ScenarioNonAggression$3.smali	0
/tmp/w3a/smali/aoc/kingdoms/lukasz/menusScenarioEditor/Diplomacy/ScenarioNonAggression.smali	0
/tmp/w3a/smali/aoc/kingdoms/lukasz/menusScenarioEditor/Diplomacy/ScenarioNonAggressionList$1.smali	0
/tmp/w3a/smali/aoc/kingdoms/lukasz/menusScenarioEditor/Diplomacy/ScenarioNonAggressionList$2.smali	0
/tmp/w3a/smali/aoc/kingdoms/lukasz/menusScenarioEditor/Diplomacy/ScenarioNonAggressionList$3.smali	0
/tmp/w3a/smali/aoc/kingdoms/lukasz/menusScenarioEditor/Diplomacy/ScenarioNonAggressionList$4.smali	0
/tmp/w3a/smali/aoc/kingdoms/lukasz/menusScenarioEditor/Diplomacy/ScenarioNonAggressionList.smali	0
/tmp/w3a/smali/aoc/kingdoms/lukasz/menusScenarioEditor/Diplomacy/ScenarioRelations$1.smali	0
/tmp/w3a/smali/aoc/kingdoms/lukasz/menusScenarioEditor/Diplomacy/ScenarioRelations$2.smali	0
/tmp/w3a/smali/aoc/kingdoms/lukasz/menusScenarioEditor/Diplomacy/ScenarioRelations$3.smali	0
/tmp/w3a/smali/aoc/kingdoms/lukasz/menusScenarioEditor/Diplomacy/ScenarioRelations.smali	0
/tmp/w3a/smali/aoc/kingdoms/lukasz/menusScenarioEditor/Diplomacy/ScenarioRelationsList$1.smali	0
/tmp/w3a/smali/aoc/kingdoms/lukasz/menusScenarioEditor/Diplomacy/ScenarioRelationsList$2.smali	0
/tmp/w3a/smali/aoc/kingdoms/lukasz/menusScenarioEditor/Diplomacy/ScenarioRelationsList.smali	0
/tmp/w3a/smali/aoc/kingdoms/lukasz/menusScenarioEditor/Diplomacy/ScenarioTruces$1.smali	0
/tmp/w3a/smali/aoc/kingdoms/lukasz/menusScenarioEditor/Diplomacy/ScenarioTruces$2.smali	0
/tmp/w3a/smali/aoc/kingdoms/lukasz/menusScenarioEditor/Diplomacy/ScenarioTruces$3.smali	0
/tmp/w3a/smali/aoc/kingdoms/lukasz/menusScenarioEditor/Diplomacy/ScenarioTruces.smali	0
/tmp/w3a/smali/aoc/kingdoms/lukasz/menusScenarioEditor/Diplomacy/ScenarioTrucesList$1.smali	0
/tmp/w3a/smali/aoc/kingdoms/lukasz/menusScenarioEditor/Diplomacy/ScenarioTrucesList$2.smali	0
/tmp/w3a/smali/aoc/kingdoms/lukasz/menusScenarioEditor/Diplomacy/ScenarioTrucesList$3$1.smali	0
/tmp/w3a/smali/aoc/kingdoms/lukasz/menusScenarioEditor/Diplomacy/ScenarioTrucesList$3.smali	0
/tmp/w3a/smali/aoc/kingdoms/lukasz/menusScenarioEditor/Diplomacy/ScenarioTrucesList$4.smali	0
/tmp/w3a/smali/aoc/kingdoms/lukasz/menusScenarioEditor/Diplomacy/ScenarioTrucesList.smali	0
/tmp/w3a/smali/aoc/kingdoms/lukasz/menusScenarioEditor/Diplomacy/ScenarioVassals$1.smali	0
/tmp/w3a/smali/aoc/kingdoms/lukasz/menusScenarioEditor/Diplomacy/ScenarioVassals$2.smali	0
/tmp/w3a/smali/aoc/kingdoms/lukasz/menusScenarioEditor/Diplomacy/ScenarioVassals$3.smali	0
/tmp/w3a/smali/aoc/kingdoms/lukasz/menusScenarioEditor/Diplomacy/ScenarioVassals.smali	0
/tmp/w3a/smali/aoc/kingdoms/lukasz/menusScenarioEditor/Diplomacy/ScenarioVassalsList$1.smali	0
/tmp/w3a/smali/aoc/kingdoms/lukasz/menusScenarioEditor/Diplomacy/ScenarioVassalsList$2.smali	0
/tmp/w3a/smali/aoc/kingdoms/lukasz/menusScenarioEditor/Diplomacy/ScenarioVassalsList$3.smali	0
/tmp/w3a/smali/aoc/kingdoms/lukasz/menusScenarioEditor/Diplomacy/ScenarioVassalsList$4.smali	0
/tmp/w3a/smali/aoc/kingdoms/lukasz/menusScenarioEditor/Diplomacy/ScenarioVassalsList.smali	0
/tmp/w3a/smali/aoc/kingdoms/lukasz/menusScenarioEditor/ScenarioArmies$1.smali	0
/tmp/w3a/smali/aoc/kingdoms/lukasz/menusScenarioEditor/ScenarioArmies$2.smali	0
/tmp/w3a/smali/aoc/kingdoms/lukasz/menusScenarioEditor/ScenarioArmies$3.smali	0
/tmp/w3a/smali/aoc/kingdoms/lukasz/menusScenarioEditor/ScenarioArmies.smali	0
/tmp/w3a/smali/aoc/kingdoms/lukasz/menusScenarioEditor/ScenarioArmies_List$1.smali	0
/tmp/w3a/smali/aoc/kingdoms/lukasz/menusScenarioEditor/ScenarioArmies_List$10.smali	0
/tmp/w3a/smali/aoc/kingdoms/lukasz/menusScenarioEditor/ScenarioArmies_List$2.smali	0
/tmp/w3a/smali/aoc/kingdoms/lukasz/menusScenarioEditor/ScenarioArmies_List$3.smali	0
/tmp/w3a/smali/aoc/kingdoms/lukasz/menusScenarioEditor/ScenarioArmies_List$4.smali	0
/tmp/w3a/smali/aoc/kingdoms/lukasz/menusScenarioEditor/ScenarioArmies_List$5.smali	0
/tmp/w3a/smali/aoc/kingdoms/lukasz/menusScenarioEditor/ScenarioArmies_List$6.smali	0
/tmp/w3a/smali/aoc/kingdoms/lukasz/menusScenarioEditor/ScenarioArmies_List$7.smali	0
/tmp/w3a/smali/aoc/kingdoms/lukasz/menusScenarioEditor/ScenarioArmies_List$8.smali	0
/tmp/w3a/smali/aoc/kingdoms/lukasz/menusScenarioEditor/ScenarioArmies_List$9.smali	0
/tmp/w3a/smali/aoc/kingdoms/lukasz/menusScenarioEditor/ScenarioArmies_List.smali	0
/tmp/w3a/smali/aoc/kingdoms/lukasz/menusScenarioEditor/ScenarioAssign$1.smali	0
/tmp/w3a/smali/aoc/kingdoms/lukasz/menusScenarioEditor/ScenarioAssign$2.smali	0
/tmp/w3a/smali/aoc/kingdoms/lukasz/menusScenarioEditor/ScenarioAssign$3.smali	0
/tmp/w3a/smali/aoc/kingdoms/lukasz/menusScenarioEditor/ScenarioAssign$4.smali	0
/tmp/w3a/smali/aoc/kingdoms/lukasz/menusScenarioEditor/ScenarioAssign$5.smali	0
/tmp/w3a/smali/aoc/kingdoms/lukasz/menusScenarioEditor/ScenarioAssign$6.smali	0
/tmp/w3a/smali/aoc/kingdoms/lukasz/menusScenarioEditor/ScenarioAssign$7.smali	0
/tmp/w3a/smali/aoc/kingdoms/lukasz/menusScenarioEditor/ScenarioAssign$8.smali	0
/tmp/w3a/smali/aoc/kingdoms/lukasz/menusScenarioEditor/ScenarioAssign.smali	0
/tmp/w3a/smali/aoc/kingdoms/lukasz/menusScenarioEditor/ScenarioAssignCivs$1.smali	0
/tmp/w3a/smali/aoc/kingdoms/lukasz/menusScenarioEditor/ScenarioAssignCivs.smali	0
/tmp/w3a/smali/aoc/kingdoms/lukasz/menusScenarioEditor/ScenarioAssignList$1.smali	0
/tmp/w3a/smali/aoc/kingdoms/lukasz/menusScenarioEditor/ScenarioAssignList$2.smali	0
/tmp/w3a/smali/aoc/kingdoms/lukasz/menusScenarioEditor/ScenarioAssignList$3.smali	0
/tmp/w3a/smali/aoc/kingdoms/lukasz/menusScenarioEditor/ScenarioAssignList.smali	0
/tmp/w3a/smali/aoc/kingdoms/lukasz/menusScenarioEditor/ScenarioAssign_InGame$1.smali	0
/tmp/w3a/smali/aoc/kingdoms/lukasz/menusScenarioEditor/ScenarioAssign_InGame$2.smali	0
/tmp/w3a/smali/aoc/kingdoms/lukasz/menusScenarioEditor/ScenarioAssign_InGame$3.smali	0
/tmp/w3a/smali/aoc/kingdoms/lukasz/menusScenarioEditor/ScenarioAssign_InGame$4.smali	0
/tmp/w3a/smali/aoc/kingdoms/lukasz/menusScenarioEditor/ScenarioAssign_InGame$5.smali	0
/tmp/w3a/smali/aoc/kingdoms/lukasz/menusScenarioEditor/ScenarioAssign_InGame$6.smali	0
/tmp/w3a/smali/aoc/kingdoms/lukasz/menusScenarioEditor/ScenarioAssign_InGame$7.smali	0
/tmp/w3a/smali/aoc/kingdoms/lukasz/menusScenarioEditor/ScenarioAssign_InGame.smali	0
/tmp/w3a/smali/aoc/kingdoms/lukasz/menusScenarioEditor/ScenarioAssign_InGameCivs$1.smali	0
/tmp/w3a/smali/aoc/kingdoms/lukasz/menusScenarioEditor/ScenarioAssign_InGameCivs.smali	0
/tmp/w3a/smali/aoc/kingdoms/lukasz/menusScenarioEditor/ScenarioAssign_InGameList$1.smali	0
/tmp/w3a/smali/aoc/kingdoms/lukasz/menusScenarioEditor/ScenarioAssign_InGameList$2.smali	0
/tmp/w3a/smali/aoc/kingdoms/lukasz/menusScenarioEditor/ScenarioAssign_InGameList.smali	0
/tmp/w3a/smali/aoc/kingdoms/lukasz/menusScenarioEditor/ScenarioBuildings$1.smali	0
/tmp/w3a/smali/aoc/kingdoms/lukasz/menusScenarioEditor/ScenarioBuildings$2.smali	0
/tmp/w3a/smali/aoc/kingdoms/lukasz/menusScenarioEditor/ScenarioBuildings$3.smali	0
/tmp/w3a/smali/aoc/kingdoms/lukasz/menusScenarioEditor/ScenarioBuildings$4.smali	0
/tmp/w3a/smali/aoc/kingdoms/lukasz/menusScenarioEditor/ScenarioBuildings$5.smali	0
/tmp/w3a/smali/aoc/kingdoms/lukasz/menusScenarioEditor/ScenarioBuildings$6.smali	0
/tmp/w3a/smali/aoc/kingdoms/lukasz/menusScenarioEditor/ScenarioBuildings.smali	0
/tmp/w3a/smali/aoc/kingdoms/lukasz/menusScenarioEditor/ScenarioBuildings_List$1.smali	0
/tmp/w3a/smali/aoc/kingdoms/lukasz/menusScenarioEditor/ScenarioBuildings_List.smali	0
/tmp/w3a/smali/aoc/kingdoms/lukasz/menusScenarioEditor/ScenarioCivilizations$1.smali	0
/tmp/w3a/smali/aoc/kingdoms/lukasz/menusScenarioEditor/ScenarioCivilizations$2.smali	0
/tmp/w3a/smali/aoc/kingdoms/lukasz/menusScenarioEditor/ScenarioCivilizations$3.smali	0
/tmp/w3a/smali/aoc/kingdoms/lukasz/menusScenarioEditor/ScenarioCivilizations$4.smali	0
/tmp/w3a/smali/aoc/kingdoms/lukasz/menusScenarioEditor/ScenarioCivilizations$5.smali	0
/tmp/w3a/smali/aoc/kingdoms/lukasz/menusScenarioEditor/ScenarioCivilizations$6.smali	0
/tmp/w3a/smali/aoc/kingdoms/lukasz/menusScenarioEditor/ScenarioCivilizations$7.smali	0
/tmp/w3a/smali/aoc/kingdoms/lukasz/menusScenarioEditor/ScenarioCivilizations.smali	0
/tmp/w3a/smali/aoc/kingdoms/lukasz/menusScenarioEditor/ScenarioCivilizationsList$1.smali	0
/tmp/w3a/smali/aoc/kingdoms/lukasz/menusScenarioEditor/ScenarioCivilizationsList$2.smali	0
/tmp/w3a/smali/aoc/kingdoms/lukasz/menusScenarioEditor/ScenarioCivilizationsList$3.smali	0
/tmp/w3a/smali/aoc/kingdoms/lukasz/menusScenarioEditor/ScenarioCivilizationsList$4.smali	0
/tmp/w3a/smali/aoc/kingdoms/lukasz/menusScenarioEditor/ScenarioCivilizationsList$5.smali	0
/tmp/w3a/smali/aoc/kingdoms/lukasz/menusScenarioEditor/ScenarioCivilizationsList$6.smali	0
/tmp/w3a/smali/aoc/kingdoms/lukasz/menusScenarioEditor/ScenarioCivilizationsList$7.smali	0
/tmp/w3a/smali/aoc/kingdoms/lukasz/menusScenarioEditor/ScenarioCivilizationsList.smali	0
/tmp/w3a/smali/aoc/kingdoms/lukasz/menusScenarioEditor/ScenarioCores$1.smali	0
/tmp/w3a/smali/aoc/kingdoms/lukasz/menusScenarioEditor/ScenarioCores$2.smali	0
/tmp/w3a/smali/aoc/kingdoms/lukasz/menusScenarioEditor/ScenarioCores$3.smali	0
/tmp/w3a/smali/aoc/kingdoms/lukasz/menusScenarioEditor/ScenarioCores$4.smali	0
/tmp/w3a/smali/aoc/kingdoms/lukasz/menusScenarioEditor/ScenarioCores$5.smali	0
/tmp/w3a/smali/aoc/kingdoms/lukasz/menusScenarioEditor/ScenarioCores$6.smali	0
/tmp/w3a/smali/aoc/kingdoms/lukasz/menusScenarioEditor/ScenarioCores.smali	0
/tmp/w3a/smali/aoc/kingdoms/lukasz/menusScenarioEditor/ScenarioCores_InProvinces$1.smali	0
/tmp/w3a/smali/aoc/kingdoms/lukasz/menusScenarioEditor/ScenarioCores_InProvinces.smali	0
/tmp/w3a/smali/aoc/kingdoms/lukasz/menusScenarioEditor/ScenarioCores_List$1.smali	0
/tmp/w3a/smali/aoc/kingdoms/lukasz/menusScenarioEditor/ScenarioCores_List$2.smali	0
/tmp/w3a/smali/aoc/kingdoms/lukasz/menusScenarioEditor/ScenarioCores_List$3.smali	0
/tmp/w3a/smali/aoc/kingdoms/lukasz/menusScenarioEditor/ScenarioCores_List$4.smali	0
/tmp/w3a/smali/aoc/kingdoms/lukasz/menusScenarioEditor/ScenarioCores_List.smali	0
/tmp/w3a/smali/aoc/kingdoms/lukasz/menusScenarioEditor/ScenarioCreateAlliance$1.smali	0
/tmp/w3a/smali/aoc/kingdoms/lukasz/menusScenarioEditor/ScenarioCreateAlliance$2.smali	0
/tmp/w3a/smali/aoc/kingdoms/lukasz/menusScenarioEditor/ScenarioCreateAlliance$3.smali	0
/tmp/w3a/smali/aoc/kingdoms/lukasz/menusScenarioEditor/ScenarioCreateAlliance$4.smali	0
/tmp/w3a/smali/aoc/kingdoms/lukasz/menusScenarioEditor/ScenarioCreateAlliance.smali	0
/tmp/w3a/smali/aoc/kingdoms/lukasz/menusScenarioEditor/ScenarioCreateAllianceList$1.smali	0
/tmp/w3a/smali/aoc/kingdoms/lukasz/menusScenarioEditor/ScenarioCreateAllianceList$10.smali	0
/tmp/w3a/smali/aoc/kingdoms/lukasz/menusScenarioEditor/ScenarioCreateAllianceList$11.smali	0
/tmp/w3a/smali/aoc/kingdoms/lukasz/menusScenarioEditor/ScenarioCreateAllianceList$12.smali	0
/tmp/w3a/smali/aoc/kingdoms/lukasz/menusScenarioEditor/ScenarioCreateAllianceList$2.smali	0
/tmp/w3a/smali/aoc/kingdoms/lukasz/menusScenarioEditor/ScenarioCreateAllianceList$3.smali	0
/tmp/w3a/smali/aoc/kingdoms/lukasz/menusScenarioEditor/ScenarioCreateAllianceList$4.smali	0
/tmp/w3a/smali/aoc/kingdoms/lukasz/menusScenarioEditor/ScenarioCreateAllianceList$5.smali	0
/tmp/w3a/smali/aoc/kingdoms/lukasz/menusScenarioEditor/ScenarioCreateAllianceList$6.smali	0
/tmp/w3a/smali/aoc/kingdoms/lukasz/menusScenarioEditor/ScenarioCreateAllianceList$7.smali	0
/tmp/w3a/smali/aoc/kingdoms/lukasz/menusScenarioEditor/ScenarioCreateAllianceList$8.smali	0
/tmp/w3a/smali/aoc/kingdoms/lukasz/menusScenarioEditor/ScenarioCreateAllianceList$9.smali	0
/tmp/w3a/smali/aoc/kingdoms/lukasz/menusScenarioEditor/ScenarioCreateAllianceList.smali	0
/tmp/w3a/smali/aoc/kingdoms/lukasz/menusScenarioEditor/ScenarioCreateAlliance_Alliances$1.smali	0
/tmp/w3a/smali/aoc/kingdoms/lukasz/menusScenarioEditor/ScenarioCreateAlliance_Alliances$2.smali	0
/tmp/w3a/smali/aoc/kingdoms/lukasz/menusScenarioEditor/ScenarioCreateAlliance_Alliances$3.smali	0
/tmp/w3a/smali/aoc/kingdoms/lukasz/menusScenarioEditor/ScenarioCreateAlliance_Alliances.smali	0
/tmp/w3a/smali/aoc/kingdoms/lukasz/menusScenarioEditor/ScenarioCreateAlliance_AlliancesList$1.smali	0
/tmp/w3a/smali/aoc/kingdoms/lukasz/menusScenarioEditor/ScenarioCreateAlliance_AlliancesList$2.smali	0
/tmp/w3a/smali/aoc/kingdoms/lukasz/menusScenarioEditor/ScenarioCreateAlliance_AlliancesList$3.smali	0
/tmp/w3a/smali/aoc/kingdoms/lukasz/menusScenarioEditor/ScenarioCreateAlliance_AlliancesList.smali	0
/tmp/w3a/smali/aoc/kingdoms/lukasz/menusScenarioEditor/ScenarioEconomy$1.smali	0
/tmp/w3a/smali/aoc/kingdoms/lukasz/menusScenarioEditor/ScenarioEconomy$2.smali	0
/tmp/w3a/smali/aoc/kingdoms/lukasz/menusScenarioEditor/ScenarioEconomy$3.smali	0
/tmp/w3a/smali/aoc/kingdoms/lukasz/menusScenarioEditor/ScenarioEconomy.smali	0
/tmp/w3a/smali/aoc/kingdoms/lukasz/menusScenarioEditor/ScenarioEconomy_List$1.smali	0
/tmp/w3a/smali/aoc/kingdoms/lukasz/menusScenarioEditor/ScenarioEconomy_List$2.smali	0
/tmp/w3a/smali/aoc/kingdoms/lukasz/menusScenarioEditor/ScenarioEconomy_List$3.smali	0
/tmp/w3a/smali/aoc/kingdoms/lukasz/menusScenarioEditor/ScenarioEconomy_List$4.smali	0
/tmp/w3a/smali/aoc/kingdoms/lukasz/menusScenarioEditor/ScenarioEconomy_List$ListMode.smali	0
/tmp/w3a/smali/aoc/kingdoms/lukasz/menusScenarioEditor/ScenarioEconomy_List.smali	0
/tmp/w3a/smali/aoc/kingdoms/lukasz/menusScenarioEditor/ScenarioGeneratePreview.smali	0
/tmp/w3a/smali/aoc/kingdoms/lukasz/menusScenarioEditor/ScenarioGovernment$1.smali	0
/tmp/w3a/smali/aoc/kingdoms/lukasz/menusScenarioEditor/ScenarioGovernment$2.smali	0
/tmp/w3a/smali/aoc/kingdoms/lukasz/menusScenarioEditor/ScenarioGovernment$3.smali	0
/tmp/w3a/smali/aoc/kingdoms/lukasz/menusScenarioEditor/ScenarioGovernment.smali	0
/tmp/w3a/smali/aoc/kingdoms/lukasz/menusScenarioEditor/ScenarioGovernment_List$1.smali	0
/tmp/w3a/smali/aoc/kingdoms/lukasz/menusScenarioEditor/ScenarioGovernment_List$10.smali	0
/tmp/w3a/smali/aoc/kingdoms/lukasz/menusScenarioEditor/ScenarioGovernment_List$11.smali	0
/tmp/w3a/smali/aoc/kingdoms/lukasz/menusScenarioEditor/ScenarioGovernment_List$12.smali	0
/tmp/w3a/smali/aoc/kingdoms/lukasz/menusScenarioEditor/ScenarioGovernment_List$13.smali	0
/tmp/w3a/smali/aoc/kingdoms/lukasz/menusScenarioEditor/ScenarioGovernment_List$14.smali	0
/tmp/w3a/smali/aoc/kingdoms/lukasz/menusScenarioEditor/ScenarioGovernment_List$15.smali	0
/tmp/w3a/smali/aoc/kingdoms/lukasz/menusScenarioEditor/ScenarioGovernment_List$2.smali	0
/tmp/w3a/smali/aoc/kingdoms/lukasz/menusScenarioEditor/ScenarioGovernment_List$3.smali	0
/tmp/w3a/smali/aoc/kingdoms/lukasz/menusScenarioEditor/ScenarioGovernment_List$4.smali	0
/tmp/w3a/smali/aoc/kingdoms/lukasz/menusScenarioEditor/ScenarioGovernment_List$5.smali	0
/tmp/w3a/smali/aoc/kingdoms/lukasz/menusScenarioEditor/ScenarioGovernment_List$6.smali	0
/tmp/w3a/smali/aoc/kingdoms/lukasz/menusScenarioEditor/ScenarioGovernment_List$7.smali	0
/tmp/w3a/smali/aoc/kingdoms/lukasz/menusScenarioEditor/ScenarioGovernment_List$8.smali	0
/tmp/w3a/smali/aoc/kingdoms/lukasz/menusScenarioEditor/ScenarioGovernment_List$9.smali	0
/tmp/w3a/smali/aoc/kingdoms/lukasz/menusScenarioEditor/ScenarioGovernment_List.smali	0
/tmp/w3a/smali/aoc/kingdoms/lukasz/menusScenarioEditor/ScenarioPopulation$1.smali	0
/tmp/w3a/smali/aoc/kingdoms/lukasz/menusScenarioEditor/ScenarioPopulation$2.smali	0
/tmp/w3a/smali/aoc/kingdoms/lukasz/menusScenarioEditor/ScenarioPopulation$3.smali	0
/tmp/w3a/smali/aoc/kingdoms/lukasz/menusScenarioEditor/ScenarioPopulation.smali	0
/tmp/w3a/smali/aoc/kingdoms/lukasz/menusScenarioEditor/ScenarioPopulation_List$1.smali	0
/tmp/w3a/smali/aoc/kingdoms/lukasz/menusScenarioEditor/ScenarioPopulation_List.smali	0
/tmp/w3a/smali/aoc/kingdoms/lukasz/menusScenarioEditor/ScenarioReligion$1.smali	0
/tmp/w3a/smali/aoc/kingdoms/lukasz/menusScenarioEditor/ScenarioReligion$2.smali	0
/tmp/w3a/smali/aoc/kingdoms/lukasz/menusScenarioEditor/ScenarioReligion$3.smali	0
/tmp/w3a/smali/aoc/kingdoms/lukasz/menusScenarioEditor/ScenarioReligion$4.smali	0
/tmp/w3a/smali/aoc/kingdoms/lukasz/menusScenarioEditor/ScenarioReligion$5.smali	0
/tmp/w3a/smali/aoc/kingdoms/lukasz/menusScenarioEditor/ScenarioReligion$6.smali	0
/tmp/w3a/smali/aoc/kingdoms/lukasz/menusScenarioEditor/ScenarioReligion.smali	0
/tmp/w3a/smali/aoc/kingdoms/lukasz/menusScenarioEditor/ScenarioReligion_List$1.smali	0
/tmp/w3a/smali/aoc/kingdoms/lukasz/menusScenarioEditor/ScenarioReligion_List$2.smali	0
/tmp/w3a/smali/aoc/kingdoms/lukasz/menusScenarioEditor/ScenarioReligion_List.smali	0
/tmp/w3a/smali/aoc/kingdoms/lukasz/menusScenarioEditor/ScenarioSettings$1.smali	0
/tmp/w3a/smali/aoc/kingdoms/lukasz/menusScenarioEditor/ScenarioSettings$10.smali	0
/tmp/w3a/smali/aoc/kingdoms/lukasz/menusScenarioEditor/ScenarioSettings$11.smali	0
/tmp/w3a/smali/aoc/kingdoms/lukasz/menusScenarioEditor/ScenarioSettings$12.smali	0
/tmp/w3a/smali/aoc/kingdoms/lukasz/menusScenarioEditor/ScenarioSettings$13.smali	0
/tmp/w3a/smali/aoc/kingdoms/lukasz/menusScenarioEditor/ScenarioSettings$14.smali	0
/tmp/w3a/smali/aoc/kingdoms/lukasz/menusScenarioEditor/ScenarioSettings$15.smali	0
/tmp/w3a/smali/aoc/kingdoms/lukasz/menusScenarioEditor/ScenarioSettings$16.smali	0
/tmp/w3a/smali/aoc/kingdoms/lukasz/menusScenarioEditor/ScenarioSettings$17.smali	0
/tmp/w3a/smali/aoc/kingdoms/lukasz/menusScenarioEditor/ScenarioSettings$18.smali	0
/tmp/w3a/smali/aoc/kingdoms/lukasz/menusScenarioEditor/ScenarioSettings$19.smali	0
/tmp/w3a/smali/aoc/kingdoms/lukasz/menusScenarioEditor/ScenarioSettings$2.smali	0
/tmp/w3a/smali/aoc/kingdoms/lukasz/menusScenarioEditor/ScenarioSettings$20.smali	0
/tmp/w3a/smali/aoc/kingdoms/lukasz/menusScenarioEditor/ScenarioSettings$21.smali	0
/tmp/w3a/smali/aoc/kingdoms/lukasz/menusScenarioEditor/ScenarioSettings$22.smali	0
/tmp/w3a/smali/aoc/kingdoms/lukasz/menusScenarioEditor/ScenarioSettings$23.smali	0
/tmp/w3a/smali/aoc/kingdoms/lukasz/menusScenarioEditor/ScenarioSettings$24.smali	0
/tmp/w3a/smali/aoc/kingdoms/lukasz/menusScenarioEditor/ScenarioSettings$25.smali	0
/tmp/w3a/smali/aoc/kingdoms/lukasz/menusScenarioEditor/ScenarioSettings$26.smali	0
/tmp/w3a/smali/aoc/kingdoms/lukasz/menusScenarioEditor/ScenarioSettings$27.smali	0
/tmp/w3a/smali/aoc/kingdoms/lukasz/menusScenarioEditor/ScenarioSettings$28.smali	0
/tmp/w3a/smali/aoc/kingdoms/lukasz/menusScenarioEditor/ScenarioSettings$29.smali	0
/tmp/w3a/smali/aoc/kingdoms/lukasz/menusScenarioEditor/ScenarioSettings$3.smali	0
/tmp/w3a/smali/aoc/kingdoms/lukasz/menusScenarioEditor/ScenarioSettings$30.smali	0
/tmp/w3a/smali/aoc/kingdoms/lukasz/menusScenarioEditor/ScenarioSettings$31.smali	0
/tmp/w3a/smali/aoc/kingdoms/lukasz/menusScenarioEditor/ScenarioSettings$32.smali	0
/tmp/w3a/smali/aoc/kingdoms/lukasz/menusScenarioEditor/ScenarioSettings$33.smali	0
/tmp/w3a/smali/aoc/kingdoms/lukasz/menusScenarioEditor/ScenarioSettings$34.smali	0
/tmp/w3a/smali/aoc/kingdoms/lukasz/menusScenarioEditor/ScenarioSettings$35.smali	0
/tmp/w3a/smali/aoc/kingdoms/lukasz/menusScenarioEditor/ScenarioSettings$36.smali	0
/tmp/w3a/smali/aoc/kingdoms/lukasz/menusScenarioEditor/ScenarioSettings$37.smali	0
/tmp/w3a/smali/aoc/kingdoms/lukasz/menusScenarioEditor/ScenarioSettings$38.smali	0
/tmp/w3a/smali/aoc/kingdoms/lukasz/menusScenarioEditor/ScenarioSettings$39.smali	0
/tmp/w3a/smali/aoc/kingdoms/lukasz/menusScenarioEditor/ScenarioSettings$4.smali	0
/tmp/w3a/smali/aoc/kingdoms/lukasz/menusScenarioEditor/ScenarioSettings$40.smali	0
/tmp/w3a/smali/aoc/kingdoms/lukasz/menusScenarioEditor/ScenarioSettings$41.smali	0
/tmp/w3a/smali/aoc/kingdoms/lukasz/menusScenarioEditor/ScenarioSettings$42.smali	0
/tmp/w3a/smali/aoc/kingdoms/lukasz/menusScenarioEditor/ScenarioSettings$5.smali	0
/tmp/w3a/smali/aoc/kingdoms/lukasz/menusScenarioEditor/ScenarioSettings$6.smali	0
/tmp/w3a/smali/aoc/kingdoms/lukasz/menusScenarioEditor/ScenarioSettings$7.smali	0
/tmp/w3a/smali/aoc/kingdoms/lukasz/menusScenarioEditor/ScenarioSettings$8.smali	0
/tmp/w3a/smali/aoc/kingdoms/lukasz/menusScenarioEditor/ScenarioSettings$9.smali	0
/tmp/w3a/smali/aoc/kingdoms/lukasz/menusScenarioEditor/ScenarioSettings.smali	0
/tmp/w3a/smali/aoc/kingdoms/lukasz/menusScenarioEditor/Scenario_Calendar$1.smali	0
/tmp/w3a/smali/aoc/kingdoms/lukasz/menusScenarioEditor/Scenario_Calendar$2.smali	0
/tmp/w3a/smali/aoc/kingdoms/lukasz/menusScenarioEditor/Scenario_Calendar$3.smali	0
/tmp/w3a/smali/aoc/kingdoms/lukasz/menusScenarioEditor/Scenario_Calendar$4.smali	0
/tmp/w3a/smali/aoc/kingdoms/lukasz/menusScenarioEditor/Scenario_Calendar$5.smali	0
/tmp/w3a/smali/aoc/kingdoms/lukasz/menusScenarioEditor/Scenario_Calendar$6.smali	0
/tmp/w3a/smali/aoc/kingdoms/lukasz/menusScenarioEditor/Scenario_Calendar.smali	0
/tmp/w3a/smali/aoc/kingdoms/lukasz/menusScenarioEditor/ScenariosList$1.smali	0
/tmp/w3a/smali/aoc/kingdoms/lukasz/menusScenarioEditor/ScenariosList$2.smali	0
/tmp/w3a/smali/aoc/kingdoms/lukasz/menusScenarioEditor/ScenariosList$3.smali	0
/tmp/w3a/smali/aoc/kingdoms/lukasz/menusScenarioEditor/ScenariosList$4.smali	0
/tmp/w3a/smali/aoc/kingdoms/lukasz/menusScenarioEditor/ScenariosList.smali	0
/tmp/w3a/smali/aoc/kingdoms/lukasz/menusScenarioEditor/Technology/ScenarioTechnologyCivs$1.smali	0
/tmp/w3a/smali/aoc/kingdoms/lukasz/menusScenarioEditor/Technology/ScenarioTechnologyCivs$2.smali	0
/tmp/w3a/smali/aoc/kingdoms/lukasz/menusScenarioEditor/Technology/ScenarioTechnologyCivs$3.smali	0
/tmp/w3a/smali/aoc/kingdoms/lukasz/menusScenarioEditor/Technology/ScenarioTechnologyCivs.smali	0
/tmp/w3a/smali/aoc/kingdoms/lukasz/menusScenarioEditor/Technology/ScenarioTechnologyCivs_List$1.smali	0
/tmp/w3a/smali/aoc/kingdoms/lukasz/menusScenarioEditor/Technology/ScenarioTechnologyCivs_List$2.smali	0
/tmp/w3a/smali/aoc/kingdoms/lukasz/menusScenarioEditor/Technology/ScenarioTechnologyCivs_List$3.smali	0
/tmp/w3a/smali/aoc/kingdoms/lukasz/menusScenarioEditor/Technology/ScenarioTechnologyCivs_List$4.smali	0
/tmp/w3a/smali/aoc/kingdoms/lukasz/menusScenarioEditor/Technology/ScenarioTechnologyCivs_List.smali	0
/tmp/w3a/smali/aoc/kingdoms/lukasz/menusScenarioEditor/Technology/ScenarioTechnology_Default$1.smali	0
/tmp/w3a/smali/aoc/kingdoms/lukasz/menusScenarioEditor/Technology/ScenarioTechnology_Default$2.smali	0
/tmp/w3a/smali/aoc/kingdoms/lukasz/menusScenarioEditor/Technology/ScenarioTechnology_Default$3.smali	0
/tmp/w3a/smali/aoc/kingdoms/lukasz/menusScenarioEditor/Technology/ScenarioTechnology_Default$4.smali	0
/tmp/w3a/smali/aoc/kingdoms/lukasz/menusScenarioEditor/Technology/ScenarioTechnology_Default.smali	0
/tmp/w3a/smali/aoc/kingdoms/lukasz/menusScenarioEditor/Technology/ScenarioTechnology_Default_List$1.smali	0
/tmp/w3a/smali/aoc/kingdoms/lukasz/menusScenarioEditor/Technology/ScenarioTechnology_Default_List$2.smali	0
/tmp/w3a/smali/aoc/kingdoms/lukasz/menusScenarioEditor/Technology/ScenarioTechnology_Default_List$3.smali	0
/tmp/w3a/smali/aoc/kingdoms/lukasz/menusScenarioEditor/Technology/ScenarioTechnology_Default_List.smali	0
/tmp/w3a/smali/aoc/kingdoms/lukasz/menusScenarioEditor/Wasteland/ScenarioWasteland$1.smali	0
/tmp/w3a/smali/aoc/kingdoms/lukasz/menusScenarioEditor/Wasteland/ScenarioWasteland$2.smali	0
/tmp/w3a/smali/aoc/kingdoms/lukasz/menusScenarioEditor/Wasteland/ScenarioWasteland$3.smali	0
/tmp/w3a/smali/aoc/kingdoms/lukasz/menusScenarioEditor/Wasteland/ScenarioWasteland$4.smali	0
/tmp/w3a/smali/aoc/kingdoms/lukasz/menusScenarioEditor/Wasteland/ScenarioWasteland$5.smali	0
/tmp/w3a/smali/aoc/kingdoms/lukasz/menusScenarioEditor/Wasteland/ScenarioWasteland$Undo.smali	0
/tmp/w3a/smali/aoc/kingdoms/lukasz/menusScenarioEditor/Wasteland/ScenarioWasteland.smali	0
/tmp/w3a/smali/aoc/kingdoms/lukasz/menusScenarioEditor/Wasteland/ScenarioWastelandContinents$1.smali	0
/tmp/w3a/smali/aoc/kingdoms/lukasz/menusScenarioEditor/Wasteland/ScenarioWastelandContinents$2.smali	0
/tmp/w3a/smali/aoc/kingdoms/lukasz/menusScenarioEditor/Wasteland/ScenarioWastelandContinents$3.smali	0
/tmp/w3a/smali/aoc/kingdoms/lukasz/menusScenarioEditor/Wasteland/ScenarioWastelandContinents$4.smali	0
/tmp/w3a/smali/aoc/kingdoms/lukasz/menusScenarioEditor/Wasteland/ScenarioWastelandContinents$5.smali	0
/tmp/w3a/smali/aoc/kingdoms/lukasz/menusScenarioEditor/Wasteland/ScenarioWastelandContinents.smali	0
/tmp/w3a/smali/aoc/kingdoms/lukasz/menusScenarioEditor/Wasteland/ScenarioWastelandContinentsList$1.smali	0
/tmp/w3a/smali/aoc/kingdoms/lukasz/menusScenarioEditor/Wasteland/ScenarioWastelandContinentsList.smali	0
/tmp/w3a/smali/aoc/kingdoms/lukasz/menusScenarioEditor/Wasteland/ScenarioWastelandOptions$1.smali	0
/tmp/w3a/smali/aoc/kingdoms/lukasz/menusScenarioEditor/Wasteland/ScenarioWastelandOptions$2.smali	0
/tmp/w3a/smali/aoc/kingdoms/lukasz/menusScenarioEditor/Wasteland/ScenarioWastelandOptions$3.smali	0
/tmp/w3a/smali/aoc/kingdoms/lukasz/menusScenarioEditor/Wasteland/ScenarioWastelandOptions$4.smali	0
/tmp/w3a/smali/aoc/kingdoms/lukasz/menusScenarioEditor/Wasteland/ScenarioWastelandOptions$5.smali	0
/tmp/w3a/smali/aoc/kingdoms/lukasz/menusScenarioEditor/Wasteland/ScenarioWastelandOptions.smali	0
/tmp/w3a/smali/aoc/kingdoms/lukasz/textures/Image.smali	0
/tmp/w3a/smali/aoc/kingdoms/lukasz/textures/ImageManager.smali	0
/tmp/w3a/smali/aoc/kingdoms/lukasz/textures/ImageRegion.smali	0
/tmp/w3a/smali/aoc/kingdoms/lukasz/textures/Images.smali	0
/tmp/w3a/smali/aoc/kingdoms/lukasz/units/Animation_Unit.smali	0
/tmp/w3a/smali/aoc/kingdoms/lukasz/units/Hitbox.smali	0
/tmp/w3a/smali/aoc/kingdoms/lukasz/units/Path.smali	0
/tmp/w3a/smali/aoc/kingdoms/lukasz/units/Unit.smali	0
/tmp/w3a/smali/aoc/kingdoms/lukasz/units/UnitType.smali	0
/tmp/w3a/smali/aoc/kingdoms/lukasz/units/UnitType_Sheep.smali	0
/tmp/w3a/smali/aoc/kingdoms/lukasz/units/UnitType_Templar.smali	0
/tmp/w3a/smali/aoc/kingdoms/lukasz/units/Unit_Sheep.smali	0
/tmp/w3a/smali/aoc/kingdoms/lukasz/units/Unit_Templar.smali	0
/tmp/w3a/smali/aoc/kingdoms/lukasz/units/UnitsManager$MoveUnitInDirection.smali	0
/tmp/w3a/smali/aoc/kingdoms/lukasz/units/UnitsManager.smali	0
/tmp/w3a/smali/aoc/kingdoms/lukasz/utilities/FPS.smali	0
/tmp/w3a/smali/com/badlogic/gdx/files/FileHandle.smali	0
/tmp/w3a/smali/com/badlogic/gdx/utils/JsonReader.smali	0
/tmp/w3a/smali/com/udojava/evalex/AbstractFunction$1.smali	0
/tmp/w3a/smali/com/udojava/evalex/AbstractFunction.smali	0
/tmp/w3a/smali/com/udojava/evalex/AbstractLazyFunction.smali	0
/tmp/w3a/smali/com/udojava/evalex/AbstractLazyOperator.smali	0
/tmp/w3a/smali/com/udojava/evalex/AbstractOperator$1.smali	0
/tmp/w3a/smali/com/udojava/evalex/AbstractOperator$2.smali	0
/tmp/w3a/smali/com/udojava/evalex/AbstractOperator.smali	0
/tmp/w3a/smali/com/udojava/evalex/AbstractUnaryOperator$1.smali	0
/tmp/w3a/smali/com/udojava/evalex/AbstractUnaryOperator.smali	0
/tmp/w3a/smali/com/udojava/evalex/Expression$$ExternalSyntheticBackportWithForwarding0.smali	0
/tmp/w3a/smali/com/udojava/evalex/Expression$1.smali	0
/tmp/w3a/smali/com/udojava/evalex/Expression$10.smali	0
/tmp/w3a/smali/com/udojava/evalex/Expression$11.smali	0
/tmp/w3a/smali/com/udojava/evalex/Expression$12.smali	0
/tmp/w3a/smali/com/udojava/evalex/Expression$13.smali	0
/tmp/w3a/smali/com/udojava/evalex/Expression$14.smali	0
/tmp/w3a/smali/com/udojava/evalex/Expression$15.smali	0
/tmp/w3a/smali/com/udojava/evalex/Expression$16.smali	0
/tmp/w3a/smali/com/udojava/evalex/Expression$17.smali	0
/tmp/w3a/smali/com/udojava/evalex/Expression$18.smali	0
/tmp/w3a/smali/com/udojava/evalex/Expression$19.smali	0
/tmp/w3a/smali/com/udojava/evalex/Expression$2.smali	0
/tmp/w3a/smali/com/udojava/evalex/Expression$20.smali	0
/tmp/w3a/smali/com/udojava/evalex/Expression$21.smali	0
/tmp/w3a/smali/com/udojava/evalex/Expression$22.smali	0
/tmp/w3a/smali/com/udojava/evalex/Expression$23.smali	0
/tmp/w3a/smali/com/udojava/evalex/Expression$24.smali	0
/tmp/w3a/smali/com/udojava/evalex/Expression$25.smali	0
/tmp/w3a/smali/com/udojava/evalex/Expression$26.smali	0
/tmp/w3a/smali/com/udojava/evalex/Expression$27.smali	0
/tmp/w3a/smali/com/udojava/evalex/Expression$28.smali	0
/tmp/w3a/smali/com/udojava/evalex/Expression$29.smali	0
/tmp/w3a/smali/com/udojava/evalex/Expression$3.smali	0
/tmp/w3a/smali/com/udojava/evalex/Expression$30.smali	0
/tmp/w3a/smali/com/udojava/evalex/Expression$31.smali	0
/tmp/w3a/smali/com/udojava/evalex/Expression$32.smali	0
/tmp/w3a/smali/com/udojava/evalex/Expression$33.smali	0
/tmp/w3a/smali/com/udojava/evalex/Expression$34.smali	0
/tmp/w3a/smali/com/udojava/evalex/Expression$35.smali	0
/tmp/w3a/smali/com/udojava/evalex/Expression$36.smali	0
/tmp/w3a/smali/com/udojava/evalex/Expression$37.smali	0
/tmp/w3a/smali/com/udojava/evalex/Expression$38.smali	0
/tmp/w3a/smali/com/udojava/evalex/Expression$39.smali	0
/tmp/w3a/smali/com/udojava/evalex/Expression$4.smali	0
/tmp/w3a/smali/com/udojava/evalex/Expression$40.smali	0
/tmp/w3a/smali/com/udojava/evalex/Expression$41.smali	0
/tmp/w3a/smali/com/udojava/evalex/Expression$42.smali	0
/tmp/w3a/smali/com/udojava/evalex/Expression$43.smali	0
/tmp/w3a/smali/com/udojava/evalex/Expression$44.smali	0
/tmp/w3a/smali/com/udojava/evalex/Expression$45.smali	0
/tmp/w3a/smali/com/udojava/evalex/Expression$46.smali	0
/tmp/w3a/smali/com/udojava/evalex/Expression$47.smali	0
/tmp/w3a/smali/com/udojava/evalex/Expression$48.smali	0
/tmp/w3a/smali/com/udojava/evalex/Expression$49.smali	0
/tmp/w3a/smali/com/udojava/evalex/Expression$5.smali	0
/tmp/w3a/smali/com/udojava/evalex/Expression$50.smali	0
/tmp/w3a/smali/com/udojava/evalex/Expression$51.smali	0
/tmp/w3a/smali/com/udojava/evalex/Expression$52.smali	0
/tmp/w3a/smali/com/udojava/evalex/Expression$53.smali	0
/tmp/w3a/smali/com/udojava/evalex/Expression$54.smali	0
/tmp/w3a/smali/com/udojava/evalex/Expression$55.smali	0
/tmp/w3a/smali/com/udojava/evalex/Expression$56.smali	0
/tmp/w3a/smali/com/udojava/evalex/Expression$57.smali	0
/tmp/w3a/smali/com/udojava/evalex/Expression$58.smali	0
/tmp/w3a/smali/com/udojava/evalex/Expression$59.smali	0
/tmp/w3a/smali/com/udojava/evalex/Expression$6.smali	0
/tmp/w3a/smali/com/udojava/evalex/Expression$60.smali	0
/tmp/w3a/smali/com/udojava/evalex/Expression$61.smali	0
/tmp/w3a/smali/com/udojava/evalex/Expression$62.smali	0
/tmp/w3a/smali/com/udojava/evalex/Expression$63.smali	0
/tmp/w3a/smali/com/udojava/evalex/Expression$64.smali	0
/tmp/w3a/smali/com/udojava/evalex/Expression$65.smali	0
/tmp/w3a/smali/com/udojava/evalex/Expression$66.smali	0
/tmp/w3a/smali/com/udojava/evalex/Expression$67.smali	0
/tmp/w3a/smali/com/udojava/evalex/Expression$68.smali	0
/tmp/w3a/smali/com/udojava/evalex/Expression$69.smali	0
/tmp/w3a/smali/com/udojava/evalex/Expression$7.smali	0
/tmp/w3a/smali/com/udojava/evalex/Expression$70.smali	0
/tmp/w3a/smali/com/udojava/evalex/Expression$71.smali	0
/tmp/w3a/smali/com/udojava/evalex/Expression$72.smali	0
/tmp/w3a/smali/com/udojava/evalex/Expression$73.smali	0
/tmp/w3a/smali/com/udojava/evalex/Expression$74.smali	0
/tmp/w3a/smali/com/udojava/evalex/Expression$75.smali	0
/tmp/w3a/smali/com/udojava/evalex/Expression$8.smali	0
/tmp/w3a/smali/com/udojava/evalex/Expression$9.smali	0
/tmp/w3a/smali/com/udojava/evalex/Expression$ExpressionException.smali	0
/tmp/w3a/smali/com/udojava/evalex/Expression$Function.smali	0
/tmp/w3a/smali/com/udojava/evalex/Expression$LazyFunction.smali	0
/tmp/w3a/smali/com/udojava/evalex/Expression$LazyNumber.smali	0
/tmp/w3a/smali/com/udojava/evalex/Expression$Operator.smali	0
/tmp/w3a/smali/com/udojava/evalex/Expression$Token.smali	0
/tmp/w3a/smali/com/udojava/evalex/Expression$TokenType.smali	0
/tmp/w3a/smali/com/udojava/evalex/Expression$Tokenizer.smali	0
/tmp/w3a/smali/com/udojava/evalex/Expression$UnaryOperator.smali	0
/tmp/w3a/smali/com/udojava/evalex/Expression.smali	0
/tmp/w3a/smali/com/udojava/evalex/ExpressionSettings$Builder.smali	0
/tmp/w3a/smali/com/udojava/evalex/ExpressionSettings.smali	0
/tmp/w3a/smali/com/udojava/evalex/Function.smali	0
/tmp/w3a/smali/com/udojava/evalex/LazyFunction.smali	0
/tmp/w3a/smali/com/udojava/evalex/LazyIfNumber.smali	0
/tmp/w3a/smali/com/udojava/evalex/LazyOperator.smali	0
/tmp/w3a/smali/com/udojava/evalex/Operator.smali	0
/tmp/w3a/smali/com/udojava/evalex/TokenizerException.smali	0
/tmp/w3a/smali/org/mozilla/universalchardet/CharsetListener.smali	0
/tmp/w3a/smali/org/mozilla/universalchardet/Constants.smali	0
/tmp/w3a/smali/org/mozilla/universalchardet/EncodingDetectorInputStream.smali	0
/tmp/w3a/smali/org/mozilla/universalchardet/EncodingDetectorOutputStream.smali	0
/tmp/w3a/smali/org/mozilla/universalchardet/ReaderFactory$$ExternalSyntheticBackport0.smali	0
/tmp/w3a/smali/org/mozilla/universalchardet/ReaderFactory.smali	0
/tmp/w3a/smali/org/mozilla/universalchardet/UnicodeBOMInputStream$BOM.smali	0
/tmp/w3a/smali/org/mozilla/universalchardet/UnicodeBOMInputStream.smali	0
/tmp/w3a/smali/org/mozilla/universalchardet/UniversalDetector$$ExternalSyntheticBackport0.smali	0
/tmp/w3a/smali/org/mozilla/universalchardet/UniversalDetector$InputState.smali	0
/tmp/w3a/smali/org/mozilla/universalchardet/UniversalDetector.smali	0
/tmp/w3a/smali/org/mozilla/universalchardet/prober/Big5Prober.smali	0
/tmp/w3a/smali/org/mozilla/universalchardet/prober/CharsetProber$ProbingState.smali	0
/tmp/w3a/smali/org/mozilla/universalchardet/prober/CharsetProber.smali	0
/tmp/w3a/smali/org/mozilla/universalchardet/prober/EUCJPProber.smali	0
/tmp/w3a/smali/org/mozilla/universalchardet/prober/EUCKRProber.smali	0
/tmp/w3a/smali/org/mozilla/universalchardet/prober/EUCTWProber.smali	0
/tmp/w3a/smali/org/mozilla/universalchardet/prober/EscCharsetProber.smali	0
/tmp/w3a/smali/org/mozilla/universalchardet/prober/GB18030Prober.smali	0
/tmp/w3a/smali/org/mozilla/universalchardet/prober/HebrewProber.smali	0
/tmp/w3a/smali/org/mozilla/universalchardet/prober/Latin1Prober.smali	0
/tmp/w3a/smali/org/mozilla/universalchardet/prober/MBCSGroupProber.smali	0
/tmp/w3a/smali/org/mozilla/universalchardet/prober/SBCSGroupProber.smali	0
/tmp/w3a/smali/org/mozilla/universalchardet/prober/SJISProber.smali	0
/tmp/w3a/smali/org/mozilla/universalchardet/prober/SingleByteCharsetProber.smali	0
/tmp/w3a/smali/org/mozilla/universalchardet/prober/UTF8Prober.smali	0
/tmp/w3a/smali/org/mozilla/universalchardet/prober/contextanalysis/EUCJPContextAnalysis.smali	0
/tmp/w3a/smali/org/mozilla/universalchardet/prober/contextanalysis/JapaneseContextAnalysis$Order.smali	0
/tmp/w3a/smali/org/mozilla/universalchardet/prober/contextanalysis/JapaneseContextAnalysis.smali	0
/tmp/w3a/smali/org/mozilla/universalchardet/prober/contextanalysis/SJISContextAnalysis.smali	0
/tmp/w3a/smali/org/mozilla/universalchardet/prober/distributionanalysis/Big5DistributionAnalysis.smali	0
/tmp/w3a/smali/org/mozilla/universalchardet/prober/distributionanalysis/CharDistributionAnalysis.smali	0
/tmp/w3a/smali/org/mozilla/universalchardet/prober/distributionanalysis/EUCJPDistributionAnalysis.smali	0
/tmp/w3a/smali/org/mozilla/universalchardet/prober/distributionanalysis/EUCKRDistributionAnalysis.smali	0
/tmp/w3a/smali/org/mozilla/universalchardet/prober/distributionanalysis/EUCTWDistributionAnalysis.smali	0
/tmp/w3a/smali/org/mozilla/universalchardet/prober/distributionanalysis/GB2312DistributionAnalysis.smali	0
/tmp/w3a/smali/org/mozilla/universalchardet/prober/distributionanalysis/JISDistributionAnalysis.smali	0
/tmp/w3a/smali/org/mozilla/universalchardet/prober/distributionanalysis/SJISDistributionAnalysis.smali	0
/tmp/w3a/smali/org/mozilla/universalchardet/prober/sequence/BulgarianModel.smali	0
/tmp/w3a/smali/org/mozilla/universalchardet/prober/sequence/CyrillicModel.smali	0
/tmp/w3a/smali/org/mozilla/universalchardet/prober/sequence/GreekModel.smali	0
/tmp/w3a/smali/org/mozilla/universalchardet/prober/sequence/HebrewModel.smali	0
/tmp/w3a/smali/org/mozilla/universalchardet/prober/sequence/Ibm855Model.smali	0
/tmp/w3a/smali/org/mozilla/universalchardet/prober/sequence/Ibm866Model.smali	0
/tmp/w3a/smali/org/mozilla/universalchardet/prober/sequence/Koi8rModel.smali	0
/tmp/w3a/smali/org/mozilla/universalchardet/prober/sequence/Latin5BulgarianModel.smali	0
/tmp/w3a/smali/org/mozilla/universalchardet/prober/sequence/Latin5Model.smali	0
/tmp/w3a/smali/org/mozilla/universalchardet/prober/sequence/Latin7Model.smali	0
/tmp/w3a/smali/org/mozilla/universalchardet/prober/sequence/MacCyrillicModel.smali	0
/tmp/w3a/smali/org/mozilla/universalchardet/prober/sequence/SequenceModel.smali	0
/tmp/w3a/smali/org/mozilla/universalchardet/prober/sequence/ThaiModel.smali	0
/tmp/w3a/smali/org/mozilla/universalchardet/prober/sequence/Win1251BulgarianModel.smali	0
/tmp/w3a/smali/org/mozilla/universalchardet/prober/sequence/Win1251Model.smali	0
/tmp/w3a/smali/org/mozilla/universalchardet/prober/sequence/Win1253Model.smali	0
/tmp/w3a/smali/org/mozilla/universalchardet/prober/statemachine/Big5SMModel.smali	0
/tmp/w3a/smali/org/mozilla/universalchardet/prober/statemachine/CodingStateMachine.smali	0
/tmp/w3a/smali/org/mozilla/universalchardet/prober/statemachine/EUCJPSMModel.smali	0
/tmp/w3a/smali/org/mozilla/universalchardet/prober/statemachine/EUCKRSMModel.smali	0
/tmp/w3a/smali/org/mozilla/universalchardet/prober/statemachine/EUCTWSMModel.smali	0
/tmp/w3a/smali/org/mozilla/universalchardet/prober/statemachine/GB18030SMModel.smali	0
/tmp/w3a/smali/org/mozilla/universalchardet/prober/statemachine/HZSMModel.smali	0
/tmp/w3a/smali/org/mozilla/universalchardet/prober/statemachine/ISO2022CNSMModel.smali	0
/tmp/w3a/smali/org/mozilla/universalchardet/prober/statemachine/ISO2022JPSMModel.smali	0
/tmp/w3a/smali/org/mozilla/universalchardet/prober/statemachine/ISO2022KRSMModel.smali	0
/tmp/w3a/smali/org/mozilla/universalchardet/prober/statemachine/PkgInt.smali	0
/tmp/w3a/smali/org/mozilla/universalchardet/prober/statemachine/SJISSMModel.smali	0
/tmp/w3a/smali/org/mozilla/universalchardet/prober/statemachine/SMModel.smali	0
/tmp/w3a/smali/org/mozilla/universalchardet/prober/statemachine/UCS2BESMModel.smali	0
/tmp/w3a/smali/org/mozilla/universalchardet/prober/statemachine/UTF8SMModel.smali	0
/tmp/w3a/smali/team/rainfall/finality/FinalityLogger.smali	0
/tmp/w3a/smali/team/rainfall/fontFix/EncodingDetector.smali	0
/tmp/w3a/smali/team/rainfall/fontFix/FontData.smali	0
/tmp/w3a/smali/team/rainfall/fontFix/FontFix$$ExternalSyntheticLambda0.smali	0
/tmp/w3a/smali/team/rainfall/fontFix/FontFix.smali	0
/tmp/w3a/smali/team/rainfall/fontFix/MixinAA_Game$1.smali	0
/tmp/w3a/smali/team/rainfall/fontFix/MixinFileHandle.smali	0
/tmp/w3a/smali/team/rainfall/fontFix/MixinGeneralManager.smali	0
/tmp/w3a/smali/team/rainfall/fontFix/MixinRenderer.smali	0
/tmp/w3a/smali/team/rainfall/fontFix/MixinRulersManager.smali	0
/tmp/w3a/smali/team/rainfall/fontFix/MixinSoundsManager.smali	0
/tmp/w3a/smali/team/rainfall/fontFix/PolarisConfigData.smali	0
/tmp/w3a/smali/team/rainfall/fontFix/TextSpliter.smali	0
/tmp/w3a/smali/team/rainfall/rfEvent/Counter.smali	0
/tmp/w3a/smali/team/rainfall/rfEvent/CounterBuilder.smali	0
/tmp/w3a/smali/team/rainfall/rfEvent/ExpressionProcessor$$ExternalSyntheticBackport0.smali	0
/tmp/w3a/smali/team/rainfall/rfEvent/ExpressionProcessor.smali	0
/tmp/w3a/smali/team/rainfall/rfEvent/rfEvent.smali	0
